order_id,product_id,quantity,unit_cost,unit_price
1,3,2,2.36,4.4
1,1,2,1.88,8.3
1,18,1,2.6,3.6
2,27,3,3.12,11.74
2,12,1,1.65,6.2
2,22,1,2.45,11.98
2,16,1,3.74,10.59
3,21,2,3.99,6.86
4,2,1,4.04,4.44
4,10,2,4.42,10.8
5,13,2,3.81,9.15
5,12,3,1.65,6.2
6,27,2,3.12,11.74
7,7,2,1.32,5.64
7,15,1,1.65,6.42
7,28,2,3.72,4.03
8,2,2,4.04,4.44
8,9,1,3.65,9.96
8,4,2,1.41,6.42
9,2,2,4.04,4.44
10,27,3,3.12,11.74
11,25,1,4.17,6.8
11,26,3,2.54,8.36
11,1,2,1.88,8.3
12,4,3,1.41,6.42
12,28,1,3.72,4.03
13,1,1,1.88,8.3
13,9,1,3.65,9.96
13,5,3,4.39,8.43
14,15,2,1.65,6.42
14,17,3,1.92,3.29
14,4,2,1.41,6.42
14,17,1,1.92,3.29
15,21,1,3.99,6.86
15,2,2,4.04,4.44
15,28,2,3.72,4.03
15,14,3,3.44,4.54
16,11,3,2.11,8.72
17,13,3,3.81,9.15
17,17,2,1.92,3.29
17,15,3,1.65,6.42
18,14,2,3.44,4.54
18,29,1,4.07,6.06
19,24,1,4.44,4.38
19,11,2,2.11,8.72
19,11,3,2.11,8.72
19,9,2,3.65,9.96
20,27,1,3.12,11.74
21,18,1,2.6,3.6
21,19,3,1.85,7.49
22,28,3,3.72,4.03
22,25,2,4.17,6.8
22,28,3,3.72,4.03
23,12,1,1.65,6.2
23,19,3,1.85,7.49
23,7,1,1.32,5.64
24,4,2,1.41,6.42
24,19,1,1.85,7.49
24,26,2,2.54,8.36
25,9,3,3.65,9.96
25,25,2,4.17,6.8
26,19,3,1.85,7.49
26,13,1,3.81,9.15
27,13,2,3.81,9.15
27,15,2,1.65,6.42
28,29,1,4.07,6.06
29,9,2,3.65,9.96
30,9,1,3.65,9.96
30,25,3,4.17,6.8
30,4,2,1.41,6.42
30,14,1,3.44,4.54
31,2,1,4.04,4.44
31,13,3,3.81,9.15
31,2,1,4.04,4.44
32,10,2,4.42,10.8
32,4,1,1.41,6.42
32,16,3,3.74,10.59
33,17,3,1.92,3.29
33,27,3,3.12,11.74
34,1,2,1.88,8.3
34,30,1,2.74,7.08
34,28,2,3.72,4.03
34,19,2,1.85,7.49
35,13,1,3.81,9.15
36,3,2,2.36,4.4
36,28,1,3.72,4.03
36,8,2,3.31,9.34
37,24,2,4.44,4.38
37,8,2,3.31,9.34
37,25,1,4.17,6.8
38,29,2,4.07,6.06
38,12,3,1.65,6.2
39,7,1,1.32,5.64
39,20,1,1.57,4.26
39,25,3,4.17,6.8
40,22,3,2.45,11.98
40,21,3,3.99,6.86
40,20,2,1.57,4.26
40,28,3,3.72,4.03
41,15,3,1.65,6.42
41,10,2,4.42,10.8
41,19,1,1.85,7.49
41,12,3,1.65,6.2
42,2,2,4.04,4.44
43,15,3,1.65,6.42
43,18,3,2.6,3.6
43,29,1,4.07,6.06
43,15,3,1.65,6.42
44,2,2,4.04,4.44
44,4,2,1.41,6.42
45,23,2,3.04,3.82
45,15,3,1.65,6.42
46,30,2,2.74,7.08
46,13,2,3.81,9.15
46,25,2,4.17,6.8
47,4,3,1.41,6.42
47,22,2,2.45,11.98
47,10,2,4.42,10.8
48,30,2,2.74,7.08
48,10,3,4.42,10.8
49,18,2,2.6,3.6
49,21,2,3.99,6.86
49,27,1,3.12,11.74
50,1,2,1.88,8.3
50,10,1,4.42,10.8
50,7,2,1.32,5.64
51,3,2,2.36,4.4
51,28,1,3.72,4.03
52,22,2,2.45,11.98
53,6,3,3.92,7.83
53,25,3,4.17,6.8
54,12,3,1.65,6.2
54,24,1,4.44,4.38
54,15,3,1.65,6.42
54,10,3,4.42,10.8
55,26,2,2.54,8.36
55,29,1,4.07,6.06
55,12,3,1.65,6.2
56,6,1,3.92,7.83
56,26,3,2.54,8.36
56,5,2,4.39,8.43
56,2,3,4.04,4.44
57,23,3,3.04,3.82
58,15,3,1.65,6.42
58,5,2,4.39,8.43
58,3,1,2.36,4.4
59,2,2,4.04,4.44
59,17,2,1.92,3.29
59,8,2,3.31,9.34
59,3,2,2.36,4.4
60,26,1,2.54,8.36
60,5,1,4.39,8.43
60,10,2,4.42,10.8
61,29,1,4.07,6.06
62,4,2,1.41,6.42
62,8,2,3.31,9.34
62,4,1,1.41,6.42
62,8,2,3.31,9.34
63,21,3,3.99,6.86
64,1,3,1.88,8.3
64,12,1,1.65,6.2
64,19,2,1.85,7.49
64,6,3,3.92,7.83
65,13,2,3.81,9.15
66,24,1,4.44,4.38
66,12,1,1.65,6.2
66,12,1,1.65,6.2
67,2,2,4.04,4.44
67,18,2,2.6,3.6
68,26,1,2.54,8.36
68,3,3,2.36,4.4
69,26,1,2.54,8.36
70,27,3,3.12,11.74
70,16,2,3.74,10.59
70,2,3,4.04,4.44
70,7,2,1.32,5.64
71,4,2,1.41,6.42
71,14,2,3.44,4.54
71,24,2,4.44,4.38
72,12,3,1.65,6.2
72,9,1,3.65,9.96
72,24,2,4.44,4.38
72,3,2,2.36,4.4
73,3,2,2.36,4.4
74,6,3,3.92,7.83
74,15,2,1.65,6.42
74,15,1,1.65,6.42
74,24,2,4.44,4.38
75,12,3,1.65,6.2
75,26,3,2.54,8.36
75,22,1,2.45,11.98
75,1,1,1.88,8.3
76,25,3,4.17,6.8
76,12,2,1.65,6.2
77,22,2,2.45,11.98
77,12,2,1.65,6.2
78,17,2,1.92,3.29
78,13,2,3.81,9.15
79,16,3,3.74,10.59
79,13,3,3.81,9.15
80,20,2,1.57,4.26
80,23,2,3.04,3.82
81,6,3,3.92,7.83
81,15,1,1.65,6.42
81,26,3,2.54,8.36
81,28,2,3.72,4.03
82,29,2,4.07,6.06
82,28,1,3.72,4.03
82,23,3,3.04,3.82
83,4,1,1.41,6.42
83,26,1,2.54,8.36
84,18,3,2.6,3.6
84,12,2,1.65,6.2
84,26,3,2.54,8.36
85,13,3,3.81,9.15
85,24,2,4.44,4.38
85,17,2,1.92,3.29
86,11,3,2.11,8.72
86,3,2,2.36,4.4
87,29,3,4.07,6.06
87,21,3,3.99,6.86
88,27,1,3.12,11.74
89,11,3,2.11,8.72
89,8,2,3.31,9.34
90,7,3,1.32,5.64
90,18,2,2.6,3.6
90,5,3,4.39,8.43
91,19,3,1.85,7.49
91,5,1,4.39,8.43
92,3,1,2.36,4.4
93,20,3,1.57,4.26
93,1,2,1.88,8.3
93,29,3,4.07,6.06
93,18,2,2.6,3.6
94,15,1,1.65,6.42
94,23,1,3.04,3.82
94,6,2,3.92,7.83
95,20,1,1.57,4.26
95,11,3,2.11,8.72
95,11,3,2.11,8.72
96,17,3,1.92,3.29
96,4,2,1.41,6.42
96,8,2,3.31,9.34
97,4,1,1.41,6.42
97,10,2,4.42,10.8
98,7,1,1.32,5.64
98,16,3,3.74,10.59
98,15,2,1.65,6.42
99,17,2,1.92,3.29
99,8,1,3.31,9.34
99,19,2,1.85,7.49
99,2,1,4.04,4.44
100,18,1,2.6,3.6
100,28,1,3.72,4.03
100,14,1,3.44,4.54
101,2,2,4.04,4.44
101,2,3,4.04,4.44
101,18,1,2.6,3.6
102,17,2,1.92,3.29
102,25,3,4.17,6.8
102,9,3,3.65,9.96
102,22,3,2.45,11.98
103,26,2,2.54,8.36
103,18,2,2.6,3.6
103,25,1,4.17,6.8
104,2,1,4.04,4.44
105,5,3,4.39,8.43
105,29,3,4.07,6.06
105,5,2,4.39,8.43
105,30,3,2.74,7.08
106,19,2,1.85,7.49
106,17,3,1.92,3.29
106,18,2,2.6,3.6
107,22,1,2.45,11.98
107,14,3,3.44,4.54
107,10,3,4.42,10.8
108,24,1,4.44,4.38
108,19,2,1.85,7.49
109,27,3,3.12,11.74
109,8,1,3.31,9.34
110,14,1,3.44,4.54
110,14,3,3.44,4.54
110,7,2,1.32,5.64
111,23,1,3.04,3.82
112,17,2,1.92,3.29
112,11,1,2.11,8.72
112,15,3,1.65,6.42
112,11,3,2.11,8.72
113,7,1,1.32,5.64
113,9,3,3.65,9.96
113,10,1,4.42,10.8
113,10,2,4.42,10.8
114,12,3,1.65,6.2
114,30,3,2.74,7.08
114,9,2,3.65,9.96
114,4,3,1.41,6.42
115,10,1,4.42,10.8
115,10,3,4.42,10.8
116,7,1,1.32,5.64
116,27,3,3.12,11.74
116,9,3,3.65,9.96
116,23,2,3.04,3.82
117,8,1,3.31,9.34
117,22,3,2.45,11.98
118,14,2,3.44,4.54
119,14,3,3.44,4.54
119,30,2,2.74,7.08
120,10,3,4.42,10.8
120,2,1,4.04,4.44
120,21,3,3.99,6.86
121,29,1,4.07,6.06
121,30,1,2.74,7.08
121,27,2,3.12,11.74
121,26,2,2.54,8.36
122,10,3,4.42,10.8
123,21,3,3.99,6.86
123,17,2,1.92,3.29
123,29,1,4.07,6.06
123,28,3,3.72,4.03
124,6,3,3.92,7.83
124,15,3,1.65,6.42
124,9,3,3.65,9.96
125,6,3,3.92,7.83
125,28,3,3.72,4.03
126,3,2,2.36,4.4
126,22,1,2.45,11.98
126,6,1,3.92,7.83
127,13,1,3.81,9.15
127,15,2,1.65,6.42
127,11,2,2.11,8.72
128,22,1,2.45,11.98
129,23,1,3.04,3.82
129,21,2,3.99,6.86
129,12,3,1.65,6.2
130,15,3,1.65,6.42
130,20,2,1.57,4.26
131,25,1,4.17,6.8
131,22,3,2.45,11.98
132,3,3,2.36,4.4
132,4,1,1.41,6.42
132,27,3,3.12,11.74
133,6,2,3.92,7.83
133,28,3,3.72,4.03
134,3,3,2.36,4.4
134,15,1,1.65,6.42
134,15,1,1.65,6.42
134,17,2,1.92,3.29
135,22,2,2.45,11.98
135,24,1,4.44,4.38
135,13,2,3.81,9.15
135,27,1,3.12,11.74
136,12,3,1.65,6.2
136,3,3,2.36,4.4
136,2,1,4.04,4.44
136,30,2,2.74,7.08
137,25,3,4.17,6.8
137,24,3,4.44,4.38
138,13,1,3.81,9.15
138,22,3,2.45,11.98
138,28,3,3.72,4.03
138,5,3,4.39,8.43
139,17,1,1.92,3.29
139,24,1,4.44,4.38
139,27,1,3.12,11.74
139,25,1,4.17,6.8
140,27,1,3.12,11.74
140,8,2,3.31,9.34
140,12,1,1.65,6.2
140,9,1,3.65,9.96
141,8,1,3.31,9.34
142,20,3,1.57,4.26
142,23,1,3.04,3.82
142,8,3,3.31,9.34
142,2,2,4.04,4.44
143,5,3,4.39,8.43
144,8,2,3.31,9.34
144,29,1,4.07,6.06
144,22,3,2.45,11.98
145,18,3,2.6,3.6
146,2,2,4.04,4.44
146,21,3,3.99,6.86
146,13,3,3.81,9.15
146,11,3,2.11,8.72
147,6,3,3.92,7.83
147,16,1,3.74,10.59
147,28,1,3.72,4.03
147,10,3,4.42,10.8
148,14,3,3.44,4.54
148,17,1,1.92,3.29
148,13,1,3.81,9.15
148,9,1,3.65,9.96
149,3,3,2.36,4.4
149,24,1,4.44,4.38
149,2,2,4.04,4.44
150,28,1,3.72,4.03
151,16,1,3.74,10.59
151,28,2,3.72,4.03
152,24,1,4.44,4.38
152,24,2,4.44,4.38
153,30,1,2.74,7.08
153,18,2,2.6,3.6
153,25,2,4.17,6.8
153,13,2,3.81,9.15
154,15,1,1.65,6.42
154,26,3,2.54,8.36
154,16,2,3.74,10.59
154,30,1,2.74,7.08
155,24,1,4.44,4.38
155,1,2,1.88,8.3
156,8,2,3.31,9.34
156,19,1,1.85,7.49
156,16,3,3.74,10.59
157,6,3,3.92,7.83
157,26,2,2.54,8.36
157,6,1,3.92,7.83
157,24,3,4.44,4.38
158,27,1,3.12,11.74
159,27,3,3.12,11.74
159,8,1,3.31,9.34
160,12,1,1.65,6.2
160,20,3,1.57,4.26
160,22,3,2.45,11.98
160,30,2,2.74,7.08
161,1,1,1.88,8.3
161,17,3,1.92,3.29
161,9,3,3.65,9.96
161,10,1,4.42,10.8
162,30,1,2.74,7.08
163,27,2,3.12,11.74
163,9,2,3.65,9.96
163,3,2,2.36,4.4
164,10,3,4.42,10.8
164,27,1,3.12,11.74
165,18,2,2.6,3.6
165,2,3,4.04,4.44
165,1,3,1.88,8.3
165,6,1,3.92,7.83
166,29,3,4.07,6.06
167,9,1,3.65,9.96
167,30,1,2.74,7.08
167,22,2,2.45,11.98
167,29,3,4.07,6.06
168,19,1,1.85,7.49
168,25,3,4.17,6.8
169,19,1,1.85,7.49
169,19,2,1.85,7.49
170,2,1,4.04,4.44
170,14,1,3.44,4.54
170,27,1,3.12,11.74
171,25,2,4.17,6.8
171,1,3,1.88,8.3
171,9,2,3.65,9.96
171,16,1,3.74,10.59
172,22,3,2.45,11.98
172,22,2,2.45,11.98
173,23,1,3.04,3.82
173,3,2,2.36,4.4
174,12,1,1.65,6.2
174,3,1,2.36,4.4
174,10,2,4.42,10.8
175,3,1,2.36,4.4
175,14,2,3.44,4.54
176,12,3,1.65,6.2
177,1,2,1.88,8.3
177,14,2,3.44,4.54
177,25,1,4.17,6.8
177,24,3,4.44,4.38
178,6,1,3.92,7.83
178,9,2,3.65,9.96
178,9,2,3.65,9.96
178,5,1,4.39,8.43
179,16,1,3.74,10.59
179,12,2,1.65,6.2
179,8,3,3.31,9.34
180,4,1,1.41,6.42
180,10,1,4.42,10.8
180,13,2,3.81,9.15
180,27,3,3.12,11.74
181,14,3,3.44,4.54
181,20,1,1.57,4.26
181,10,2,4.42,10.8
182,11,2,2.11,8.72
182,24,3,4.44,4.38
182,21,2,3.99,6.86
182,19,1,1.85,7.49
183,4,3,1.41,6.42
183,7,3,1.32,5.64
183,18,1,2.6,3.6
184,26,2,2.54,8.36
184,27,3,3.12,11.74
184,3,2,2.36,4.4
184,22,2,2.45,11.98
185,22,1,2.45,11.98
185,23,2,3.04,3.82
185,26,2,2.54,8.36
186,18,3,2.6,3.6
186,30,3,2.74,7.08
186,14,3,3.44,4.54
186,2,2,4.04,4.44
187,21,3,3.99,6.86
187,2,3,4.04,4.44
188,1,1,1.88,8.3
189,15,2,1.65,6.42
189,13,2,3.81,9.15
190,4,2,1.41,6.42
190,14,1,3.44,4.54
190,4,3,1.41,6.42
190,5,2,4.39,8.43
191,12,2,1.65,6.2
191,4,2,1.41,6.42
191,24,3,4.44,4.38
191,15,2,1.65,6.42
192,28,2,3.72,4.03
193,18,1,2.6,3.6
193,11,3,2.11,8.72
194,21,1,3.99,6.86
194,6,3,3.92,7.83
194,22,2,2.45,11.98
194,13,1,3.81,9.15
195,1,3,1.88,8.3
195,7,1,1.32,5.64
195,9,3,3.65,9.96
195,26,1,2.54,8.36
196,11,1,2.11,8.72
196,15,1,1.65,6.42
196,9,3,3.65,9.96
197,20,2,1.57,4.26
197,19,1,1.85,7.49
197,12,2,1.65,6.2
197,28,2,3.72,4.03
198,22,1,2.45,11.98
199,6,2,3.92,7.83
200,19,2,1.85,7.49
200,14,1,3.44,4.54
201,16,2,3.74,10.59
201,5,1,4.39,8.43
202,28,2,3.72,4.03
203,18,3,2.6,3.6
203,21,2,3.99,6.86
203,14,3,3.44,4.54
203,16,2,3.74,10.59
204,26,1,2.54,8.36
205,6,2,3.92,7.83
205,19,3,1.85,7.49
205,25,2,4.17,6.8
206,25,3,4.17,6.8
206,27,2,3.12,11.74
206,18,1,2.6,3.6
207,24,3,4.44,4.38
208,12,1,1.65,6.2
208,15,1,1.65,6.42
208,25,1,4.17,6.8
209,6,3,3.92,7.83
209,5,1,4.39,8.43
209,27,1,3.12,11.74
209,26,1,2.54,8.36
210,11,3,2.11,8.72
210,10,2,4.42,10.8
211,25,2,4.17,6.8
211,30,1,2.74,7.08
212,5,3,4.39,8.43
212,11,1,2.11,8.72
213,21,2,3.99,6.86
213,13,2,3.81,9.15
213,3,3,2.36,4.4
214,15,2,1.65,6.42
214,11,3,2.11,8.72
214,1,3,1.88,8.3
215,26,3,2.54,8.36
216,9,2,3.65,9.96
216,27,2,3.12,11.74
216,11,3,2.11,8.72
216,19,1,1.85,7.49
217,4,3,1.41,6.42
218,15,1,1.65,6.42
218,14,1,3.44,4.54
218,23,1,3.04,3.82
218,29,3,4.07,6.06
219,9,1,3.65,9.96
219,12,3,1.65,6.2
219,29,3,4.07,6.06
220,14,3,3.44,4.54
220,3,3,2.36,4.4
221,5,3,4.39,8.43
222,23,2,3.04,3.82
223,3,1,2.36,4.4
223,13,1,3.81,9.15
223,24,1,4.44,4.38
223,4,2,1.41,6.42
224,25,1,4.17,6.8
224,21,3,3.99,6.86
224,5,1,4.39,8.43
224,17,3,1.92,3.29
225,24,1,4.44,4.38
225,21,3,3.99,6.86
225,5,2,4.39,8.43
226,5,1,4.39,8.43
227,8,2,3.31,9.34
227,21,1,3.99,6.86
228,25,3,4.17,6.8
228,1,3,1.88,8.3
228,29,2,4.07,6.06
229,24,2,4.44,4.38
229,10,3,4.42,10.8
230,4,1,1.41,6.42
230,16,3,3.74,10.59
230,20,1,1.57,4.26
230,17,1,1.92,3.29
231,28,3,3.72,4.03
231,14,2,3.44,4.54
231,18,3,2.6,3.6
231,6,2,3.92,7.83
232,9,1,3.65,9.96
233,21,3,3.99,6.86
233,17,2,1.92,3.29
233,14,3,3.44,4.54
234,9,1,3.65,9.96
234,10,1,4.42,10.8
235,13,3,3.81,9.15
235,21,3,3.99,6.86
235,22,3,2.45,11.98
236,8,1,3.31,9.34
237,10,3,4.42,10.8
238,6,2,3.92,7.83
239,12,1,1.65,6.2
239,24,2,4.44,4.38
240,9,3,3.65,9.96
240,3,2,2.36,4.4
240,23,3,3.04,3.82
240,21,1,3.99,6.86
241,16,3,3.74,10.59
242,29,3,4.07,6.06
243,28,1,3.72,4.03
244,30,1,2.74,7.08
244,6,1,3.92,7.83
244,18,3,2.6,3.6
244,24,3,4.44,4.38
245,30,3,2.74,7.08
245,11,2,2.11,8.72
245,27,1,3.12,11.74
245,19,2,1.85,7.49
246,26,3,2.54,8.36
246,2,2,4.04,4.44
247,11,1,2.11,8.72
247,18,2,2.6,3.6
247,1,2,1.88,8.3
248,15,2,1.65,6.42
248,19,2,1.85,7.49
249,1,2,1.88,8.3
249,1,1,1.88,8.3
250,25,3,4.17,6.8
251,17,1,1.92,3.29
251,14,2,3.44,4.54
252,2,1,4.04,4.44
253,19,1,1.85,7.49
254,14,3,3.44,4.54
255,30,2,2.74,7.08
255,23,3,3.04,3.82
255,11,2,2.11,8.72
256,5,3,4.39,8.43
256,4,1,1.41,6.42
257,14,1,3.44,4.54
257,18,2,2.6,3.6
257,25,1,4.17,6.8
258,3,1,2.36,4.4
259,27,2,3.12,11.74
259,5,1,4.39,8.43
260,22,2,2.45,11.98
261,28,2,3.72,4.03
261,18,3,2.6,3.6
261,18,1,2.6,3.6
261,4,2,1.41,6.42
262,2,1,4.04,4.44
263,19,3,1.85,7.49
264,7,3,1.32,5.64
265,4,1,1.41,6.42
265,15,1,1.65,6.42
265,6,3,3.92,7.83
266,13,3,3.81,9.15
267,9,2,3.65,9.96
267,15,1,1.65,6.42
268,21,2,3.99,6.86
268,16,2,3.74,10.59
269,5,2,4.39,8.43
269,7,3,1.32,5.64
269,29,3,4.07,6.06
269,8,3,3.31,9.34
270,12,3,1.65,6.2
270,17,2,1.92,3.29
270,13,2,3.81,9.15
270,6,1,3.92,7.83
271,2,2,4.04,4.44
271,17,2,1.92,3.29
271,25,3,4.17,6.8
272,22,1,2.45,11.98
272,9,3,3.65,9.96
273,12,1,1.65,6.2
273,6,1,3.92,7.83
273,19,2,1.85,7.49
273,26,3,2.54,8.36
274,19,3,1.85,7.49
274,5,3,4.39,8.43
274,7,2,1.32,5.64
275,2,1,4.04,4.44
276,11,3,2.11,8.72
277,30,2,2.74,7.08
277,2,1,4.04,4.44
278,3,2,2.36,4.4
278,23,3,3.04,3.82
278,13,3,3.81,9.15
279,6,3,3.92,7.83
279,14,3,3.44,4.54
280,8,3,3.31,9.34
280,19,1,1.85,7.49
280,13,2,3.81,9.15
281,28,3,3.72,4.03
281,2,1,4.04,4.44
281,20,2,1.57,4.26
281,30,3,2.74,7.08
282,5,2,4.39,8.43
282,24,1,4.44,4.38
282,8,2,3.31,9.34
282,11,1,2.11,8.72
283,9,1,3.65,9.96
284,26,1,2.54,8.36
284,24,1,4.44,4.38
284,2,2,4.04,4.44
285,16,2,3.74,10.59
285,12,3,1.65,6.2
285,13,1,3.81,9.15
285,27,2,3.12,11.74
286,10,1,4.42,10.8
287,6,2,3.92,7.83
287,6,3,3.92,7.83
287,3,3,2.36,4.4
288,23,1,3.04,3.82
288,14,3,3.44,4.54
288,6,3,3.92,7.83
288,29,2,4.07,6.06
289,7,2,1.32,5.64
289,23,3,3.04,3.82
290,4,1,1.41,6.42
290,13,3,3.81,9.15
291,14,1,3.44,4.54
292,4,1,1.41,6.42
292,7,1,1.32,5.64
293,26,2,2.54,8.36
293,16,2,3.74,10.59
293,29,3,4.07,6.06
294,12,2,1.65,6.2
294,12,1,1.65,6.2
295,9,1,3.65,9.96
295,27,2,3.12,11.74
295,19,1,1.85,7.49
295,5,3,4.39,8.43
296,25,3,4.17,6.8
296,8,3,3.31,9.34
296,2,2,4.04,4.44
296,27,3,3.12,11.74
297,16,2,3.74,10.59
297,3,2,2.36,4.4
298,4,2,1.41,6.42
298,6,1,3.92,7.83
299,14,1,3.44,4.54
300,11,3,2.11,8.72
300,30,1,2.74,7.08
300,3,2,2.36,4.4
301,30,1,2.74,7.08
301,26,3,2.54,8.36
301,20,3,1.57,4.26
301,17,2,1.92,3.29
302,30,1,2.74,7.08
303,29,2,4.07,6.06
303,9,2,3.65,9.96
303,21,2,3.99,6.86
304,5,3,4.39,8.43
304,20,3,1.57,4.26
304,23,2,3.04,3.82
304,2,2,4.04,4.44
305,30,2,2.74,7.08
305,29,2,4.07,6.06
305,1,2,1.88,8.3
305,27,2,3.12,11.74
306,5,2,4.39,8.43
306,24,2,4.44,4.38
307,7,2,1.32,5.64
308,27,1,3.12,11.74
308,17,1,1.92,3.29
308,3,2,2.36,4.4
309,6,1,3.92,7.83
310,15,1,1.65,6.42
311,27,2,3.12,11.74
311,17,2,1.92,3.29
311,21,1,3.99,6.86
312,6,2,3.92,7.83
312,19,3,1.85,7.49
312,12,2,1.65,6.2
312,6,2,3.92,7.83
313,6,3,3.92,7.83
314,9,3,3.65,9.96
314,14,3,3.44,4.54
315,21,1,3.99,6.86
315,20,1,1.57,4.26
316,14,2,3.44,4.54
316,28,2,3.72,4.03
316,15,2,1.65,6.42
317,19,1,1.85,7.49
317,1,3,1.88,8.3
317,22,2,2.45,11.98
317,18,3,2.6,3.6
318,11,2,2.11,8.72
319,7,1,1.32,5.64
319,17,1,1.92,3.29
319,29,1,4.07,6.06
320,21,2,3.99,6.86
321,24,1,4.44,4.38
321,19,3,1.85,7.49
321,19,1,1.85,7.49
321,11,3,2.11,8.72
322,17,2,1.92,3.29
322,28,1,3.72,4.03
322,27,3,3.12,11.74
323,24,2,4.44,4.38
323,24,3,4.44,4.38
324,12,1,1.65,6.2
324,24,2,4.44,4.38
325,19,2,1.85,7.49
325,15,1,1.65,6.42
325,16,1,3.74,10.59
326,28,3,3.72,4.03
327,28,1,3.72,4.03
328,5,2,4.39,8.43
328,28,3,3.72,4.03
328,6,1,3.92,7.83
328,16,2,3.74,10.59
329,9,1,3.65,9.96
329,25,1,4.17,6.8
329,19,1,1.85,7.49
329,16,1,3.74,10.59
330,14,2,3.44,4.54
330,13,1,3.81,9.15
330,2,3,4.04,4.44
330,7,3,1.32,5.64
331,1,3,1.88,8.3
331,1,3,1.88,8.3
332,4,2,1.41,6.42
332,17,3,1.92,3.29
333,10,2,4.42,10.8
333,24,3,4.44,4.38
333,20,3,1.57,4.26
334,12,1,1.65,6.2
334,6,2,3.92,7.83
334,1,1,1.88,8.3
334,8,3,3.31,9.34
335,4,2,1.41,6.42
335,23,3,3.04,3.82
336,20,1,1.57,4.26
337,14,2,3.44,4.54
338,23,1,3.04,3.82
338,7,3,1.32,5.64
338,22,3,2.45,11.98
338,1,2,1.88,8.3
339,20,3,1.57,4.26
339,23,1,3.04,3.82
339,14,1,3.44,4.54
340,4,1,1.41,6.42
340,16,1,3.74,10.59
340,20,1,1.57,4.26
341,23,2,3.04,3.82
341,10,1,4.42,10.8
341,2,3,4.04,4.44
342,8,1,3.31,9.34
342,1,3,1.88,8.3
342,3,1,2.36,4.4
343,24,3,4.44,4.38
344,10,2,4.42,10.8
344,15,1,1.65,6.42
344,4,1,1.41,6.42
344,28,1,3.72,4.03
345,4,1,1.41,6.42
346,12,2,1.65,6.2
346,20,2,1.57,4.26
346,29,3,4.07,6.06
347,13,2,3.81,9.15
348,21,1,3.99,6.86
348,4,1,1.41,6.42
348,23,3,3.04,3.82
348,2,1,4.04,4.44
349,6,3,3.92,7.83
349,13,2,3.81,9.15
349,20,1,1.57,4.26
349,28,3,3.72,4.03
350,15,1,1.65,6.42
350,3,2,2.36,4.4
350,21,2,3.99,6.86
350,1,3,1.88,8.3
351,22,2,2.45,11.98
351,17,3,1.92,3.29
352,22,3,2.45,11.98
352,21,2,3.99,6.86
352,5,3,4.39,8.43
353,28,2,3.72,4.03
353,28,1,3.72,4.03
353,3,2,2.36,4.4
353,11,1,2.11,8.72
354,18,3,2.6,3.6
354,13,2,3.81,9.15
355,3,2,2.36,4.4
355,15,2,1.65,6.42
355,4,2,1.41,6.42
355,24,3,4.44,4.38
356,18,3,2.6,3.6
357,29,3,4.07,6.06
357,18,1,2.6,3.6
357,21,3,3.99,6.86
358,27,1,3.12,11.74
359,23,3,3.04,3.82
359,12,3,1.65,6.2
359,15,1,1.65,6.42
359,4,3,1.41,6.42
360,18,3,2.6,3.6
360,12,3,1.65,6.2
360,4,1,1.41,6.42
361,9,3,3.65,9.96
362,15,1,1.65,6.42
362,23,2,3.04,3.82
363,25,2,4.17,6.8
364,16,1,3.74,10.59
364,17,3,1.92,3.29
365,30,3,2.74,7.08
365,25,1,4.17,6.8
365,23,3,3.04,3.82
365,6,3,3.92,7.83
366,17,2,1.92,3.29
366,14,3,3.44,4.54
366,30,3,2.74,7.08
367,15,1,1.65,6.42
367,5,2,4.39,8.43
367,20,3,1.57,4.26
368,7,1,1.32,5.64
368,20,3,1.57,4.26
369,17,3,1.92,3.29
369,23,3,3.04,3.82
370,19,3,1.85,7.49
370,22,3,2.45,11.98
370,14,3,3.44,4.54
370,24,3,4.44,4.38
371,1,2,1.88,8.3
372,25,1,4.17,6.8
372,10,3,4.42,10.8
372,9,1,3.65,9.96
373,12,2,1.65,6.2
374,8,3,3.31,9.34
374,26,3,2.54,8.36
374,10,3,4.42,10.8
374,22,1,2.45,11.98
375,1,3,1.88,8.3
376,30,3,2.74,7.08
376,23,3,3.04,3.82
377,25,3,4.17,6.8
377,7,2,1.32,5.64
378,24,3,4.44,4.38
378,4,2,1.41,6.42
379,5,1,4.39,8.43
379,19,2,1.85,7.49
379,1,2,1.88,8.3
380,30,2,2.74,7.08
380,20,1,1.57,4.26
381,3,3,2.36,4.4
381,11,3,2.11,8.72
381,8,1,3.31,9.34
382,18,3,2.6,3.6
382,13,1,3.81,9.15
382,12,1,1.65,6.2
382,29,1,4.07,6.06
383,25,3,4.17,6.8
383,17,2,1.92,3.29
384,29,3,4.07,6.06
384,20,3,1.57,4.26
385,30,1,2.74,7.08
385,13,2,3.81,9.15
385,18,3,2.6,3.6
385,10,1,4.42,10.8
386,16,1,3.74,10.59
386,10,3,4.42,10.8
386,7,2,1.32,5.64
386,17,1,1.92,3.29
387,21,1,3.99,6.86
388,7,3,1.32,5.64
389,15,3,1.65,6.42
390,6,2,3.92,7.83
391,13,2,3.81,9.15
391,21,2,3.99,6.86
391,14,2,3.44,4.54
391,1,2,1.88,8.3
392,25,3,4.17,6.8
393,10,3,4.42,10.8
394,13,2,3.81,9.15
394,27,3,3.12,11.74
394,1,2,1.88,8.3
394,6,3,3.92,7.83
395,21,1,3.99,6.86
395,10,3,4.42,10.8
395,29,3,4.07,6.06
396,4,1,1.41,6.42
396,1,3,1.88,8.3
397,7,3,1.32,5.64
397,24,3,4.44,4.38
397,12,1,1.65,6.2
398,6,1,3.92,7.83
398,20,2,1.57,4.26
399,28,3,3.72,4.03
400,22,1,2.45,11.98
400,9,1,3.65,9.96
400,7,3,1.32,5.64
401,22,3,2.45,11.98
401,8,1,3.31,9.34
402,16,2,3.74,10.59
402,11,3,2.11,8.72
402,22,2,2.45,11.98
403,14,1,3.44,4.54
403,1,2,1.88,8.3
403,8,1,3.31,9.34
404,29,2,4.07,6.06
404,15,2,1.65,6.42
404,12,2,1.65,6.2
405,27,2,3.12,11.74
406,24,3,4.44,4.38
406,3,3,2.36,4.4
406,3,1,2.36,4.4
407,25,3,4.17,6.8
407,7,1,1.32,5.64
407,18,2,2.6,3.6
407,18,3,2.6,3.6
408,8,3,3.31,9.34
408,24,2,4.44,4.38
408,5,2,4.39,8.43
408,17,3,1.92,3.29
409,22,1,2.45,11.98
410,6,1,3.92,7.83
410,19,3,1.85,7.49
410,22,1,2.45,11.98
410,24,3,4.44,4.38
411,25,2,4.17,6.8
411,8,1,3.31,9.34
412,17,2,1.92,3.29
412,13,2,3.81,9.15
413,4,3,1.41,6.42
413,17,3,1.92,3.29
413,27,2,3.12,11.74
414,13,3,3.81,9.15
414,13,2,3.81,9.15
415,17,2,1.92,3.29
415,12,2,1.65,6.2
416,17,1,1.92,3.29
417,7,1,1.32,5.64
417,6,1,3.92,7.83
417,12,3,1.65,6.2
418,24,1,4.44,4.38
418,16,3,3.74,10.59
418,16,2,3.74,10.59
419,8,1,3.31,9.34
420,21,3,3.99,6.86
420,2,3,4.04,4.44
421,17,2,1.92,3.29
421,20,3,1.57,4.26
422,15,3,1.65,6.42
422,16,2,3.74,10.59
423,26,3,2.54,8.36
423,27,1,3.12,11.74
424,20,3,1.57,4.26
424,3,1,2.36,4.4
424,13,2,3.81,9.15
424,5,1,4.39,8.43
425,27,1,3.12,11.74
425,20,1,1.57,4.26
425,6,2,3.92,7.83
425,29,3,4.07,6.06
426,3,2,2.36,4.4
427,29,3,4.07,6.06
428,23,3,3.04,3.82
429,19,3,1.85,7.49
429,30,3,2.74,7.08
429,19,1,1.85,7.49
430,30,1,2.74,7.08
430,10,3,4.42,10.8
431,19,3,1.85,7.49
432,23,2,3.04,3.82
432,14,2,3.44,4.54
433,9,3,3.65,9.96
433,14,3,3.44,4.54
433,12,3,1.65,6.2
434,18,3,2.6,3.6
434,16,1,3.74,10.59
434,12,3,1.65,6.2
434,18,2,2.6,3.6
435,24,1,4.44,4.38
435,28,3,3.72,4.03
435,4,3,1.41,6.42
435,8,2,3.31,9.34
436,26,2,2.54,8.36
436,26,3,2.54,8.36
436,20,3,1.57,4.26
436,22,3,2.45,11.98
437,27,1,3.12,11.74
438,3,2,2.36,4.4
439,24,2,4.44,4.38
440,25,1,4.17,6.8
441,7,1,1.32,5.64
441,26,3,2.54,8.36
441,17,3,1.92,3.29
442,8,3,3.31,9.34
442,1,1,1.88,8.3
442,3,2,2.36,4.4
443,17,1,1.92,3.29
443,24,3,4.44,4.38
444,24,3,4.44,4.38
444,30,3,2.74,7.08
444,12,2,1.65,6.2
445,30,2,2.74,7.08
445,19,1,1.85,7.49
445,9,1,3.65,9.96
445,14,3,3.44,4.54
446,11,1,2.11,8.72
446,26,3,2.54,8.36
446,9,3,3.65,9.96
447,25,1,4.17,6.8
447,25,2,4.17,6.8
447,25,2,4.17,6.8
447,22,2,2.45,11.98
448,13,3,3.81,9.15
449,12,3,1.65,6.2
449,18,1,2.6,3.6
449,23,2,3.04,3.82
449,8,2,3.31,9.34
450,16,2,3.74,10.59
450,12,1,1.65,6.2
451,8,3,3.31,9.34
451,8,2,3.31,9.34
452,5,1,4.39,8.43
452,4,1,1.41,6.42
452,22,3,2.45,11.98
453,28,2,3.72,4.03
454,16,1,3.74,10.59
454,25,3,4.17,6.8
454,9,2,3.65,9.96
455,17,2,1.92,3.29
456,13,3,3.81,9.15
456,25,1,4.17,6.8
456,15,1,1.65,6.42
457,22,1,2.45,11.98
458,20,2,1.57,4.26
458,6,3,3.92,7.83
458,9,1,3.65,9.96
459,6,2,3.92,7.83
459,14,1,3.44,4.54
459,14,3,3.44,4.54
460,6,3,3.92,7.83
460,5,3,4.39,8.43
460,22,1,2.45,11.98
460,27,1,3.12,11.74
461,28,2,3.72,4.03
461,7,1,1.32,5.64
461,26,3,2.54,8.36
461,5,2,4.39,8.43
462,29,3,4.07,6.06
462,17,3,1.92,3.29
463,18,3,2.6,3.6
463,2,2,4.04,4.44
463,4,3,1.41,6.42
464,27,3,3.12,11.74
464,4,2,1.41,6.42
464,24,2,4.44,4.38
464,9,2,3.65,9.96
465,1,2,1.88,8.3
465,4,2,1.41,6.42
465,28,3,3.72,4.03
466,25,2,4.17,6.8
466,12,2,1.65,6.2
467,20,2,1.57,4.26
467,15,3,1.65,6.42
467,5,1,4.39,8.43
467,21,2,3.99,6.86
468,28,1,3.72,4.03
468,3,1,2.36,4.4
468,11,1,2.11,8.72
468,11,2,2.11,8.72
469,9,2,3.65,9.96
469,25,2,4.17,6.8
469,24,3,4.44,4.38
469,17,2,1.92,3.29
470,24,1,4.44,4.38
470,22,2,2.45,11.98
471,4,1,1.41,6.42
472,17,1,1.92,3.29
472,4,2,1.41,6.42
472,20,1,1.57,4.26
472,3,3,2.36,4.4
473,15,3,1.65,6.42
473,5,1,4.39,8.43
473,17,1,1.92,3.29
474,15,3,1.65,6.42
474,30,2,2.74,7.08
474,18,2,2.6,3.6
474,5,3,4.39,8.43
475,17,3,1.92,3.29
475,21,3,3.99,6.86
475,10,2,4.42,10.8
475,16,3,3.74,10.59
476,12,2,1.65,6.2
476,9,1,3.65,9.96
476,10,1,4.42,10.8
477,16,3,3.74,10.59
477,1,3,1.88,8.3
477,30,2,2.74,7.08
478,20,1,1.57,4.26
478,26,1,2.54,8.36
478,18,2,2.6,3.6
479,8,1,3.31,9.34
479,23,3,3.04,3.82
479,21,2,3.99,6.86
479,27,2,3.12,11.74
480,17,3,1.92,3.29
480,26,3,2.54,8.36
481,7,1,1.32,5.64
481,6,1,3.92,7.83
481,10,1,4.42,10.8
481,21,2,3.99,6.86
482,11,1,2.11,8.72
482,5,1,4.39,8.43
483,5,3,4.39,8.43
483,15,3,1.65,6.42
483,1,1,1.88,8.3
484,11,2,2.11,8.72
484,10,2,4.42,10.8
485,27,1,3.12,11.74
486,6,1,3.92,7.83
486,29,2,4.07,6.06
486,27,2,3.12,11.74
486,27,1,3.12,11.74
487,8,3,3.31,9.34
487,2,1,4.04,4.44
487,15,3,1.65,6.42
487,25,1,4.17,6.8
488,22,2,2.45,11.98
488,30,2,2.74,7.08
488,6,3,3.92,7.83
488,24,1,4.44,4.38
489,7,2,1.32,5.64
489,29,1,4.07,6.06
489,28,3,3.72,4.03
490,11,1,2.11,8.72
490,6,2,3.92,7.83
490,19,1,1.85,7.49
490,13,1,3.81,9.15
491,23,3,3.04,3.82
491,5,2,4.39,8.43
491,25,1,4.17,6.8
491,8,1,3.31,9.34
492,2,2,4.04,4.44
493,16,1,3.74,10.59
493,11,3,2.11,8.72
494,23,2,3.04,3.82
495,16,3,3.74,10.59
496,7,3,1.32,5.64
496,6,3,3.92,7.83
496,12,2,1.65,6.2
496,24,2,4.44,4.38
497,3,3,2.36,4.4
497,5,2,4.39,8.43
498,15,1,1.65,6.42
498,25,3,4.17,6.8
498,17,2,1.92,3.29
499,25,3,4.17,6.8
499,8,2,3.31,9.34
499,24,1,4.44,4.38
500,20,2,1.57,4.26
500,11,2,2.11,8.72
501,2,1,4.04,4.44
502,16,1,3.74,10.59
503,17,3,1.92,3.29
503,23,3,3.04,3.82
503,9,1,3.65,9.96
503,12,1,1.65,6.2
504,15,3,1.65,6.42
505,26,3,2.54,8.36
505,2,3,4.04,4.44
505,9,3,3.65,9.96
506,7,3,1.32,5.64
507,7,1,1.32,5.64
507,17,3,1.92,3.29
507,8,3,3.31,9.34
507,21,1,3.99,6.86
508,22,2,2.45,11.98
508,23,3,3.04,3.82
508,14,1,3.44,4.54
509,17,2,1.92,3.29
509,22,1,2.45,11.98
509,18,3,2.6,3.6
509,15,2,1.65,6.42
510,25,3,4.17,6.8
510,14,3,3.44,4.54
510,11,3,2.11,8.72
510,8,3,3.31,9.34
511,15,2,1.65,6.42
511,13,1,3.81,9.15
511,24,1,4.44,4.38
512,29,2,4.07,6.06
512,1,2,1.88,8.3
513,30,3,2.74,7.08
513,17,3,1.92,3.29
513,19,3,1.85,7.49
514,5,1,4.39,8.43
514,9,2,3.65,9.96
514,29,3,4.07,6.06
515,19,2,1.85,7.49
516,6,2,3.92,7.83
516,27,3,3.12,11.74
516,23,3,3.04,3.82
516,27,1,3.12,11.74
517,25,1,4.17,6.8
518,28,1,3.72,4.03
519,17,1,1.92,3.29
519,11,3,2.11,8.72
519,19,1,1.85,7.49
520,22,3,2.45,11.98
521,8,2,3.31,9.34
522,11,1,2.11,8.72
522,16,3,3.74,10.59
523,13,3,3.81,9.15
524,18,1,2.6,3.6
524,16,2,3.74,10.59
524,21,3,3.99,6.86
524,7,3,1.32,5.64
525,25,2,4.17,6.8
525,11,3,2.11,8.72
525,30,3,2.74,7.08
526,12,1,1.65,6.2
526,11,2,2.11,8.72
526,20,3,1.57,4.26
527,20,2,1.57,4.26
527,20,1,1.57,4.26
527,15,1,1.65,6.42
528,4,3,1.41,6.42
529,1,2,1.88,8.3
529,23,1,3.04,3.82
529,10,2,4.42,10.8
530,7,3,1.32,5.64
530,17,2,1.92,3.29
531,19,3,1.85,7.49
531,17,1,1.92,3.29
531,9,1,3.65,9.96
531,2,2,4.04,4.44
532,15,3,1.65,6.42
533,28,1,3.72,4.03
533,1,2,1.88,8.3
533,28,3,3.72,4.03
534,29,2,4.07,6.06
535,6,1,3.92,7.83
536,2,1,4.04,4.44
537,24,1,4.44,4.38
537,1,2,1.88,8.3
537,22,2,2.45,11.98
537,12,3,1.65,6.2
538,21,2,3.99,6.86
539,8,1,3.31,9.34
539,11,2,2.11,8.72
539,22,1,2.45,11.98
540,14,1,3.44,4.54
540,19,1,1.85,7.49
541,15,3,1.65,6.42
541,5,1,4.39,8.43
541,21,1,3.99,6.86
542,14,1,3.44,4.54
542,21,3,3.99,6.86
543,6,2,3.92,7.83
544,14,2,3.44,4.54
544,15,3,1.65,6.42
544,30,3,2.74,7.08
544,30,3,2.74,7.08
545,6,1,3.92,7.83
545,25,3,4.17,6.8
546,20,1,1.57,4.26
546,8,3,3.31,9.34
547,17,3,1.92,3.29
547,16,3,3.74,10.59
548,5,1,4.39,8.43
548,7,1,1.32,5.64
548,2,2,4.04,4.44
548,25,1,4.17,6.8
549,25,1,4.17,6.8
549,3,1,2.36,4.4
550,28,2,3.72,4.03
550,29,1,4.07,6.06
550,14,2,3.44,4.54
551,20,3,1.57,4.26
551,19,3,1.85,7.49
551,18,3,2.6,3.6
551,21,3,3.99,6.86
552,27,1,3.12,11.74
552,29,1,4.07,6.06
552,17,3,1.92,3.29
552,13,3,3.81,9.15
553,7,2,1.32,5.64
554,6,2,3.92,7.83
554,10,3,4.42,10.8
554,30,1,2.74,7.08
554,23,3,3.04,3.82
555,6,3,3.92,7.83
556,1,1,1.88,8.3
556,15,3,1.65,6.42
556,29,3,4.07,6.06
556,29,1,4.07,6.06
557,23,3,3.04,3.82
557,4,1,1.41,6.42
558,17,3,1.92,3.29
559,13,3,3.81,9.15
559,13,1,3.81,9.15
560,6,1,3.92,7.83
560,6,3,3.92,7.83
561,10,3,4.42,10.8
561,6,1,3.92,7.83
561,29,1,4.07,6.06
561,7,1,1.32,5.64
562,18,1,2.6,3.6
562,20,2,1.57,4.26
562,8,1,3.31,9.34
562,19,3,1.85,7.49
563,20,3,1.57,4.26
564,2,1,4.04,4.44
564,5,1,4.39,8.43
565,11,1,2.11,8.72
565,2,1,4.04,4.44
565,14,1,3.44,4.54
566,15,3,1.65,6.42
566,19,2,1.85,7.49
567,29,2,4.07,6.06
567,27,1,3.12,11.74
567,25,2,4.17,6.8
568,23,2,3.04,3.82
569,23,1,3.04,3.82
569,20,1,1.57,4.26
570,24,3,4.44,4.38
570,20,3,1.57,4.26
570,10,2,4.42,10.8
570,20,2,1.57,4.26
571,30,1,2.74,7.08
571,20,3,1.57,4.26
571,16,3,3.74,10.59
572,23,2,3.04,3.82
572,7,1,1.32,5.64
573,26,3,2.54,8.36
573,14,2,3.44,4.54
574,1,3,1.88,8.3
574,7,3,1.32,5.64
575,17,3,1.92,3.29
575,11,1,2.11,8.72
575,4,3,1.41,6.42
576,27,1,3.12,11.74
577,26,1,2.54,8.36
577,21,1,3.99,6.86
577,16,1,3.74,10.59
577,21,2,3.99,6.86
578,19,3,1.85,7.49
578,22,2,2.45,11.98
578,18,3,2.6,3.6
579,3,1,2.36,4.4
579,9,1,3.65,9.96
579,11,2,2.11,8.72
580,20,1,1.57,4.26
580,28,2,3.72,4.03
581,3,2,2.36,4.4
581,29,1,4.07,6.06
581,12,2,1.65,6.2
581,27,2,3.12,11.74
582,12,1,1.65,6.2
583,26,2,2.54,8.36
584,24,3,4.44,4.38
584,10,2,4.42,10.8
584,5,1,4.39,8.43
584,27,3,3.12,11.74
585,23,3,3.04,3.82
585,4,1,1.41,6.42
585,10,1,4.42,10.8
585,22,3,2.45,11.98
586,17,3,1.92,3.29
587,11,1,2.11,8.72
587,7,2,1.32,5.64
588,9,1,3.65,9.96
589,7,3,1.32,5.64
590,23,2,3.04,3.82
590,19,1,1.85,7.49
591,18,2,2.6,3.6
591,2,1,4.04,4.44
591,1,2,1.88,8.3
592,14,2,3.44,4.54
593,20,2,1.57,4.26
593,10,2,4.42,10.8
593,27,1,3.12,11.74
593,23,3,3.04,3.82
594,3,3,2.36,4.4
594,15,1,1.65,6.42
595,8,1,3.31,9.34
595,28,3,3.72,4.03
596,23,3,3.04,3.82
596,11,2,2.11,8.72
597,4,2,1.41,6.42
597,16,2,3.74,10.59
597,28,1,3.72,4.03
597,10,2,4.42,10.8
598,11,3,2.11,8.72
599,13,3,3.81,9.15
599,14,1,3.44,4.54
599,20,1,1.57,4.26
599,18,1,2.6,3.6
600,27,3,3.12,11.74
600,19,2,1.85,7.49
601,6,3,3.92,7.83
601,22,1,2.45,11.98
602,11,3,2.11,8.72
602,4,2,1.41,6.42
602,6,2,3.92,7.83
602,13,1,3.81,9.15
603,16,3,3.74,10.59
603,22,1,2.45,11.98
603,3,1,2.36,4.4
604,22,1,2.45,11.98
604,15,3,1.65,6.42
605,7,1,1.32,5.64
605,22,2,2.45,11.98
605,10,3,4.42,10.8
605,26,3,2.54,8.36
606,19,1,1.85,7.49
607,12,3,1.65,6.2
608,28,2,3.72,4.03
609,21,2,3.99,6.86
609,23,2,3.04,3.82
609,13,2,3.81,9.15
609,14,3,3.44,4.54
610,7,3,1.32,5.64
610,13,2,3.81,9.15
611,1,1,1.88,8.3
611,21,1,3.99,6.86
612,3,1,2.36,4.4
612,21,2,3.99,6.86
613,15,3,1.65,6.42
613,14,3,3.44,4.54
614,14,3,3.44,4.54
614,1,3,1.88,8.3
615,14,3,3.44,4.54
615,19,2,1.85,7.49
615,2,1,4.04,4.44
616,23,1,3.04,3.82
616,5,3,4.39,8.43
616,24,3,4.44,4.38
616,28,2,3.72,4.03
617,8,2,3.31,9.34
618,20,1,1.57,4.26
618,29,2,4.07,6.06
618,18,1,2.6,3.6
619,14,2,3.44,4.54
619,26,2,2.54,8.36
619,10,1,4.42,10.8
620,2,3,4.04,4.44
620,16,3,3.74,10.59
620,6,3,3.92,7.83
621,10,2,4.42,10.8
622,9,1,3.65,9.96
622,20,2,1.57,4.26
622,9,2,3.65,9.96
623,30,3,2.74,7.08
623,24,1,4.44,4.38
624,16,1,3.74,10.59
624,26,3,2.54,8.36
625,27,2,3.12,11.74
625,25,2,4.17,6.8
626,19,3,1.85,7.49
626,27,2,3.12,11.74
627,6,2,3.92,7.83
628,13,3,3.81,9.15
628,23,2,3.04,3.82
629,1,2,1.88,8.3
629,30,2,2.74,7.08
629,13,3,3.81,9.15
629,11,3,2.11,8.72
630,20,3,1.57,4.26
630,28,2,3.72,4.03
630,11,2,2.11,8.72
630,9,1,3.65,9.96
631,25,3,4.17,6.8
631,24,1,4.44,4.38
631,24,3,4.44,4.38
631,19,1,1.85,7.49
632,22,1,2.45,11.98
633,22,2,2.45,11.98
634,2,1,4.04,4.44
634,20,1,1.57,4.26
635,23,1,3.04,3.82
636,22,3,2.45,11.98
636,19,1,1.85,7.49
636,29,1,4.07,6.06
636,23,1,3.04,3.82
637,30,2,2.74,7.08
637,25,2,4.17,6.8
637,23,3,3.04,3.82
637,25,2,4.17,6.8
638,13,2,3.81,9.15
639,15,1,1.65,6.42
639,16,1,3.74,10.59
640,18,2,2.6,3.6
640,7,3,1.32,5.64
641,2,1,4.04,4.44
642,29,2,4.07,6.06
643,9,1,3.65,9.96
643,23,2,3.04,3.82
643,29,2,4.07,6.06
643,19,1,1.85,7.49
644,13,3,3.81,9.15
644,25,1,4.17,6.8
644,18,1,2.6,3.6
644,1,2,1.88,8.3
645,11,3,2.11,8.72
645,10,2,4.42,10.8
645,2,3,4.04,4.44
646,27,2,3.12,11.74
647,13,3,3.81,9.15
648,16,1,3.74,10.59
648,29,3,4.07,6.06
648,15,3,1.65,6.42
649,24,3,4.44,4.38
650,16,3,3.74,10.59
650,27,2,3.12,11.74
650,1,1,1.88,8.3
651,4,1,1.41,6.42
651,26,3,2.54,8.36
651,22,3,2.45,11.98
651,15,3,1.65,6.42
652,2,3,4.04,4.44
653,8,3,3.31,9.34
654,27,1,3.12,11.74
654,15,3,1.65,6.42
654,6,3,3.92,7.83
655,20,3,1.57,4.26
655,8,1,3.31,9.34
655,26,1,2.54,8.36
655,14,2,3.44,4.54
656,11,1,2.11,8.72
656,25,1,4.17,6.8
657,5,2,4.39,8.43
657,6,3,3.92,7.83
657,12,3,1.65,6.2
658,5,1,4.39,8.43
659,3,1,2.36,4.4
659,1,1,1.88,8.3
659,30,1,2.74,7.08
659,23,3,3.04,3.82
660,5,3,4.39,8.43
660,9,3,3.65,9.96
661,20,1,1.57,4.26
662,14,1,3.44,4.54
662,18,1,2.6,3.6
662,7,1,1.32,5.64
663,15,3,1.65,6.42
663,22,1,2.45,11.98
664,22,2,2.45,11.98
664,16,1,3.74,10.59
665,10,1,4.42,10.8
665,14,2,3.44,4.54
665,11,3,2.11,8.72
666,6,1,3.92,7.83
666,16,3,3.74,10.59
667,14,1,3.44,4.54
667,24,3,4.44,4.38
667,29,2,4.07,6.06
668,4,1,1.41,6.42
668,24,2,4.44,4.38
669,19,2,1.85,7.49
669,2,2,4.04,4.44
669,5,1,4.39,8.43
669,30,3,2.74,7.08
670,15,3,1.65,6.42
670,7,3,1.32,5.64
671,5,1,4.39,8.43
671,23,3,3.04,3.82
671,2,2,4.04,4.44
672,6,2,3.92,7.83
672,8,2,3.31,9.34
672,20,1,1.57,4.26
672,26,3,2.54,8.36
673,14,3,3.44,4.54
674,27,2,3.12,11.74
674,9,1,3.65,9.96
674,24,2,4.44,4.38
674,24,1,4.44,4.38
675,29,3,4.07,6.06
675,5,3,4.39,8.43
676,24,3,4.44,4.38
676,2,2,4.04,4.44
676,17,2,1.92,3.29
676,16,3,3.74,10.59
677,18,1,2.6,3.6
678,10,1,4.42,10.8
678,21,1,3.99,6.86
678,1,2,1.88,8.3
679,15,2,1.65,6.42
680,21,2,3.99,6.86
680,23,3,3.04,3.82
680,1,3,1.88,8.3
681,10,2,4.42,10.8
682,26,3,2.54,8.36
682,3,3,2.36,4.4
683,29,1,4.07,6.06
683,4,2,1.41,6.42
683,12,2,1.65,6.2
684,18,3,2.6,3.6
685,21,2,3.99,6.86
686,29,2,4.07,6.06
686,17,3,1.92,3.29
686,14,2,3.44,4.54
687,16,3,3.74,10.59
687,17,1,1.92,3.29
687,16,3,3.74,10.59
687,18,3,2.6,3.6
688,26,3,2.54,8.36
688,23,1,3.04,3.82
688,7,2,1.32,5.64
689,3,1,2.36,4.4
689,6,2,3.92,7.83
689,4,3,1.41,6.42
690,10,2,4.42,10.8
691,24,3,4.44,4.38
691,1,2,1.88,8.3
691,7,1,1.32,5.64
691,1,1,1.88,8.3
692,21,3,3.99,6.86
692,26,2,2.54,8.36
692,16,3,3.74,10.59
693,10,3,4.42,10.8
693,5,2,4.39,8.43
693,6,2,3.92,7.83
693,8,2,3.31,9.34
694,12,2,1.65,6.2
694,15,1,1.65,6.42
695,6,3,3.92,7.83
695,23,3,3.04,3.82
696,11,3,2.11,8.72
697,7,3,1.32,5.64
697,23,1,3.04,3.82
698,18,1,2.6,3.6
698,18,2,2.6,3.6
698,4,1,1.41,6.42
698,13,2,3.81,9.15
699,1,3,1.88,8.3
699,18,3,2.6,3.6
700,25,3,4.17,6.8
700,22,1,2.45,11.98
700,26,3,2.54,8.36
701,5,3,4.39,8.43
702,15,2,1.65,6.42
702,3,2,2.36,4.4
703,26,2,2.54,8.36
703,7,1,1.32,5.64
704,7,2,1.32,5.64
704,11,3,2.11,8.72
704,20,3,1.57,4.26
704,2,3,4.04,4.44
705,13,2,3.81,9.15
705,1,2,1.88,8.3
705,12,2,1.65,6.2
706,24,2,4.44,4.38
706,24,2,4.44,4.38
707,5,3,4.39,8.43
707,20,1,1.57,4.26
707,5,1,4.39,8.43
707,10,2,4.42,10.8
708,3,1,2.36,4.4
708,14,3,3.44,4.54
708,30,2,2.74,7.08
708,14,1,3.44,4.54
709,6,2,3.92,7.83
709,10,3,4.42,10.8
710,16,3,3.74,10.59
710,24,2,4.44,4.38
710,8,1,3.31,9.34
711,4,3,1.41,6.42
711,22,2,2.45,11.98
711,14,1,3.44,4.54
711,16,3,3.74,10.59
712,3,3,2.36,4.4
712,24,2,4.44,4.38
712,19,2,1.85,7.49
712,19,2,1.85,7.49
713,17,3,1.92,3.29
713,19,1,1.85,7.49
713,28,2,3.72,4.03
714,15,3,1.65,6.42
714,5,2,4.39,8.43
714,6,1,3.92,7.83
715,10,2,4.42,10.8
716,25,3,4.17,6.8
716,6,1,3.92,7.83
717,9,3,3.65,9.96
717,23,3,3.04,3.82
717,12,1,1.65,6.2
718,17,2,1.92,3.29
718,12,2,1.65,6.2
719,5,3,4.39,8.43
719,8,1,3.31,9.34
720,14,2,3.44,4.54
721,12,2,1.65,6.2
721,23,2,3.04,3.82
721,5,2,4.39,8.43
721,29,3,4.07,6.06
722,1,3,1.88,8.3
722,27,1,3.12,11.74
722,8,1,3.31,9.34
723,7,1,1.32,5.64
723,3,2,2.36,4.4
724,2,1,4.04,4.44
724,4,1,1.41,6.42
724,26,3,2.54,8.36
724,17,3,1.92,3.29
725,3,2,2.36,4.4
726,19,1,1.85,7.49
726,6,3,3.92,7.83
727,19,2,1.85,7.49
727,12,1,1.65,6.2
727,28,3,3.72,4.03
728,27,3,3.12,11.74
729,6,3,3.92,7.83
729,1,3,1.88,8.3
729,4,1,1.41,6.42
730,15,3,1.65,6.42
730,4,1,1.41,6.42
731,14,1,3.44,4.54
731,25,2,4.17,6.8
732,16,2,3.74,10.59
732,23,2,3.04,3.82
733,13,2,3.81,9.15
734,18,2,2.6,3.6
734,10,2,4.42,10.8
735,6,1,3.92,7.83
735,22,2,2.45,11.98
735,22,1,2.45,11.98
736,5,2,4.39,8.43
737,3,2,2.36,4.4
737,7,2,1.32,5.64
738,27,2,3.12,11.74
738,24,2,4.44,4.38
739,25,3,4.17,6.8
739,13,2,3.81,9.15
739,16,3,3.74,10.59
740,25,2,4.17,6.8
740,4,1,1.41,6.42
741,1,1,1.88,8.3
741,24,1,4.44,4.38
742,20,3,1.57,4.26
742,11,1,2.11,8.72
742,10,3,4.42,10.8
742,20,1,1.57,4.26
743,7,2,1.32,5.64
743,22,2,2.45,11.98
743,16,3,3.74,10.59
743,9,3,3.65,9.96
744,25,1,4.17,6.8
745,11,2,2.11,8.72
745,15,2,1.65,6.42
745,2,1,4.04,4.44
745,6,3,3.92,7.83
746,5,2,4.39,8.43
746,23,2,3.04,3.82
746,16,1,3.74,10.59
746,19,3,1.85,7.49
747,16,3,3.74,10.59
747,28,1,3.72,4.03
747,17,1,1.92,3.29
747,13,2,3.81,9.15
748,25,2,4.17,6.8
748,11,1,2.11,8.72
748,1,3,1.88,8.3
749,25,3,4.17,6.8
750,12,2,1.65,6.2
750,12,1,1.65,6.2
750,22,1,2.45,11.98
751,30,3,2.74,7.08
752,6,1,3.92,7.83
752,18,2,2.6,3.6
752,2,2,4.04,4.44
753,1,3,1.88,8.3
753,16,3,3.74,10.59
753,1,2,1.88,8.3
754,26,2,2.54,8.36
755,17,3,1.92,3.29
755,11,1,2.11,8.72
755,20,2,1.57,4.26
755,12,2,1.65,6.2
756,10,2,4.42,10.8
756,2,2,4.04,4.44
757,23,3,3.04,3.82
758,19,3,1.85,7.49
759,21,2,3.99,6.86
760,7,2,1.32,5.64
760,13,2,3.81,9.15
760,20,3,1.57,4.26
761,21,3,3.99,6.86
762,7,3,1.32,5.64
762,27,3,3.12,11.74
762,15,2,1.65,6.42
762,30,3,2.74,7.08
763,17,1,1.92,3.29
764,24,3,4.44,4.38
764,25,2,4.17,6.8
765,28,2,3.72,4.03
765,9,2,3.65,9.96
766,8,1,3.31,9.34
766,5,1,4.39,8.43
766,1,1,1.88,8.3
766,26,2,2.54,8.36
767,21,1,3.99,6.86
767,7,1,1.32,5.64
767,9,1,3.65,9.96
767,1,2,1.88,8.3
768,24,2,4.44,4.38
769,28,1,3.72,4.03
769,29,2,4.07,6.06
769,29,2,4.07,6.06
770,19,3,1.85,7.49
771,16,1,3.74,10.59
771,8,3,3.31,9.34
771,4,2,1.41,6.42
772,30,2,2.74,7.08
772,7,1,1.32,5.64
773,14,2,3.44,4.54
773,28,3,3.72,4.03
773,2,2,4.04,4.44
773,18,2,2.6,3.6
774,22,1,2.45,11.98
774,9,1,3.65,9.96
774,12,2,1.65,6.2
774,23,2,3.04,3.82
775,23,3,3.04,3.82
776,21,3,3.99,6.86
776,12,3,1.65,6.2
776,4,3,1.41,6.42
777,30,2,2.74,7.08
778,7,1,1.32,5.64
778,30,2,2.74,7.08
778,21,2,3.99,6.86
779,27,2,3.12,11.74
780,29,1,4.07,6.06
780,27,1,3.12,11.74
780,23,2,3.04,3.82
780,17,1,1.92,3.29
781,15,3,1.65,6.42
781,1,1,1.88,8.3
781,21,3,3.99,6.86
782,13,1,3.81,9.15
783,6,1,3.92,7.83
784,26,2,2.54,8.36
784,15,2,1.65,6.42
784,28,3,3.72,4.03
784,5,2,4.39,8.43
785,7,1,1.32,5.64
785,14,2,3.44,4.54
785,6,2,3.92,7.83
786,1,3,1.88,8.3
787,9,3,3.65,9.96
787,28,1,3.72,4.03
788,5,1,4.39,8.43
788,12,1,1.65,6.2
788,19,1,1.85,7.49
789,27,3,3.12,11.74
789,16,1,3.74,10.59
789,8,3,3.31,9.34
789,7,1,1.32,5.64
790,14,1,3.44,4.54
790,20,1,1.57,4.26
791,14,1,3.44,4.54
791,1,2,1.88,8.3
792,12,3,1.65,6.2
792,22,3,2.45,11.98
793,28,2,3.72,4.03
793,23,2,3.04,3.82
794,3,1,2.36,4.4
794,18,1,2.6,3.6
794,2,2,4.04,4.44
795,1,2,1.88,8.3
796,22,2,2.45,11.98
796,5,3,4.39,8.43
796,2,3,4.04,4.44
796,6,2,3.92,7.83
797,5,1,4.39,8.43
797,11,3,2.11,8.72
797,17,2,1.92,3.29
797,5,2,4.39,8.43
798,28,2,3.72,4.03
798,24,2,4.44,4.38
798,30,2,2.74,7.08
798,10,2,4.42,10.8
799,11,3,2.11,8.72
799,16,1,3.74,10.59
800,8,1,3.31,9.34
801,14,1,3.44,4.54
801,29,2,4.07,6.06
801,2,2,4.04,4.44
801,12,3,1.65,6.2
802,4,2,1.41,6.42
802,3,1,2.36,4.4
803,19,3,1.85,7.49
803,19,1,1.85,7.49
803,19,1,1.85,7.49
804,30,1,2.74,7.08
804,8,2,3.31,9.34
804,22,1,2.45,11.98
804,29,2,4.07,6.06
805,19,1,1.85,7.49
805,27,2,3.12,11.74
805,5,1,4.39,8.43
806,20,3,1.57,4.26
806,1,2,1.88,8.3
806,2,3,4.04,4.44
807,28,1,3.72,4.03
807,26,3,2.54,8.36
808,3,2,2.36,4.4
808,9,1,3.65,9.96
808,8,2,3.31,9.34
808,3,1,2.36,4.4
809,21,3,3.99,6.86
809,5,1,4.39,8.43
809,10,2,4.42,10.8
810,12,3,1.65,6.2
810,4,2,1.41,6.42
811,16,2,3.74,10.59
811,19,3,1.85,7.49
811,14,1,3.44,4.54
811,25,2,4.17,6.8
812,3,1,2.36,4.4
812,17,2,1.92,3.29
812,15,3,1.65,6.42
812,8,3,3.31,9.34
813,10,2,4.42,10.8
814,5,3,4.39,8.43
814,29,2,4.07,6.06
815,18,1,2.6,3.6
816,14,1,3.44,4.54
816,15,3,1.65,6.42
816,24,3,4.44,4.38
816,27,2,3.12,11.74
817,4,3,1.41,6.42
818,3,2,2.36,4.4
819,20,2,1.57,4.26
819,11,1,2.11,8.72
819,7,1,1.32,5.64
819,3,3,2.36,4.4
820,1,2,1.88,8.3
821,23,2,3.04,3.82
821,28,3,3.72,4.03
821,24,3,4.44,4.38
821,24,2,4.44,4.38
822,26,2,2.54,8.36
822,3,1,2.36,4.4
822,5,1,4.39,8.43
822,7,1,1.32,5.64
823,16,3,3.74,10.59
823,5,3,4.39,8.43
824,10,2,4.42,10.8
825,6,1,3.92,7.83
826,28,2,3.72,4.03
827,2,2,4.04,4.44
827,1,1,1.88,8.3
827,21,3,3.99,6.86
827,14,2,3.44,4.54
828,2,2,4.04,4.44
828,13,2,3.81,9.15
828,17,3,1.92,3.29
829,14,3,3.44,4.54
830,29,2,4.07,6.06
830,4,2,1.41,6.42
830,20,3,1.57,4.26
830,12,2,1.65,6.2
831,16,2,3.74,10.59
831,15,1,1.65,6.42
832,5,2,4.39,8.43
832,24,3,4.44,4.38
832,13,2,3.81,9.15
832,27,3,3.12,11.74
833,10,3,4.42,10.8
833,24,1,4.44,4.38
834,20,2,1.57,4.26
834,4,2,1.41,6.42
835,1,2,1.88,8.3
836,26,1,2.54,8.36
837,4,3,1.41,6.42
837,8,2,3.31,9.34
838,29,1,4.07,6.06
838,28,3,3.72,4.03
838,28,3,3.72,4.03
839,27,1,3.12,11.74
839,4,3,1.41,6.42
839,20,1,1.57,4.26
839,27,3,3.12,11.74
840,28,1,3.72,4.03
841,24,1,4.44,4.38
841,5,3,4.39,8.43
841,12,2,1.65,6.2
841,27,1,3.12,11.74
842,25,1,4.17,6.8
842,8,2,3.31,9.34
842,11,2,2.11,8.72
842,17,1,1.92,3.29
843,21,3,3.99,6.86
843,8,1,3.31,9.34
843,25,3,4.17,6.8
844,14,2,3.44,4.54
844,29,2,4.07,6.06
844,28,3,3.72,4.03
844,26,3,2.54,8.36
845,25,1,4.17,6.8
845,23,3,3.04,3.82
846,25,1,4.17,6.8
846,14,1,3.44,4.54
846,13,1,3.81,9.15
846,22,3,2.45,11.98
847,14,2,3.44,4.54
847,29,3,4.07,6.06
847,23,3,3.04,3.82
848,27,2,3.12,11.74
849,21,1,3.99,6.86
849,29,3,4.07,6.06
849,20,3,1.57,4.26
849,21,2,3.99,6.86
850,3,1,2.36,4.4
850,18,2,2.6,3.6
850,13,3,3.81,9.15
851,3,3,2.36,4.4
851,18,2,2.6,3.6
852,29,3,4.07,6.06
853,24,1,4.44,4.38
854,2,3,4.04,4.44
855,15,2,1.65,6.42
856,12,2,1.65,6.2
856,10,3,4.42,10.8
857,4,2,1.41,6.42
857,17,3,1.92,3.29
858,5,3,4.39,8.43
859,2,2,4.04,4.44
860,12,3,1.65,6.2
861,28,2,3.72,4.03
861,19,2,1.85,7.49
861,21,2,3.99,6.86
861,15,3,1.65,6.42
862,17,1,1.92,3.29
862,16,3,3.74,10.59
863,23,1,3.04,3.82
864,30,1,2.74,7.08
864,20,2,1.57,4.26
864,4,1,1.41,6.42
865,4,2,1.41,6.42
865,10,2,4.42,10.8
866,5,3,4.39,8.43
866,14,1,3.44,4.54
867,27,3,3.12,11.74
867,16,1,3.74,10.59
868,14,2,3.44,4.54
869,16,3,3.74,10.59
869,27,3,3.12,11.74
869,5,1,4.39,8.43
869,17,3,1.92,3.29
870,28,3,3.72,4.03
870,11,1,2.11,8.72
871,18,1,2.6,3.6
871,22,2,2.45,11.98
871,24,2,4.44,4.38
872,18,3,2.6,3.6
872,4,3,1.41,6.42
872,18,1,2.6,3.6
873,19,3,1.85,7.49
874,4,3,1.41,6.42
875,8,3,3.31,9.34
875,27,3,3.12,11.74
876,13,3,3.81,9.15
876,2,2,4.04,4.44
876,28,1,3.72,4.03
877,28,3,3.72,4.03
878,4,3,1.41,6.42
879,25,1,4.17,6.8
879,5,2,4.39,8.43
879,14,3,3.44,4.54
880,1,3,1.88,8.3
880,2,2,4.04,4.44
881,29,2,4.07,6.06
881,9,2,3.65,9.96
881,27,1,3.12,11.74
881,2,1,4.04,4.44
882,16,3,3.74,10.59
882,25,3,4.17,6.8
883,11,2,2.11,8.72
884,21,1,3.99,6.86
884,30,1,2.74,7.08
884,9,3,3.65,9.96
884,19,3,1.85,7.49
885,19,2,1.85,7.49
885,15,1,1.65,6.42
885,28,3,3.72,4.03
886,26,1,2.54,8.36
886,18,2,2.6,3.6
887,21,1,3.99,6.86
887,1,1,1.88,8.3
887,30,2,2.74,7.08
888,27,3,3.12,11.74
888,7,3,1.32,5.64
888,27,3,3.12,11.74
889,10,1,4.42,10.8
890,29,2,4.07,6.06
890,7,3,1.32,5.64
890,17,2,1.92,3.29
891,8,3,3.31,9.34
891,11,2,2.11,8.72
891,7,2,1.32,5.64
892,1,1,1.88,8.3
892,22,1,2.45,11.98
892,14,3,3.44,4.54
892,29,3,4.07,6.06
893,26,3,2.54,8.36
894,12,2,1.65,6.2
895,15,2,1.65,6.42
896,25,2,4.17,6.8
897,26,3,2.54,8.36
897,8,1,3.31,9.34
897,16,2,3.74,10.59
898,1,1,1.88,8.3
898,27,3,3.12,11.74
899,6,3,3.92,7.83
899,7,3,1.32,5.64
899,24,3,4.44,4.38
899,22,3,2.45,11.98
900,5,2,4.39,8.43
901,28,3,3.72,4.03
901,1,3,1.88,8.3
902,1,2,1.88,8.3
902,21,3,3.99,6.86
902,21,1,3.99,6.86
902,28,2,3.72,4.03
903,22,3,2.45,11.98
904,29,3,4.07,6.06
905,11,1,2.11,8.72
905,13,1,3.81,9.15
905,11,1,2.11,8.72
905,29,3,4.07,6.06
906,30,1,2.74,7.08
907,21,3,3.99,6.86
908,19,3,1.85,7.49
909,16,1,3.74,10.59
910,3,3,2.36,4.4
910,20,2,1.57,4.26
911,3,1,2.36,4.4
912,2,2,4.04,4.44
912,2,2,4.04,4.44
913,10,2,4.42,10.8
914,28,3,3.72,4.03
914,26,3,2.54,8.36
915,29,3,4.07,6.06
915,20,1,1.57,4.26
915,11,3,2.11,8.72
915,22,1,2.45,11.98
916,4,1,1.41,6.42
916,1,3,1.88,8.3
917,21,3,3.99,6.86
917,9,2,3.65,9.96
918,8,1,3.31,9.34
918,26,1,2.54,8.36
919,17,3,1.92,3.29
919,25,2,4.17,6.8
919,10,3,4.42,10.8
919,29,3,4.07,6.06
920,10,2,4.42,10.8
920,1,3,1.88,8.3
920,19,3,1.85,7.49
921,14,2,3.44,4.54
922,11,1,2.11,8.72
923,28,3,3.72,4.03
923,19,2,1.85,7.49
923,20,2,1.57,4.26
924,29,1,4.07,6.06
924,16,1,3.74,10.59
924,30,1,2.74,7.08
924,21,1,3.99,6.86
925,16,3,3.74,10.59
925,25,2,4.17,6.8
926,12,1,1.65,6.2
927,5,2,4.39,8.43
928,1,1,1.88,8.3
929,24,1,4.44,4.38
929,11,3,2.11,8.72
929,8,1,3.31,9.34
930,1,3,1.88,8.3
931,10,2,4.42,10.8
931,8,2,3.31,9.34
932,29,3,4.07,6.06
932,3,1,2.36,4.4
932,5,1,4.39,8.43
932,26,1,2.54,8.36
933,20,2,1.57,4.26
933,21,1,3.99,6.86
933,30,1,2.74,7.08
934,11,1,2.11,8.72
934,2,3,4.04,4.44
935,7,3,1.32,5.64
935,3,2,2.36,4.4
935,26,3,2.54,8.36
935,20,1,1.57,4.26
936,16,3,3.74,10.59
936,15,1,1.65,6.42
936,11,3,2.11,8.72
937,9,3,3.65,9.96
937,13,3,3.81,9.15
937,30,3,2.74,7.08
937,21,1,3.99,6.86
938,13,1,3.81,9.15
938,10,2,4.42,10.8
939,18,1,2.6,3.6
939,5,1,4.39,8.43
939,10,2,4.42,10.8
940,15,3,1.65,6.42
941,14,2,3.44,4.54
941,26,2,2.54,8.36
941,11,2,2.11,8.72
941,13,1,3.81,9.15
942,12,1,1.65,6.2
943,26,2,2.54,8.36
944,2,3,4.04,4.44
944,7,2,1.32,5.64
944,7,3,1.32,5.64
945,23,3,3.04,3.82
945,5,3,4.39,8.43
946,26,2,2.54,8.36
946,13,3,3.81,9.15
946,25,3,4.17,6.8
947,8,1,3.31,9.34
947,24,3,4.44,4.38
947,7,2,1.32,5.64
947,8,3,3.31,9.34
948,11,1,2.11,8.72
949,15,3,1.65,6.42
949,1,2,1.88,8.3
949,5,3,4.39,8.43
949,28,1,3.72,4.03
950,11,1,2.11,8.72
950,14,2,3.44,4.54
950,22,2,2.45,11.98
951,30,1,2.74,7.08
952,13,1,3.81,9.15
952,13,1,3.81,9.15
952,18,2,2.6,3.6
952,7,2,1.32,5.64
953,3,1,2.36,4.4
953,4,3,1.41,6.42
953,18,1,2.6,3.6
954,6,1,3.92,7.83
955,8,2,3.31,9.34
955,22,3,2.45,11.98
956,6,2,3.92,7.83
957,18,2,2.6,3.6
957,16,3,3.74,10.59
958,10,2,4.42,10.8
958,27,3,3.12,11.74
959,19,1,1.85,7.49
959,17,3,1.92,3.29
959,22,2,2.45,11.98
960,3,2,2.36,4.4
960,20,1,1.57,4.26
960,17,2,1.92,3.29
960,30,3,2.74,7.08
961,24,1,4.44,4.38
962,13,3,3.81,9.15
962,27,1,3.12,11.74
962,14,1,3.44,4.54
963,13,3,3.81,9.15
963,6,3,3.92,7.83
963,19,1,1.85,7.49
963,13,3,3.81,9.15
964,22,1,2.45,11.98
964,23,3,3.04,3.82
964,24,1,4.44,4.38
965,3,1,2.36,4.4
965,17,2,1.92,3.29
965,14,2,3.44,4.54
966,15,1,1.65,6.42
967,24,2,4.44,4.38
967,28,1,3.72,4.03
967,13,1,3.81,9.15
968,22,3,2.45,11.98
968,15,2,1.65,6.42
968,15,1,1.65,6.42
969,16,2,3.74,10.59
969,27,1,3.12,11.74
970,6,2,3.92,7.83
971,22,1,2.45,11.98
972,7,3,1.32,5.64
972,2,3,4.04,4.44
973,13,3,3.81,9.15
974,2,2,4.04,4.44
975,7,1,1.32,5.64
975,1,2,1.88,8.3
976,8,1,3.31,9.34
977,17,1,1.92,3.29
977,27,2,3.12,11.74
977,11,3,2.11,8.72
977,21,1,3.99,6.86
978,4,1,1.41,6.42
978,7,1,1.32,5.64
978,12,2,1.65,6.2
978,6,1,3.92,7.83
979,7,2,1.32,5.64
979,8,1,3.31,9.34
979,22,2,2.45,11.98
979,21,3,3.99,6.86
980,10,3,4.42,10.8
980,16,1,3.74,10.59
980,23,3,3.04,3.82
980,26,3,2.54,8.36
981,21,3,3.99,6.86
981,13,3,3.81,9.15
981,30,3,2.74,7.08
982,3,2,2.36,4.4
982,1,3,1.88,8.3
982,30,3,2.74,7.08
982,15,2,1.65,6.42
983,8,1,3.31,9.34
984,20,1,1.57,4.26
984,2,1,4.04,4.44
985,13,1,3.81,9.15
985,21,1,3.99,6.86
986,5,2,4.39,8.43
986,11,3,2.11,8.72
986,26,1,2.54,8.36
987,8,3,3.31,9.34
988,30,3,2.74,7.08
989,17,2,1.92,3.29
989,6,2,3.92,7.83
989,21,1,3.99,6.86
989,3,2,2.36,4.4
990,7,1,1.32,5.64
990,3,1,2.36,4.4
991,24,2,4.44,4.38
991,10,1,4.42,10.8
991,24,1,4.44,4.38
991,8,2,3.31,9.34
992,19,2,1.85,7.49
992,21,1,3.99,6.86
992,9,2,3.65,9.96
993,6,2,3.92,7.83
993,15,2,1.65,6.42
993,17,3,1.92,3.29
993,24,2,4.44,4.38
994,14,1,3.44,4.54
994,25,2,4.17,6.8
994,20,3,1.57,4.26
994,5,3,4.39,8.43
995,15,2,1.65,6.42
995,13,3,3.81,9.15
995,20,2,1.57,4.26
996,5,1,4.39,8.43
996,1,1,1.88,8.3
997,30,2,2.74,7.08
997,13,3,3.81,9.15
997,12,2,1.65,6.2
997,16,2,3.74,10.59
998,30,3,2.74,7.08
998,6,1,3.92,7.83
998,25,2,4.17,6.8
998,9,3,3.65,9.96
999,21,2,3.99,6.86
1000,2,2,4.04,4.44
1000,21,3,3.99,6.86
1000,22,1,2.45,11.98
1000,23,3,3.04,3.82
1001,9,1,3.65,9.96
1001,20,3,1.57,4.26
1002,13,3,3.81,9.15
1002,19,1,1.85,7.49
1002,17,1,1.92,3.29
1002,29,2,4.07,6.06
1003,17,3,1.92,3.29
1003,22,2,2.45,11.98
1003,19,2,1.85,7.49
1004,27,1,3.12,11.74
1004,9,3,3.65,9.96
1004,7,3,1.32,5.64
1005,27,2,3.12,11.74
1005,1,1,1.88,8.3
1006,21,2,3.99,6.86
1006,24,2,4.44,4.38
1006,6,1,3.92,7.83
1006,12,1,1.65,6.2
1007,15,3,1.65,6.42
1008,26,1,2.54,8.36
1008,9,2,3.65,9.96
1009,3,2,2.36,4.4
1009,3,2,2.36,4.4
1010,19,1,1.85,7.49
1011,9,1,3.65,9.96
1012,13,3,3.81,9.15
1013,25,2,4.17,6.8
1013,20,2,1.57,4.26
1013,11,2,2.11,8.72
1013,22,2,2.45,11.98
1014,13,3,3.81,9.15
1014,2,2,4.04,4.44
1014,28,2,3.72,4.03
1014,26,1,2.54,8.36
1015,20,1,1.57,4.26
1016,20,3,1.57,4.26
1016,22,2,2.45,11.98
1016,17,2,1.92,3.29
1016,22,1,2.45,11.98
1017,28,1,3.72,4.03
1017,26,3,2.54,8.36
1017,11,3,2.11,8.72
1018,24,3,4.44,4.38
1018,26,1,2.54,8.36
1018,12,2,1.65,6.2
1018,30,2,2.74,7.08
1019,23,1,3.04,3.82
1019,28,3,3.72,4.03
1020,10,3,4.42,10.8
1021,22,3,2.45,11.98
1021,8,1,3.31,9.34
1021,7,1,1.32,5.64
1021,25,3,4.17,6.8
1022,30,2,2.74,7.08
1022,29,2,4.07,6.06
1023,22,1,2.45,11.98
1024,21,2,3.99,6.86
1025,26,1,2.54,8.36
1025,8,2,3.31,9.34
1025,4,2,1.41,6.42
1025,3,1,2.36,4.4
1026,19,2,1.85,7.49
1027,10,1,4.42,10.8
1028,25,2,4.17,6.8
1028,26,3,2.54,8.36
1028,30,1,2.74,7.08
1029,4,2,1.41,6.42
1029,1,3,1.88,8.3
1030,16,3,3.74,10.59
1030,15,1,1.65,6.42
1031,10,3,4.42,10.8
1031,23,1,3.04,3.82
1031,9,3,3.65,9.96
1032,23,2,3.04,3.82
1032,2,2,4.04,4.44
1032,5,3,4.39,8.43
1033,28,2,3.72,4.03
1033,24,2,4.44,4.38
1034,11,2,2.11,8.72
1034,22,2,2.45,11.98
1034,12,2,1.65,6.2
1034,13,1,3.81,9.15
1035,23,3,3.04,3.82
1035,13,1,3.81,9.15
1036,15,3,1.65,6.42
1036,6,3,3.92,7.83
1036,5,2,4.39,8.43
1037,26,3,2.54,8.36
1037,7,3,1.32,5.64
1038,13,2,3.81,9.15
1038,22,1,2.45,11.98
1039,2,1,4.04,4.44
1039,17,3,1.92,3.29
1040,8,1,3.31,9.34
1040,4,1,1.41,6.42
1040,13,2,3.81,9.15
1040,10,3,4.42,10.8
1041,28,3,3.72,4.03
1041,13,2,3.81,9.15
1041,21,3,3.99,6.86
1041,15,2,1.65,6.42
1042,16,3,3.74,10.59
1043,9,3,3.65,9.96
1043,24,1,4.44,4.38
1043,26,3,2.54,8.36
1043,6,2,3.92,7.83
1044,4,2,1.41,6.42
1044,3,3,2.36,4.4
1045,3,3,2.36,4.4
1045,27,3,3.12,11.74
1045,18,3,2.6,3.6
1045,27,3,3.12,11.74
1046,28,3,3.72,4.03
1046,23,1,3.04,3.82
1047,2,1,4.04,4.44
1048,28,1,3.72,4.03
1048,3,1,2.36,4.4
1048,17,2,1.92,3.29
1049,22,1,2.45,11.98
1049,8,2,3.31,9.34
1049,2,3,4.04,4.44
1049,29,2,4.07,6.06
1050,17,2,1.92,3.29
1050,20,3,1.57,4.26
1050,17,1,1.92,3.29
1051,7,1,1.32,5.64
1052,19,2,1.85,7.49
1052,9,1,3.65,9.96
1053,13,3,3.81,9.15
1053,29,1,4.07,6.06
1053,13,2,3.81,9.15
1054,18,1,2.6,3.6
1054,3,3,2.36,4.4
1055,14,1,3.44,4.54
1055,11,2,2.11,8.72
1056,9,1,3.65,9.96
1057,11,3,2.11,8.72
1058,28,1,3.72,4.03
1058,9,1,3.65,9.96
1059,26,1,2.54,8.36
1060,4,3,1.41,6.42
1060,12,3,1.65,6.2
1060,19,2,1.85,7.49
1060,18,2,2.6,3.6
1061,25,2,4.17,6.8
1061,6,2,3.92,7.83
1061,26,3,2.54,8.36
1062,19,1,1.85,7.49
1062,9,1,3.65,9.96
1062,22,3,2.45,11.98
1062,23,1,3.04,3.82
1063,2,3,4.04,4.44
1063,21,2,3.99,6.86
1063,23,1,3.04,3.82
1064,12,2,1.65,6.2
1064,17,2,1.92,3.29
1064,9,2,3.65,9.96
1064,17,3,1.92,3.29
1065,25,2,4.17,6.8
1065,28,1,3.72,4.03
1065,21,1,3.99,6.86
1065,3,3,2.36,4.4
1066,3,3,2.36,4.4
1067,22,3,2.45,11.98
1067,30,3,2.74,7.08
1067,5,2,4.39,8.43
1067,16,3,3.74,10.59
1068,20,1,1.57,4.26
1069,8,3,3.31,9.34
1069,22,3,2.45,11.98
1069,22,3,2.45,11.98
1070,6,1,3.92,7.83
1070,12,1,1.65,6.2
1071,13,1,3.81,9.15
1071,12,1,1.65,6.2
1071,11,3,2.11,8.72
1071,8,3,3.31,9.34
1072,9,1,3.65,9.96
1072,1,3,1.88,8.3
1072,21,3,3.99,6.86
1073,30,2,2.74,7.08
1074,11,2,2.11,8.72
1074,12,1,1.65,6.2
1074,1,2,1.88,8.3
1074,29,3,4.07,6.06
1075,14,2,3.44,4.54
1076,14,1,3.44,4.54
1076,30,2,2.74,7.08
1077,13,2,3.81,9.15
1077,10,2,4.42,10.8
1077,14,1,3.44,4.54
1077,18,2,2.6,3.6
1078,12,3,1.65,6.2
1078,14,1,3.44,4.54
1079,10,1,4.42,10.8
1079,5,2,4.39,8.43
1080,22,1,2.45,11.98
1080,16,3,3.74,10.59
1081,26,3,2.54,8.36
1081,23,1,3.04,3.82
1081,11,2,2.11,8.72
1081,17,3,1.92,3.29
1082,5,1,4.39,8.43
1083,22,2,2.45,11.98
1084,16,2,3.74,10.59
1084,10,2,4.42,10.8
1084,3,2,2.36,4.4
1084,8,3,3.31,9.34
1085,9,1,3.65,9.96
1085,28,2,3.72,4.03
1086,23,1,3.04,3.82
1086,23,3,3.04,3.82
1086,17,3,1.92,3.29
1086,6,1,3.92,7.83
1087,2,2,4.04,4.44
1087,7,1,1.32,5.64
1087,14,1,3.44,4.54
1087,20,1,1.57,4.26
1088,17,2,1.92,3.29
1088,23,3,3.04,3.82
1088,8,1,3.31,9.34
1088,11,2,2.11,8.72
1089,10,1,4.42,10.8
1090,8,2,3.31,9.34
1090,29,1,4.07,6.06
1090,6,1,3.92,7.83
1090,1,1,1.88,8.3
1091,30,3,2.74,7.08
1091,4,2,1.41,6.42
1091,6,2,3.92,7.83
1092,4,3,1.41,6.42
1093,12,3,1.65,6.2
1093,26,2,2.54,8.36
1093,24,3,4.44,4.38
1094,7,3,1.32,5.64
1094,13,1,3.81,9.15
1094,29,1,4.07,6.06
1095,19,3,1.85,7.49
1096,18,3,2.6,3.6
1097,2,1,4.04,4.44
1097,7,2,1.32,5.64
1098,15,3,1.65,6.42
1098,23,1,3.04,3.82
1098,30,2,2.74,7.08
1099,6,3,3.92,7.83
1100,19,1,1.85,7.49
1101,6,2,3.92,7.83
1102,20,2,1.57,4.26
1102,7,1,1.32,5.64
1102,1,1,1.88,8.3
1102,19,1,1.85,7.49
1103,10,1,4.42,10.8
1103,10,3,4.42,10.8
1103,9,3,3.65,9.96
1104,10,1,4.42,10.8
1104,21,1,3.99,6.86
1105,21,1,3.99,6.86
1106,21,3,3.99,6.86
1106,12,2,1.65,6.2
1106,3,3,2.36,4.4
1107,11,1,2.11,8.72
1107,21,1,3.99,6.86
1107,27,2,3.12,11.74
1108,1,3,1.88,8.3
1108,22,3,2.45,11.98
1108,4,3,1.41,6.42
1109,27,2,3.12,11.74
1109,8,2,3.31,9.34
1110,15,1,1.65,6.42
1110,24,3,4.44,4.38
1111,16,1,3.74,10.59
1112,24,1,4.44,4.38
1112,21,2,3.99,6.86
1112,1,2,1.88,8.3
1112,6,1,3.92,7.83
1113,5,1,4.39,8.43
1114,24,3,4.44,4.38
1115,13,2,3.81,9.15
1116,8,1,3.31,9.34
1116,9,1,3.65,9.96
1117,28,3,3.72,4.03
1117,3,1,2.36,4.4
1117,5,2,4.39,8.43
1118,16,1,3.74,10.59
1118,8,1,3.31,9.34
1118,18,3,2.6,3.6
1119,27,1,3.12,11.74
1120,5,1,4.39,8.43
1120,30,1,2.74,7.08
1120,1,1,1.88,8.3
1120,14,2,3.44,4.54
1121,22,3,2.45,11.98
1121,27,1,3.12,11.74
1121,16,1,3.74,10.59
1121,4,1,1.41,6.42
1122,20,2,1.57,4.26
1123,6,2,3.92,7.83
1123,17,2,1.92,3.29
1124,20,2,1.57,4.26
1124,12,1,1.65,6.2
1124,9,2,3.65,9.96
1125,28,1,3.72,4.03
1126,24,2,4.44,4.38
1126,27,1,3.12,11.74
1126,4,3,1.41,6.42
1126,14,3,3.44,4.54
1127,6,2,3.92,7.83
1127,12,2,1.65,6.2
1128,5,3,4.39,8.43
1128,30,1,2.74,7.08
1128,13,2,3.81,9.15
1129,13,1,3.81,9.15
1129,19,3,1.85,7.49
1130,8,2,3.31,9.34
1131,5,1,4.39,8.43
1131,2,2,4.04,4.44
1131,12,1,1.65,6.2
1131,10,2,4.42,10.8
1132,7,1,1.32,5.64
1132,2,3,4.04,4.44
1133,23,2,3.04,3.82
1134,16,3,3.74,10.59
1135,3,1,2.36,4.4
1135,3,1,2.36,4.4
1136,24,3,4.44,4.38
1136,23,2,3.04,3.82
1137,10,1,4.42,10.8
1138,17,1,1.92,3.29
1138,1,2,1.88,8.3
1139,30,3,2.74,7.08
1139,17,2,1.92,3.29
1139,23,1,3.04,3.82
1140,17,2,1.92,3.29
1141,8,2,3.31,9.34
1142,27,3,3.12,11.74
1143,6,1,3.92,7.83
1143,26,2,2.54,8.36
1143,21,2,3.99,6.86
1143,7,2,1.32,5.64
1144,1,1,1.88,8.3
1144,10,1,4.42,10.8
1144,18,1,2.6,3.6
1145,7,3,1.32,5.64
1145,7,3,1.32,5.64
1145,30,1,2.74,7.08
1146,19,2,1.85,7.49
1147,1,2,1.88,8.3
1147,25,2,4.17,6.8
1147,13,3,3.81,9.15
1148,23,3,3.04,3.82
1148,4,2,1.41,6.42
1149,1,3,1.88,8.3
1149,26,2,2.54,8.36
1150,5,3,4.39,8.43
1150,15,1,1.65,6.42
1151,25,3,4.17,6.8
1151,6,3,3.92,7.83
1152,15,1,1.65,6.42
1152,11,2,2.11,8.72
1152,12,3,1.65,6.2
1153,20,3,1.57,4.26
1153,3,1,2.36,4.4
1154,18,1,2.6,3.6
1154,16,1,3.74,10.59
1154,15,2,1.65,6.42
1155,9,3,3.65,9.96
1156,23,2,3.04,3.82
1156,9,2,3.65,9.96
1157,19,2,1.85,7.49
1158,28,3,3.72,4.03
1158,30,3,2.74,7.08
1158,5,2,4.39,8.43
1158,12,3,1.65,6.2
1159,9,3,3.65,9.96
1159,2,3,4.04,4.44
1159,21,1,3.99,6.86
1159,24,1,4.44,4.38
1160,6,3,3.92,7.83
1160,13,1,3.81,9.15
1160,8,2,3.31,9.34
1160,28,2,3.72,4.03
1161,4,1,1.41,6.42
1161,6,3,3.92,7.83
1161,4,2,1.41,6.42
1161,25,2,4.17,6.8
1162,11,3,2.11,8.72
1162,16,1,3.74,10.59
1162,23,3,3.04,3.82
1163,18,1,2.6,3.6
1164,20,2,1.57,4.26
1165,7,1,1.32,5.64
1165,7,1,1.32,5.64
1165,25,3,4.17,6.8
1165,14,2,3.44,4.54
1166,3,2,2.36,4.4
1166,13,1,3.81,9.15
1167,22,2,2.45,11.98
1167,6,1,3.92,7.83
1168,6,1,3.92,7.83
1168,12,2,1.65,6.2
1168,16,2,3.74,10.59
1169,27,1,3.12,11.74
1169,18,3,2.6,3.6
1169,7,1,1.32,5.64
1169,24,3,4.44,4.38
1170,29,2,4.07,6.06
1170,30,1,2.74,7.08
1171,9,3,3.65,9.96
1171,24,1,4.44,4.38
1171,15,1,1.65,6.42
1171,21,2,3.99,6.86
1172,23,3,3.04,3.82
1172,25,1,4.17,6.8
1172,20,2,1.57,4.26
1172,7,2,1.32,5.64
1173,12,2,1.65,6.2
1174,23,2,3.04,3.82
1175,27,3,3.12,11.74
1175,14,3,3.44,4.54
1175,25,2,4.17,6.8
1176,12,1,1.65,6.2
1176,18,3,2.6,3.6
1176,6,3,3.92,7.83
1176,14,2,3.44,4.54
1177,3,1,2.36,4.4
1178,4,2,1.41,6.42
1178,24,3,4.44,4.38
1178,30,3,2.74,7.08
1178,4,3,1.41,6.42
1179,28,2,3.72,4.03
1179,7,1,1.32,5.64
1179,25,2,4.17,6.8
1180,12,2,1.65,6.2
1181,26,1,2.54,8.36
1181,17,2,1.92,3.29
1181,9,3,3.65,9.96
1182,29,2,4.07,6.06
1183,27,3,3.12,11.74
1183,27,3,3.12,11.74
1183,20,2,1.57,4.26
1184,18,2,2.6,3.6
1184,7,3,1.32,5.64
1185,5,3,4.39,8.43
1185,13,3,3.81,9.15
1185,6,2,3.92,7.83
1185,29,2,4.07,6.06
1186,23,1,3.04,3.82
1187,27,3,3.12,11.74
1187,6,2,3.92,7.83
1187,7,1,1.32,5.64
1188,1,3,1.88,8.3
1188,23,3,3.04,3.82
1189,15,3,1.65,6.42
1189,21,2,3.99,6.86
1190,18,1,2.6,3.6
1190,24,2,4.44,4.38
1191,30,1,2.74,7.08
1192,15,3,1.65,6.42
1193,29,1,4.07,6.06
1193,3,1,2.36,4.4
1193,16,2,3.74,10.59
1194,14,1,3.44,4.54
1195,13,2,3.81,9.15
1195,21,2,3.99,6.86
1195,26,1,2.54,8.36
1195,6,2,3.92,7.83
1196,4,2,1.41,6.42
1197,6,3,3.92,7.83
1198,18,1,2.6,3.6
1199,4,1,1.41,6.42
1199,1,2,1.88,8.3
1199,5,1,4.39,8.43
1200,16,1,3.74,10.59
1200,3,2,2.36,4.4
1200,23,3,3.04,3.82
1201,30,1,2.74,7.08
1201,9,1,3.65,9.96
1201,7,3,1.32,5.64
1201,28,3,3.72,4.03
1202,6,1,3.92,7.83
1202,24,2,4.44,4.38
1202,14,2,3.44,4.54
1203,20,2,1.57,4.26
1204,29,3,4.07,6.06
1204,27,1,3.12,11.74
1204,15,1,1.65,6.42
1205,10,3,4.42,10.8
1205,27,3,3.12,11.74
1205,17,2,1.92,3.29
1205,13,1,3.81,9.15
1206,12,1,1.65,6.2
1206,3,1,2.36,4.4
1207,1,2,1.88,8.3
1208,19,2,1.85,7.49
1208,29,1,4.07,6.06
1208,18,1,2.6,3.6
1208,13,2,3.81,9.15
1209,23,3,3.04,3.82
1209,29,3,4.07,6.06
1209,3,3,2.36,4.4
1210,7,1,1.32,5.64
1210,2,2,4.04,4.44
1210,16,1,3.74,10.59
1211,6,3,3.92,7.83
1211,11,3,2.11,8.72
1211,13,1,3.81,9.15
1211,19,1,1.85,7.49
1212,10,1,4.42,10.8
1212,27,2,3.12,11.74
1212,2,3,4.04,4.44
1212,30,3,2.74,7.08
1213,4,2,1.41,6.42
1213,24,2,4.44,4.38
1213,9,2,3.65,9.96
1213,25,2,4.17,6.8
1214,20,1,1.57,4.26
1214,13,2,3.81,9.15
1214,23,2,3.04,3.82
1214,16,3,3.74,10.59
1215,1,1,1.88,8.3
1216,11,3,2.11,8.72
1217,24,2,4.44,4.38
1217,27,3,3.12,11.74
1218,4,1,1.41,6.42
1219,9,3,3.65,9.96
1219,6,1,3.92,7.83
1219,19,2,1.85,7.49
1219,4,1,1.41,6.42
1220,21,2,3.99,6.86
1220,22,1,2.45,11.98
1220,17,3,1.92,3.29
1220,8,3,3.31,9.34
1221,25,3,4.17,6.8
1221,16,1,3.74,10.59
1221,3,2,2.36,4.4
1222,22,3,2.45,11.98
1222,24,1,4.44,4.38
1223,1,3,1.88,8.3
1223,7,2,1.32,5.64
1224,7,3,1.32,5.64
1224,25,3,4.17,6.8
1224,17,2,1.92,3.29
1225,30,1,2.74,7.08
1226,28,3,3.72,4.03
1226,17,1,1.92,3.29
1226,25,2,4.17,6.8
1226,7,1,1.32,5.64
1227,5,2,4.39,8.43
1228,29,2,4.07,6.06
1229,12,2,1.65,6.2
1229,4,3,1.41,6.42
1229,3,2,2.36,4.4
1229,14,1,3.44,4.54
1230,2,2,4.04,4.44
1230,9,2,3.65,9.96
1230,4,1,1.41,6.42
1231,7,2,1.32,5.64
1231,6,3,3.92,7.83
1231,9,3,3.65,9.96
1232,21,1,3.99,6.86
1233,19,2,1.85,7.49
1234,8,3,3.31,9.34
1234,23,3,3.04,3.82
1234,13,2,3.81,9.15
1235,7,1,1.32,5.64
1235,26,1,2.54,8.36
1235,12,3,1.65,6.2
1235,10,3,4.42,10.8
1236,17,3,1.92,3.29
1236,20,2,1.57,4.26
1237,22,1,2.45,11.98
1237,6,1,3.92,7.83
1237,11,2,2.11,8.72
1238,11,1,2.11,8.72
1238,6,2,3.92,7.83
1238,29,1,4.07,6.06
1238,6,3,3.92,7.83
1239,16,1,3.74,10.59
1240,27,1,3.12,11.74
1240,17,3,1.92,3.29
1240,6,1,3.92,7.83
1241,16,3,3.74,10.59
1241,12,3,1.65,6.2
1241,9,3,3.65,9.96
1241,16,2,3.74,10.59
1242,23,2,3.04,3.82
1242,29,3,4.07,6.06
1242,25,3,4.17,6.8
1243,5,2,4.39,8.43
1244,1,1,1.88,8.3
1244,19,3,1.85,7.49
1244,23,2,3.04,3.82
1244,12,1,1.65,6.2
1245,29,3,4.07,6.06
1245,22,3,2.45,11.98
1245,29,2,4.07,6.06
1246,13,3,3.81,9.15
1246,14,2,3.44,4.54
1246,10,1,4.42,10.8
1247,14,2,3.44,4.54
1248,30,3,2.74,7.08
1248,5,2,4.39,8.43
1248,22,1,2.45,11.98
1248,17,2,1.92,3.29
1249,26,2,2.54,8.36
1250,27,3,3.12,11.74
1250,4,1,1.41,6.42
1250,16,2,3.74,10.59
1251,9,1,3.65,9.96
1252,3,3,2.36,4.4
1252,9,1,3.65,9.96
1253,8,1,3.31,9.34
1253,16,2,3.74,10.59
1253,8,3,3.31,9.34
1254,30,2,2.74,7.08
1254,20,2,1.57,4.26
1254,6,3,3.92,7.83
1255,22,1,2.45,11.98
1255,9,1,3.65,9.96
1256,3,2,2.36,4.4
1256,19,3,1.85,7.49
1256,15,3,1.65,6.42
1257,17,2,1.92,3.29
1257,23,2,3.04,3.82
1258,14,2,3.44,4.54
1258,14,2,3.44,4.54
1258,15,1,1.65,6.42
1259,20,2,1.57,4.26
1259,26,1,2.54,8.36
1260,2,2,4.04,4.44
1260,5,2,4.39,8.43
1260,22,1,2.45,11.98
1261,3,1,2.36,4.4
1262,27,2,3.12,11.74
1263,24,3,4.44,4.38
1264,18,3,2.6,3.6
1264,16,1,3.74,10.59
1265,24,1,4.44,4.38
1265,26,2,2.54,8.36
1265,20,3,1.57,4.26
1266,20,1,1.57,4.26
1266,17,1,1.92,3.29
1267,27,3,3.12,11.74
1268,13,2,3.81,9.15
1268,6,1,3.92,7.83
1268,27,3,3.12,11.74
1269,14,1,3.44,4.54
1270,17,3,1.92,3.29
1270,23,3,3.04,3.82
1271,22,1,2.45,11.98
1271,19,2,1.85,7.49
1271,12,3,1.65,6.2
1272,14,2,3.44,4.54
1272,5,1,4.39,8.43
1272,10,2,4.42,10.8
1272,4,3,1.41,6.42
1273,21,3,3.99,6.86
1274,29,3,4.07,6.06
1274,15,2,1.65,6.42
1274,1,1,1.88,8.3
1274,12,3,1.65,6.2
1275,17,1,1.92,3.29
1275,6,3,3.92,7.83
1275,5,2,4.39,8.43
1275,21,3,3.99,6.86
1276,30,2,2.74,7.08
1276,3,3,2.36,4.4
1276,16,2,3.74,10.59
1277,5,3,4.39,8.43
1277,11,3,2.11,8.72
1277,19,2,1.85,7.49
1278,8,1,3.31,9.34
1278,22,1,2.45,11.98
1279,25,3,4.17,6.8
1279,26,1,2.54,8.36
1280,30,1,2.74,7.08
1280,2,3,4.04,4.44
1280,9,1,3.65,9.96
1280,2,3,4.04,4.44
1281,30,1,2.74,7.08
1282,21,3,3.99,6.86
1282,18,1,2.6,3.6
1283,8,1,3.31,9.34
1283,24,1,4.44,4.38
1283,14,3,3.44,4.54
1284,7,1,1.32,5.64
1285,19,3,1.85,7.49
1285,28,1,3.72,4.03
1285,11,1,2.11,8.72
1285,22,3,2.45,11.98
1286,17,2,1.92,3.29
1286,12,3,1.65,6.2
1286,29,3,4.07,6.06
1286,28,1,3.72,4.03
1287,19,1,1.85,7.49
1288,4,2,1.41,6.42
1289,1,1,1.88,8.3
1289,27,2,3.12,11.74
1289,30,2,2.74,7.08
1290,10,1,4.42,10.8
1290,18,3,2.6,3.6
1291,13,3,3.81,9.15
1291,2,3,4.04,4.44
1291,23,1,3.04,3.82
1292,11,2,2.11,8.72
1293,7,3,1.32,5.64
1293,27,3,3.12,11.74
1294,3,3,2.36,4.4
1294,29,3,4.07,6.06
1294,23,1,3.04,3.82
1294,12,1,1.65,6.2
1295,5,2,4.39,8.43
1295,24,1,4.44,4.38
1295,4,1,1.41,6.42
1295,16,3,3.74,10.59
1296,10,1,4.42,10.8
1296,1,1,1.88,8.3
1296,1,1,1.88,8.3
1296,18,3,2.6,3.6
1297,2,2,4.04,4.44
1297,25,2,4.17,6.8
1297,23,1,3.04,3.82
1297,14,3,3.44,4.54
1298,4,3,1.41,6.42
1298,29,2,4.07,6.06
1298,12,1,1.65,6.2
1298,11,2,2.11,8.72
1299,8,2,3.31,9.34
1300,3,1,2.36,4.4
1301,11,2,2.11,8.72
1302,16,3,3.74,10.59
1302,4,3,1.41,6.42
1302,3,1,2.36,4.4
1302,9,3,3.65,9.96
1303,23,2,3.04,3.82
1303,12,3,1.65,6.2
1303,10,3,4.42,10.8
1303,8,3,3.31,9.34
1304,2,2,4.04,4.44
1305,3,1,2.36,4.4
1305,30,1,2.74,7.08
1305,27,3,3.12,11.74
1306,12,3,1.65,6.2
1307,4,1,1.41,6.42
1307,16,1,3.74,10.59
1307,9,2,3.65,9.96
1307,19,2,1.85,7.49
1308,28,3,3.72,4.03
1308,13,2,3.81,9.15
1308,1,2,1.88,8.3
1309,13,1,3.81,9.15
1309,22,2,2.45,11.98
1310,30,1,2.74,7.08
1310,30,3,2.74,7.08
1310,25,2,4.17,6.8
1311,11,3,2.11,8.72
1312,18,2,2.6,3.6
1313,19,3,1.85,7.49
1313,19,3,1.85,7.49
1313,9,1,3.65,9.96
1313,13,2,3.81,9.15
1314,3,1,2.36,4.4
1314,25,3,4.17,6.8
1314,10,2,4.42,10.8
1315,9,3,3.65,9.96
1315,9,3,3.65,9.96
1315,26,3,2.54,8.36
1316,27,2,3.12,11.74
1316,28,1,3.72,4.03
1316,15,2,1.65,6.42
1317,12,2,1.65,6.2
1318,9,3,3.65,9.96
1319,9,2,3.65,9.96
1319,9,2,3.65,9.96
1320,8,1,3.31,9.34
1321,2,3,4.04,4.44
1321,23,1,3.04,3.82
1321,2,3,4.04,4.44
1322,18,3,2.6,3.6
1322,2,3,4.04,4.44
1322,8,2,3.31,9.34
1323,17,1,1.92,3.29
1324,27,3,3.12,11.74
1324,14,1,3.44,4.54
1324,21,2,3.99,6.86
1325,11,2,2.11,8.72
1325,29,3,4.07,6.06
1325,12,2,1.65,6.2
1326,2,2,4.04,4.44
1326,30,1,2.74,7.08
1326,30,3,2.74,7.08
1327,17,3,1.92,3.29
1327,25,3,4.17,6.8
1327,17,3,1.92,3.29
1328,22,3,2.45,11.98
1329,19,3,1.85,7.49
1329,19,3,1.85,7.49
1330,20,2,1.57,4.26
1331,7,3,1.32,5.64
1331,10,1,4.42,10.8
1331,11,1,2.11,8.72
1332,23,1,3.04,3.82
1333,12,3,1.65,6.2
1334,15,2,1.65,6.42
1334,8,3,3.31,9.34
1335,22,3,2.45,11.98
1335,22,1,2.45,11.98
1335,20,2,1.57,4.26
1335,26,2,2.54,8.36
1336,14,3,3.44,4.54
1336,5,3,4.39,8.43
1336,16,3,3.74,10.59
1336,29,1,4.07,6.06
1337,4,2,1.41,6.42
1337,9,3,3.65,9.96
1338,27,2,3.12,11.74
1339,17,3,1.92,3.29
1339,30,2,2.74,7.08
1340,23,2,3.04,3.82
1340,4,2,1.41,6.42
1341,24,1,4.44,4.38
1342,21,2,3.99,6.86
1342,24,2,4.44,4.38
1342,10,2,4.42,10.8
1342,23,1,3.04,3.82
1343,5,1,4.39,8.43
1344,15,1,1.65,6.42
1344,17,3,1.92,3.29
1344,19,2,1.85,7.49
1345,2,3,4.04,4.44
1345,17,3,1.92,3.29
1345,19,3,1.85,7.49
1346,25,1,4.17,6.8
1346,5,1,4.39,8.43
1346,27,3,3.12,11.74
1347,4,2,1.41,6.42
1347,10,1,4.42,10.8
1347,4,2,1.41,6.42
1348,10,2,4.42,10.8
1348,20,1,1.57,4.26
1349,7,3,1.32,5.64
1350,29,3,4.07,6.06
1351,7,2,1.32,5.64
1351,19,2,1.85,7.49
1351,24,2,4.44,4.38
1352,23,3,3.04,3.82
1353,3,1,2.36,4.4
1353,9,3,3.65,9.96
1353,22,1,2.45,11.98
1354,11,1,2.11,8.72
1355,23,3,3.04,3.82
1356,30,3,2.74,7.08
1357,21,3,3.99,6.86
1358,28,1,3.72,4.03
1358,22,1,2.45,11.98
1358,9,2,3.65,9.96
1358,5,2,4.39,8.43
1359,7,3,1.32,5.64
1359,29,1,4.07,6.06
1360,3,2,2.36,4.4
1360,18,3,2.6,3.6
1360,7,3,1.32,5.64
1360,6,1,3.92,7.83
1361,21,3,3.99,6.86
1361,8,3,3.31,9.34
1361,12,2,1.65,6.2
1361,17,3,1.92,3.29
1362,22,2,2.45,11.98
1362,16,3,3.74,10.59
1362,13,3,3.81,9.15
1363,8,1,3.31,9.34
1364,22,2,2.45,11.98
1364,4,1,1.41,6.42
1365,23,2,3.04,3.82
1365,23,1,3.04,3.82
1365,25,2,4.17,6.8
1366,10,2,4.42,10.8
1367,9,3,3.65,9.96
1367,11,2,2.11,8.72
1367,13,2,3.81,9.15
1368,16,3,3.74,10.59
1368,8,2,3.31,9.34
1368,21,1,3.99,6.86
1369,18,1,2.6,3.6
1369,25,3,4.17,6.8
1370,5,3,4.39,8.43
1370,18,1,2.6,3.6
1370,24,1,4.44,4.38
1371,21,1,3.99,6.86
1372,6,3,3.92,7.83
1372,13,3,3.81,9.15
1373,14,1,3.44,4.54
1373,18,3,2.6,3.6
1373,8,1,3.31,9.34
1374,17,2,1.92,3.29
1375,1,1,1.88,8.3
1375,21,3,3.99,6.86
1375,8,1,3.31,9.34
1376,5,3,4.39,8.43
1376,29,2,4.07,6.06
1376,28,1,3.72,4.03
1376,3,1,2.36,4.4
1377,24,3,4.44,4.38
1378,27,3,3.12,11.74
1378,28,2,3.72,4.03
1379,9,2,3.65,9.96
1379,7,1,1.32,5.64
1379,9,3,3.65,9.96
1380,8,2,3.31,9.34
1381,13,1,3.81,9.15
1381,16,3,3.74,10.59
1382,15,1,1.65,6.42
1383,16,3,3.74,10.59
1383,4,3,1.41,6.42
1383,10,2,4.42,10.8
1384,7,2,1.32,5.64
1384,19,1,1.85,7.49
1385,17,3,1.92,3.29
1385,27,3,3.12,11.74
1385,25,1,4.17,6.8
1385,2,2,4.04,4.44
1386,2,2,4.04,4.44
1386,23,3,3.04,3.82
1387,25,3,4.17,6.8
1387,26,2,2.54,8.36
1388,23,2,3.04,3.82
1388,17,3,1.92,3.29
1388,28,3,3.72,4.03
1388,24,1,4.44,4.38
1389,25,1,4.17,6.8
1389,6,3,3.92,7.83
1390,2,2,4.04,4.44
1391,24,3,4.44,4.38
1391,14,2,3.44,4.54
1392,24,3,4.44,4.38
1392,9,3,3.65,9.96
1392,11,3,2.11,8.72
1393,17,3,1.92,3.29
1393,7,3,1.32,5.64
1393,23,2,3.04,3.82
1394,7,2,1.32,5.64
1394,30,3,2.74,7.08
1394,24,1,4.44,4.38
1394,6,3,3.92,7.83
1395,5,2,4.39,8.43
1395,3,1,2.36,4.4
1396,18,2,2.6,3.6
1397,20,1,1.57,4.26
1397,3,2,2.36,4.4
1397,21,3,3.99,6.86
1397,29,1,4.07,6.06
1398,10,2,4.42,10.8
1398,19,3,1.85,7.49
1398,10,2,4.42,10.8
1399,3,3,2.36,4.4
1399,5,1,4.39,8.43
1400,5,3,4.39,8.43
1401,26,3,2.54,8.36
1401,28,3,3.72,4.03
1401,22,2,2.45,11.98
1402,3,3,2.36,4.4
1402,5,1,4.39,8.43
1403,29,1,4.07,6.06
1404,11,2,2.11,8.72
1404,17,1,1.92,3.29
1404,8,3,3.31,9.34
1404,13,2,3.81,9.15
1405,27,3,3.12,11.74
1405,11,3,2.11,8.72
1405,3,3,2.36,4.4
1406,27,2,3.12,11.74
1406,18,2,2.6,3.6
1407,21,2,3.99,6.86
1407,6,1,3.92,7.83
1407,28,2,3.72,4.03
1407,28,2,3.72,4.03
1408,13,2,3.81,9.15
1408,6,3,3.92,7.83
1409,1,3,1.88,8.3
1409,10,2,4.42,10.8
1410,20,2,1.57,4.26
1411,2,3,4.04,4.44
1411,23,2,3.04,3.82
1411,9,3,3.65,9.96
1411,2,3,4.04,4.44
1412,16,1,3.74,10.59
1412,16,3,3.74,10.59
1412,28,3,3.72,4.03
1412,25,3,4.17,6.8
1413,23,3,3.04,3.82
1413,6,1,3.92,7.83
1414,21,3,3.99,6.86
1414,2,2,4.04,4.44
1414,4,3,1.41,6.42
1414,9,1,3.65,9.96
1415,17,1,1.92,3.29
1415,22,2,2.45,11.98
1415,14,3,3.44,4.54
1416,24,2,4.44,4.38
1416,3,1,2.36,4.4
1417,23,3,3.04,3.82
1417,14,1,3.44,4.54
1418,4,2,1.41,6.42
1418,15,3,1.65,6.42
1418,27,3,3.12,11.74
1419,30,1,2.74,7.08
1420,19,3,1.85,7.49
1420,1,1,1.88,8.3
1420,26,1,2.54,8.36
1421,29,3,4.07,6.06
1422,2,2,4.04,4.44
1422,23,2,3.04,3.82
1422,6,2,3.92,7.83
1423,27,1,3.12,11.74
1423,9,1,3.65,9.96
1424,3,2,2.36,4.4
1424,12,3,1.65,6.2
1424,12,2,1.65,6.2
1425,5,3,4.39,8.43
1425,19,1,1.85,7.49
1425,23,2,3.04,3.82
1425,12,3,1.65,6.2
1426,3,3,2.36,4.4
1426,25,1,4.17,6.8
1426,9,1,3.65,9.96
1427,16,1,3.74,10.59
1427,15,3,1.65,6.42
1428,11,3,2.11,8.72
1429,14,2,3.44,4.54
1429,11,2,2.11,8.72
1430,15,3,1.65,6.42
1430,6,1,3.92,7.83
1431,24,2,4.44,4.38
1431,16,1,3.74,10.59
1431,9,3,3.65,9.96
1431,12,3,1.65,6.2
1432,30,1,2.74,7.08
1433,19,2,1.85,7.49
1433,19,1,1.85,7.49
1433,6,3,3.92,7.83
1434,19,1,1.85,7.49
1434,5,3,4.39,8.43
1435,26,1,2.54,8.36
1435,26,2,2.54,8.36
1435,15,2,1.65,6.42
1436,29,1,4.07,6.06
1436,10,2,4.42,10.8
1437,3,3,2.36,4.4
1437,8,1,3.31,9.34
1437,22,3,2.45,11.98
1437,28,2,3.72,4.03
1438,16,3,3.74,10.59
1439,27,2,3.12,11.74
1439,23,1,3.04,3.82
1439,25,1,4.17,6.8
1439,13,1,3.81,9.15
1440,29,2,4.07,6.06
1440,27,3,3.12,11.74
1440,24,2,4.44,4.38
1441,22,3,2.45,11.98
1441,19,1,1.85,7.49
1441,8,3,3.31,9.34
1441,6,1,3.92,7.83
1442,20,3,1.57,4.26
1443,16,1,3.74,10.59
1443,2,1,4.04,4.44
1444,21,1,3.99,6.86
1444,14,1,3.44,4.54
1444,10,2,4.42,10.8
1444,13,3,3.81,9.15
1445,6,2,3.92,7.83
1445,22,3,2.45,11.98
1446,21,2,3.99,6.86
1447,22,2,2.45,11.98
1447,1,2,1.88,8.3
1447,21,3,3.99,6.86
1447,13,2,3.81,9.15
1448,20,2,1.57,4.26
1449,4,1,1.41,6.42
1449,14,3,3.44,4.54
1449,25,2,4.17,6.8
1450,7,3,1.32,5.64
1450,27,3,3.12,11.74
1450,24,2,4.44,4.38
1451,4,2,1.41,6.42
1452,9,2,3.65,9.96
1452,11,3,2.11,8.72
1452,10,1,4.42,10.8
1453,1,2,1.88,8.3
1453,11,2,2.11,8.72
1453,21,1,3.99,6.86
1453,20,1,1.57,4.26
1454,8,1,3.31,9.34
1454,3,3,2.36,4.4
1454,4,1,1.41,6.42
1454,24,1,4.44,4.38
1455,23,3,3.04,3.82
1455,8,3,3.31,9.34
1455,27,3,3.12,11.74
1455,19,2,1.85,7.49
1456,5,3,4.39,8.43
1457,30,3,2.74,7.08
1457,24,2,4.44,4.38
1457,14,2,3.44,4.54
1458,4,1,1.41,6.42
1458,19,2,1.85,7.49
1458,10,3,4.42,10.8
1458,17,3,1.92,3.29
1459,7,2,1.32,5.64
1459,9,3,3.65,9.96
1459,23,1,3.04,3.82
1459,9,3,3.65,9.96
1460,9,1,3.65,9.96
1460,14,1,3.44,4.54
1460,1,2,1.88,8.3
1461,4,1,1.41,6.42
1461,8,1,3.31,9.34
1461,23,2,3.04,3.82
1462,19,2,1.85,7.49
1462,21,3,3.99,6.86
1462,11,3,2.11,8.72
1462,13,2,3.81,9.15
1463,27,2,3.12,11.74
1463,5,2,4.39,8.43
1463,28,3,3.72,4.03
1464,9,2,3.65,9.96
1464,2,3,4.04,4.44
1464,28,3,3.72,4.03
1464,3,3,2.36,4.4
1465,24,3,4.44,4.38
1465,12,2,1.65,6.2
1466,1,1,1.88,8.3
1466,20,3,1.57,4.26
1466,6,3,3.92,7.83
1466,12,3,1.65,6.2
1467,8,2,3.31,9.34
1467,30,3,2.74,7.08
1467,5,2,4.39,8.43
1467,20,1,1.57,4.26
1468,19,2,1.85,7.49
1469,12,1,1.65,6.2
1469,14,3,3.44,4.54
1469,9,2,3.65,9.96
1469,25,2,4.17,6.8
1470,8,2,3.31,9.34
1470,16,2,3.74,10.59
1470,10,2,4.42,10.8
1470,6,1,3.92,7.83
1471,25,2,4.17,6.8
1471,21,1,3.99,6.86
1471,22,1,2.45,11.98
1472,7,3,1.32,5.64
1472,1,3,1.88,8.3
1472,8,1,3.31,9.34
1472,20,3,1.57,4.26
1473,1,2,1.88,8.3
1473,20,1,1.57,4.26
1473,6,3,3.92,7.83
1473,21,2,3.99,6.86
1474,18,3,2.6,3.6
1474,28,1,3.72,4.03
1474,28,1,3.72,4.03
1474,15,2,1.65,6.42
1475,5,2,4.39,8.43
1475,3,1,2.36,4.4
1475,7,3,1.32,5.64
1476,8,1,3.31,9.34
1476,15,3,1.65,6.42
1476,21,1,3.99,6.86
1476,26,3,2.54,8.36
1477,24,1,4.44,4.38
1477,1,3,1.88,8.3
1477,2,3,4.04,4.44
1477,22,2,2.45,11.98
1478,9,3,3.65,9.96
1478,18,1,2.6,3.6
1478,23,3,3.04,3.82
1478,21,3,3.99,6.86
1479,26,2,2.54,8.36
1479,27,3,3.12,11.74
1479,25,1,4.17,6.8
1480,26,1,2.54,8.36
1480,4,1,1.41,6.42
1480,28,2,3.72,4.03
1480,25,3,4.17,6.8
1481,22,2,2.45,11.98
1481,5,1,4.39,8.43
1481,26,2,2.54,8.36
1481,7,2,1.32,5.64
1482,25,1,4.17,6.8
1482,25,2,4.17,6.8
1482,11,2,2.11,8.72
1482,23,2,3.04,3.82
1483,20,1,1.57,4.26
1483,25,1,4.17,6.8
1483,5,3,4.39,8.43
1484,23,2,3.04,3.82
1484,10,3,4.42,10.8
1484,6,3,3.92,7.83
1485,24,3,4.44,4.38
1485,5,1,4.39,8.43
1486,1,1,1.88,8.3
1486,19,2,1.85,7.49
1487,24,3,4.44,4.38
1487,24,3,4.44,4.38
1487,13,2,3.81,9.15
1488,17,2,1.92,3.29
1488,13,2,3.81,9.15
1488,21,1,3.99,6.86
1489,1,3,1.88,8.3
1489,3,2,2.36,4.4
1489,8,2,3.31,9.34
1489,7,1,1.32,5.64
1490,12,2,1.65,6.2
1490,15,3,1.65,6.42
1491,12,3,1.65,6.2
1491,2,2,4.04,4.44
1492,9,3,3.65,9.96
1493,8,2,3.31,9.34
1493,26,3,2.54,8.36
1494,6,1,3.92,7.83
1494,20,2,1.57,4.26
1494,18,2,2.6,3.6
1494,3,3,2.36,4.4
1495,2,1,4.04,4.44
1495,8,1,3.31,9.34
1495,19,3,1.85,7.49
1496,11,3,2.11,8.72
1497,3,2,2.36,4.4
1497,7,1,1.32,5.64
1497,18,3,2.6,3.6
1497,7,3,1.32,5.64
1498,28,1,3.72,4.03
1498,24,2,4.44,4.38
1498,25,3,4.17,6.8
1498,7,3,1.32,5.64
1499,16,3,3.74,10.59
1499,6,2,3.92,7.83
1499,17,2,1.92,3.29
1500,11,2,2.11,8.72
1500,22,3,2.45,11.98
1501,16,1,3.74,10.59
1501,11,3,2.11,8.72
1502,25,2,4.17,6.8
1503,7,1,1.32,5.64
1503,25,1,4.17,6.8
1504,25,3,4.17,6.8
1504,16,1,3.74,10.59
1504,22,2,2.45,11.98
1505,7,2,1.32,5.64
1505,26,1,2.54,8.36
1506,21,3,3.99,6.86
1506,26,2,2.54,8.36
1506,25,3,4.17,6.8
1506,9,1,3.65,9.96
1507,10,2,4.42,10.8
1507,24,2,4.44,4.38
1508,25,2,4.17,6.8
1508,1,2,1.88,8.3
1508,2,2,4.04,4.44
1508,12,3,1.65,6.2
1509,27,3,3.12,11.74
1510,1,2,1.88,8.3
1510,14,2,3.44,4.54
1510,11,3,2.11,8.72
1511,28,2,3.72,4.03
1511,4,1,1.41,6.42
1511,8,1,3.31,9.34
1511,11,3,2.11,8.72
1512,25,3,4.17,6.8
1513,20,3,1.57,4.26
1513,13,1,3.81,9.15
1513,4,1,1.41,6.42
1514,30,2,2.74,7.08
1514,4,2,1.41,6.42
1514,5,3,4.39,8.43
1514,3,2,2.36,4.4
1515,19,1,1.85,7.49
1515,18,1,2.6,3.6
1515,15,1,1.65,6.42
1516,23,1,3.04,3.82
1516,5,1,4.39,8.43
1516,28,3,3.72,4.03
1517,6,2,3.92,7.83
1517,15,1,1.65,6.42
1518,9,3,3.65,9.96
1518,24,1,4.44,4.38
1518,5,1,4.39,8.43
1519,27,3,3.12,11.74
1520,19,2,1.85,7.49
1521,10,3,4.42,10.8
1521,11,3,2.11,8.72
1521,3,3,2.36,4.4
1521,3,3,2.36,4.4
1522,26,3,2.54,8.36
1522,28,1,3.72,4.03
1523,27,2,3.12,11.74
1523,15,2,1.65,6.42
1523,29,3,4.07,6.06
1523,5,3,4.39,8.43
1524,15,3,1.65,6.42
1524,25,3,4.17,6.8
1524,24,2,4.44,4.38
1525,20,2,1.57,4.26
1526,5,2,4.39,8.43
1526,28,1,3.72,4.03
1526,19,3,1.85,7.49
1526,25,2,4.17,6.8
1527,29,3,4.07,6.06
1527,28,3,3.72,4.03
1527,5,1,4.39,8.43
1528,1,3,1.88,8.3
1529,3,2,2.36,4.4
1529,28,2,3.72,4.03
1529,30,1,2.74,7.08
1530,9,1,3.65,9.96
1530,30,1,2.74,7.08
1530,25,2,4.17,6.8
1530,1,1,1.88,8.3
1531,28,3,3.72,4.03
1531,28,3,3.72,4.03
1531,7,2,1.32,5.64
1531,2,2,4.04,4.44
1532,19,1,1.85,7.49
1532,3,1,2.36,4.4
1532,17,3,1.92,3.29
1532,24,3,4.44,4.38
1533,24,3,4.44,4.38
1533,12,3,1.65,6.2
1533,11,2,2.11,8.72
1533,7,1,1.32,5.64
1534,9,3,3.65,9.96
1534,4,2,1.41,6.42
1534,1,1,1.88,8.3
1534,13,2,3.81,9.15
1535,10,1,4.42,10.8
1535,14,3,3.44,4.54
1535,10,1,4.42,10.8
1536,9,3,3.65,9.96
1537,19,1,1.85,7.49
1537,5,3,4.39,8.43
1538,20,1,1.57,4.26
1539,14,1,3.44,4.54
1539,6,3,3.92,7.83
1540,26,1,2.54,8.36
1541,21,2,3.99,6.86
1541,30,2,2.74,7.08
1541,20,2,1.57,4.26
1541,1,1,1.88,8.3
1542,30,2,2.74,7.08
1542,2,3,4.04,4.44
1543,6,1,3.92,7.83
1543,1,2,1.88,8.3
1544,16,2,3.74,10.59
1545,28,3,3.72,4.03
1545,26,3,2.54,8.36
1546,5,2,4.39,8.43
1546,22,3,2.45,11.98
1546,12,3,1.65,6.2
1547,5,1,4.39,8.43
1547,17,1,1.92,3.29
1548,10,3,4.42,10.8
1548,4,1,1.41,6.42
1548,8,2,3.31,9.34
1548,6,3,3.92,7.83
1549,25,1,4.17,6.8
1549,11,2,2.11,8.72
1549,12,3,1.65,6.2
1550,26,1,2.54,8.36
1551,6,2,3.92,7.83
1551,11,1,2.11,8.72
1552,15,1,1.65,6.42
1552,15,3,1.65,6.42
1552,9,3,3.65,9.96
1552,15,1,1.65,6.42
1553,29,1,4.07,6.06
1553,9,2,3.65,9.96
1553,26,2,2.54,8.36
1554,3,2,2.36,4.4
1554,14,3,3.44,4.54
1554,1,3,1.88,8.3
1555,4,3,1.41,6.42
1556,14,3,3.44,4.54
1556,3,3,2.36,4.4
1556,6,2,3.92,7.83
1556,27,3,3.12,11.74
1557,24,3,4.44,4.38
1557,12,3,1.65,6.2
1558,26,3,2.54,8.36
1559,12,1,1.65,6.2
1559,4,3,1.41,6.42
1560,18,3,2.6,3.6
1560,14,1,3.44,4.54
1561,29,3,4.07,6.06
1561,14,2,3.44,4.54
1561,15,2,1.65,6.42
1561,5,3,4.39,8.43
1562,7,3,1.32,5.64
1562,20,3,1.57,4.26
1562,3,1,2.36,4.4
1563,25,1,4.17,6.8
1563,13,1,3.81,9.15
1564,27,2,3.12,11.74
1564,3,1,2.36,4.4
1565,7,2,1.32,5.64
1565,5,3,4.39,8.43
1566,17,2,1.92,3.29
1567,22,2,2.45,11.98
1567,10,1,4.42,10.8
1568,2,2,4.04,4.44
1568,27,2,3.12,11.74
1568,4,3,1.41,6.42
1569,25,2,4.17,6.8
1569,8,3,3.31,9.34
1569,4,1,1.41,6.42
1569,24,3,4.44,4.38
1570,2,3,4.04,4.44
1570,4,2,1.41,6.42
1570,27,3,3.12,11.74
1570,24,2,4.44,4.38
1571,22,2,2.45,11.98
1571,12,1,1.65,6.2
1571,1,1,1.88,8.3
1571,23,2,3.04,3.82
1572,22,2,2.45,11.98
1572,4,3,1.41,6.42
1572,16,3,3.74,10.59
1572,20,3,1.57,4.26
1573,20,1,1.57,4.26
1574,12,3,1.65,6.2
1574,22,3,2.45,11.98
1575,21,2,3.99,6.86
1575,28,2,3.72,4.03
1575,19,3,1.85,7.49
1576,7,3,1.32,5.64
1577,30,2,2.74,7.08
1577,26,1,2.54,8.36
1577,24,2,4.44,4.38
1578,9,2,3.65,9.96
1578,26,1,2.54,8.36
1579,18,3,2.6,3.6
1579,21,2,3.99,6.86
1580,28,1,3.72,4.03
1580,11,2,2.11,8.72
1580,20,3,1.57,4.26
1580,24,1,4.44,4.38
1581,21,2,3.99,6.86
1582,7,2,1.32,5.64
1582,28,3,3.72,4.03
1582,16,2,3.74,10.59
1582,11,2,2.11,8.72
1583,1,1,1.88,8.3
1583,7,3,1.32,5.64
1583,10,3,4.42,10.8
1584,13,3,3.81,9.15
1584,23,1,3.04,3.82
1585,28,2,3.72,4.03
1585,5,3,4.39,8.43
1585,11,3,2.11,8.72
1585,12,2,1.65,6.2
1586,20,3,1.57,4.26
1586,3,2,2.36,4.4
1586,8,2,3.31,9.34
1587,1,2,1.88,8.3
1587,8,3,3.31,9.34
1587,8,1,3.31,9.34
1588,10,1,4.42,10.8
1589,14,3,3.44,4.54
1589,18,3,2.6,3.6
1589,7,2,1.32,5.64
1589,6,3,3.92,7.83
1590,23,2,3.04,3.82
1590,26,2,2.54,8.36
1590,14,2,3.44,4.54
1591,3,3,2.36,4.4
1591,5,2,4.39,8.43
1591,28,3,3.72,4.03
1592,4,3,1.41,6.42
1592,23,2,3.04,3.82
1593,23,3,3.04,3.82
1593,21,3,3.99,6.86
1593,27,1,3.12,11.74
1594,20,2,1.57,4.26
1594,16,3,3.74,10.59
1594,14,1,3.44,4.54
1594,6,1,3.92,7.83
1595,28,3,3.72,4.03
1595,5,1,4.39,8.43
1595,22,2,2.45,11.98
1595,3,3,2.36,4.4
1596,14,3,3.44,4.54
1596,25,1,4.17,6.8
1596,13,1,3.81,9.15
1596,22,2,2.45,11.98
1597,19,3,1.85,7.49
1597,14,1,3.44,4.54
1598,23,2,3.04,3.82
1599,17,2,1.92,3.29
1600,27,1,3.12,11.74
1600,1,3,1.88,8.3
1601,4,2,1.41,6.42
1602,5,2,4.39,8.43
1602,6,1,3.92,7.83
1602,10,2,4.42,10.8
1602,6,3,3.92,7.83
1603,6,2,3.92,7.83
1604,11,2,2.11,8.72
1605,18,1,2.6,3.6
1606,1,2,1.88,8.3
1607,28,1,3.72,4.03
1607,6,1,3.92,7.83
1607,21,3,3.99,6.86
1608,4,3,1.41,6.42
1608,30,1,2.74,7.08
1608,20,2,1.57,4.26
1609,27,2,3.12,11.74
1609,1,3,1.88,8.3
1610,30,2,2.74,7.08
1610,4,2,1.41,6.42
1610,22,1,2.45,11.98
1611,20,1,1.57,4.26
1611,20,2,1.57,4.26
1612,4,3,1.41,6.42
1612,18,1,2.6,3.6
1612,11,1,2.11,8.72
1612,12,1,1.65,6.2
1613,2,2,4.04,4.44
1613,2,2,4.04,4.44
1613,26,3,2.54,8.36
1613,23,3,3.04,3.82
1614,30,3,2.74,7.08
1614,19,3,1.85,7.49
1614,23,3,3.04,3.82
1615,11,1,2.11,8.72
1615,15,1,1.65,6.42
1615,10,3,4.42,10.8
1616,16,1,3.74,10.59
1617,20,2,1.57,4.26
1617,10,2,4.42,10.8
1617,26,2,2.54,8.36
1617,25,3,4.17,6.8
1618,10,3,4.42,10.8
1619,2,2,4.04,4.44
1620,27,3,3.12,11.74
1621,17,2,1.92,3.29
1621,22,3,2.45,11.98
1622,6,1,3.92,7.83
1622,23,2,3.04,3.82
1622,3,3,2.36,4.4
1622,7,2,1.32,5.64
1623,30,2,2.74,7.08
1624,29,1,4.07,6.06
1625,30,2,2.74,7.08
1625,2,1,4.04,4.44
1625,5,3,4.39,8.43
1626,7,3,1.32,5.64
1626,24,2,4.44,4.38
1626,14,3,3.44,4.54
1627,27,1,3.12,11.74
1627,27,2,3.12,11.74
1627,9,3,3.65,9.96
1628,5,3,4.39,8.43
1628,23,1,3.04,3.82
1628,3,3,2.36,4.4
1628,4,1,1.41,6.42
1629,18,2,2.6,3.6
1629,6,3,3.92,7.83
1630,10,3,4.42,10.8
1630,9,1,3.65,9.96
1630,25,1,4.17,6.8
1631,7,1,1.32,5.64
1631,17,1,1.92,3.29
1631,16,2,3.74,10.59
1631,4,1,1.41,6.42
1632,25,3,4.17,6.8
1633,15,3,1.65,6.42
1633,5,2,4.39,8.43
1633,20,1,1.57,4.26
1634,2,3,4.04,4.44
1634,1,1,1.88,8.3
1634,11,2,2.11,8.72
1635,13,2,3.81,9.15
1636,8,1,3.31,9.34
1637,3,1,2.36,4.4
1637,20,3,1.57,4.26
1637,10,3,4.42,10.8
1637,6,1,3.92,7.83
1638,17,3,1.92,3.29
1638,1,3,1.88,8.3
1638,24,1,4.44,4.38
1638,24,2,4.44,4.38
1639,1,2,1.88,8.3
1639,1,3,1.88,8.3
1640,28,1,3.72,4.03
1641,21,2,3.99,6.86
1642,30,3,2.74,7.08
1642,8,3,3.31,9.34
1642,16,3,3.74,10.59
1642,9,2,3.65,9.96
1643,8,1,3.31,9.34
1643,10,3,4.42,10.8
1643,24,1,4.44,4.38
1644,14,2,3.44,4.54
1645,13,1,3.81,9.15
1645,27,3,3.12,11.74
1646,15,3,1.65,6.42
1646,15,2,1.65,6.42
1646,13,2,3.81,9.15
1646,12,2,1.65,6.2
1647,8,1,3.31,9.34
1647,23,1,3.04,3.82
1648,18,2,2.6,3.6
1648,12,3,1.65,6.2
1648,10,1,4.42,10.8
1648,13,1,3.81,9.15
1649,29,3,4.07,6.06
1649,14,1,3.44,4.54
1649,7,1,1.32,5.64
1650,6,2,3.92,7.83
1650,1,3,1.88,8.3
1650,7,2,1.32,5.64
1650,19,3,1.85,7.49
1651,19,1,1.85,7.49
1651,5,2,4.39,8.43
1651,11,2,2.11,8.72
1651,8,3,3.31,9.34
1652,22,1,2.45,11.98
1653,11,1,2.11,8.72
1654,7,2,1.32,5.64
1654,27,1,3.12,11.74
1655,16,2,3.74,10.59
1655,23,1,3.04,3.82
1655,10,2,4.42,10.8
1655,4,3,1.41,6.42
1656,4,3,1.41,6.42
1656,30,3,2.74,7.08
1656,14,1,3.44,4.54
1656,18,3,2.6,3.6
1657,22,1,2.45,11.98
1658,16,2,3.74,10.59
1658,16,1,3.74,10.59
1658,25,1,4.17,6.8
1658,19,3,1.85,7.49
1659,15,1,1.65,6.42
1659,16,3,3.74,10.59
1660,3,1,2.36,4.4
1660,5,3,4.39,8.43
1660,10,3,4.42,10.8
1661,21,2,3.99,6.86
1661,10,3,4.42,10.8
1662,20,3,1.57,4.26
1663,17,2,1.92,3.29
1663,17,1,1.92,3.29
1664,23,2,3.04,3.82
1664,9,2,3.65,9.96
1665,22,1,2.45,11.98
1665,11,3,2.11,8.72
1665,2,1,4.04,4.44
1665,28,3,3.72,4.03
1666,13,1,3.81,9.15
1666,29,2,4.07,6.06
1666,13,2,3.81,9.15
1667,12,3,1.65,6.2
1667,28,2,3.72,4.03
1667,14,3,3.44,4.54
1668,16,2,3.74,10.59
1668,9,1,3.65,9.96
1669,1,1,1.88,8.3
1670,3,1,2.36,4.4
1670,19,1,1.85,7.49
1670,25,1,4.17,6.8
1671,5,3,4.39,8.43
1672,2,3,4.04,4.44
1673,23,1,3.04,3.82
1674,23,1,3.04,3.82
1675,27,1,3.12,11.74
1675,23,2,3.04,3.82
1675,20,3,1.57,4.26
1675,6,2,3.92,7.83
1676,6,3,3.92,7.83
1676,1,1,1.88,8.3
1676,6,1,3.92,7.83
1676,9,1,3.65,9.96
1677,6,2,3.92,7.83
1677,25,1,4.17,6.8
1678,17,3,1.92,3.29
1678,10,1,4.42,10.8
1678,14,2,3.44,4.54
1678,27,2,3.12,11.74
1679,25,1,4.17,6.8
1679,3,1,2.36,4.4
1679,3,2,2.36,4.4
1680,3,3,2.36,4.4
1680,25,3,4.17,6.8
1680,15,1,1.65,6.42
1680,24,3,4.44,4.38
1681,19,2,1.85,7.49
1682,16,2,3.74,10.59
1682,25,2,4.17,6.8
1682,11,3,2.11,8.72
1683,23,2,3.04,3.82
1684,15,2,1.65,6.42
1684,15,1,1.65,6.42
1684,5,3,4.39,8.43
1684,25,2,4.17,6.8
1685,13,3,3.81,9.15
1685,5,2,4.39,8.43
1685,12,1,1.65,6.2
1686,7,1,1.32,5.64
1686,1,2,1.88,8.3
1687,1,2,1.88,8.3
1687,13,1,3.81,9.15
1688,7,2,1.32,5.64
1688,20,3,1.57,4.26
1689,22,1,2.45,11.98
1689,12,1,1.65,6.2
1689,3,2,2.36,4.4
1689,23,2,3.04,3.82
1690,26,1,2.54,8.36
1690,14,2,3.44,4.54
1690,1,2,1.88,8.3
1690,21,1,3.99,6.86
1691,20,1,1.57,4.26
1691,20,1,1.57,4.26
1691,17,2,1.92,3.29
1691,11,3,2.11,8.72
1692,3,1,2.36,4.4
1692,15,2,1.65,6.42
1692,14,1,3.44,4.54
1692,7,2,1.32,5.64
1693,18,2,2.6,3.6
1693,19,2,1.85,7.49
1693,23,1,3.04,3.82
1694,23,3,3.04,3.82
1694,20,1,1.57,4.26
1695,11,3,2.11,8.72
1696,3,3,2.36,4.4
1696,16,2,3.74,10.59
1696,20,3,1.57,4.26
1697,26,2,2.54,8.36
1697,23,1,3.04,3.82
1698,8,3,3.31,9.34
1698,1,2,1.88,8.3
1699,26,2,2.54,8.36
1699,11,2,2.11,8.72
1700,30,3,2.74,7.08
1700,20,1,1.57,4.26
1701,8,2,3.31,9.34
1701,14,3,3.44,4.54
1701,27,1,3.12,11.74
1702,1,1,1.88,8.3
1702,21,3,3.99,6.86
1702,25,2,4.17,6.8
1703,21,2,3.99,6.86
1703,18,1,2.6,3.6
1703,20,2,1.57,4.26
1703,25,2,4.17,6.8
1704,7,3,1.32,5.64
1704,20,2,1.57,4.26
1704,10,1,4.42,10.8
1705,28,2,3.72,4.03
1706,18,1,2.6,3.6
1706,21,2,3.99,6.86
1706,21,2,3.99,6.86
1706,13,1,3.81,9.15
1707,19,3,1.85,7.49
1707,2,3,4.04,4.44
1707,2,3,4.04,4.44
1708,5,1,4.39,8.43
1708,17,1,1.92,3.29
1709,3,2,2.36,4.4
1709,11,1,2.11,8.72
1709,16,2,3.74,10.59
1710,18,1,2.6,3.6
1710,27,1,3.12,11.74
1711,8,1,3.31,9.34
1711,21,3,3.99,6.86
1712,2,1,4.04,4.44
1713,11,2,2.11,8.72
1713,25,3,4.17,6.8
1713,22,2,2.45,11.98
1714,22,3,2.45,11.98
1715,19,1,1.85,7.49
1715,7,1,1.32,5.64
1716,17,1,1.92,3.29
1716,13,1,3.81,9.15
1716,5,3,4.39,8.43
1717,18,2,2.6,3.6
1717,17,2,1.92,3.29
1717,6,1,3.92,7.83
1718,13,1,3.81,9.15
1718,21,2,3.99,6.86
1718,15,1,1.65,6.42
1719,6,1,3.92,7.83
1719,2,2,4.04,4.44
1720,27,3,3.12,11.74
1720,22,1,2.45,11.98
1720,29,3,4.07,6.06
1721,19,2,1.85,7.49
1721,7,3,1.32,5.64
1722,28,2,3.72,4.03
1722,7,2,1.32,5.64
1723,20,1,1.57,4.26
1723,30,2,2.74,7.08
1723,16,3,3.74,10.59
1723,20,2,1.57,4.26
1724,28,1,3.72,4.03
1725,10,2,4.42,10.8
1726,2,2,4.04,4.44
1727,3,2,2.36,4.4
1727,14,3,3.44,4.54
1727,1,2,1.88,8.3
1728,9,2,3.65,9.96
1728,30,1,2.74,7.08
1729,1,1,1.88,8.3
1729,3,3,2.36,4.4
1730,9,1,3.65,9.96
1730,23,3,3.04,3.82
1730,16,1,3.74,10.59
1731,1,1,1.88,8.3
1731,16,2,3.74,10.59
1731,27,2,3.12,11.74
1731,14,1,3.44,4.54
1732,23,2,3.04,3.82
1732,24,2,4.44,4.38
1732,7,2,1.32,5.64
1733,23,2,3.04,3.82
1733,26,1,2.54,8.36
1734,26,1,2.54,8.36
1734,23,3,3.04,3.82
1734,2,2,4.04,4.44
1734,12,1,1.65,6.2
1735,12,3,1.65,6.2
1735,29,2,4.07,6.06
1736,19,2,1.85,7.49
1736,12,2,1.65,6.2
1737,22,3,2.45,11.98
1737,14,2,3.44,4.54
1737,14,1,3.44,4.54
1737,20,2,1.57,4.26
1738,25,3,4.17,6.8
1738,28,3,3.72,4.03
1738,6,1,3.92,7.83
1738,11,3,2.11,8.72
1739,28,3,3.72,4.03
1739,5,1,4.39,8.43
1740,17,1,1.92,3.29
1741,22,3,2.45,11.98
1741,26,2,2.54,8.36
1742,17,3,1.92,3.29
1742,27,2,3.12,11.74
1742,8,3,3.31,9.34
1742,12,3,1.65,6.2
1743,5,3,4.39,8.43
1743,29,1,4.07,6.06
1743,23,1,3.04,3.82
1743,29,3,4.07,6.06
1744,8,2,3.31,9.34
1744,10,1,4.42,10.8
1744,18,3,2.6,3.6
1745,1,2,1.88,8.3
1746,9,2,3.65,9.96
1747,23,3,3.04,3.82
1748,10,2,4.42,10.8
1748,20,3,1.57,4.26
1749,22,2,2.45,11.98
1750,9,3,3.65,9.96
1751,14,3,3.44,4.54
1752,2,2,4.04,4.44
1752,25,1,4.17,6.8
1752,16,2,3.74,10.59
1752,18,1,2.6,3.6
1753,24,2,4.44,4.38
1753,8,3,3.31,9.34
1753,16,1,3.74,10.59
1753,11,2,2.11,8.72
1754,1,3,1.88,8.3
1755,3,3,2.36,4.4
1755,6,2,3.92,7.83
1755,9,3,3.65,9.96
1755,19,2,1.85,7.49
1756,6,2,3.92,7.83
1756,10,1,4.42,10.8
1756,2,2,4.04,4.44
1756,20,2,1.57,4.26
1757,16,2,3.74,10.59
1757,8,1,3.31,9.34
1758,10,1,4.42,10.8
1759,23,2,3.04,3.82
1759,26,3,2.54,8.36
1760,24,3,4.44,4.38
1760,19,1,1.85,7.49
1761,23,3,3.04,3.82
1762,16,1,3.74,10.59
1762,9,2,3.65,9.96
1762,18,3,2.6,3.6
1762,14,1,3.44,4.54
1763,13,3,3.81,9.15
1763,30,1,2.74,7.08
1763,30,1,2.74,7.08
1763,4,1,1.41,6.42
1764,15,3,1.65,6.42
1764,18,2,2.6,3.6
1765,4,3,1.41,6.42
1765,2,1,4.04,4.44
1765,7,1,1.32,5.64
1765,10,1,4.42,10.8
1766,4,3,1.41,6.42
1767,29,1,4.07,6.06
1767,11,1,2.11,8.72
1767,28,2,3.72,4.03
1768,7,1,1.32,5.64
1768,6,2,3.92,7.83
1768,18,3,2.6,3.6
1768,21,3,3.99,6.86
1769,28,1,3.72,4.03
1769,16,3,3.74,10.59
1770,27,3,3.12,11.74
1770,12,1,1.65,6.2
1770,27,2,3.12,11.74
1770,14,1,3.44,4.54
1771,7,3,1.32,5.64
1772,24,1,4.44,4.38
1772,16,3,3.74,10.59
1773,20,3,1.57,4.26
1773,10,2,4.42,10.8
1774,3,3,2.36,4.4
1774,3,3,2.36,4.4
1774,29,1,4.07,6.06
1774,25,3,4.17,6.8
1775,15,3,1.65,6.42
1775,26,2,2.54,8.36
1775,10,3,4.42,10.8
1776,13,3,3.81,9.15
1776,19,3,1.85,7.49
1776,18,3,2.6,3.6
1776,20,3,1.57,4.26
1777,11,3,2.11,8.72
1777,17,3,1.92,3.29
1777,21,1,3.99,6.86
1777,9,3,3.65,9.96
1778,11,2,2.11,8.72
1778,30,1,2.74,7.08
1779,17,3,1.92,3.29
1779,14,2,3.44,4.54
1779,9,3,3.65,9.96
1780,26,3,2.54,8.36
1780,10,1,4.42,10.8
1781,7,2,1.32,5.64
1781,19,3,1.85,7.49
1781,6,1,3.92,7.83
1782,6,3,3.92,7.83
1782,26,2,2.54,8.36
1782,12,1,1.65,6.2
1783,18,2,2.6,3.6
1783,5,2,4.39,8.43
1783,20,1,1.57,4.26
1783,9,1,3.65,9.96
1784,3,1,2.36,4.4
1785,17,3,1.92,3.29
1785,14,1,3.44,4.54
1785,9,1,3.65,9.96
1786,16,2,3.74,10.59
1787,4,2,1.41,6.42
1787,25,1,4.17,6.8
1788,18,3,2.6,3.6
1789,2,3,4.04,4.44
1789,19,1,1.85,7.49
1790,10,2,4.42,10.8
1790,8,1,3.31,9.34
1790,8,3,3.31,9.34
1791,5,1,4.39,8.43
1791,18,3,2.6,3.6
1792,7,3,1.32,5.64
1792,20,1,1.57,4.26
1792,6,1,3.92,7.83
1792,19,3,1.85,7.49
1793,8,2,3.31,9.34
1794,29,1,4.07,6.06
1794,30,1,2.74,7.08
1795,14,3,3.44,4.54
1795,28,3,3.72,4.03
1795,28,2,3.72,4.03
1796,14,3,3.44,4.54
1797,1,3,1.88,8.3
1797,25,2,4.17,6.8
1797,7,3,1.32,5.64
1797,16,2,3.74,10.59
1798,17,3,1.92,3.29
1798,13,2,3.81,9.15
1798,20,1,1.57,4.26
1798,12,1,1.65,6.2
1799,7,1,1.32,5.64
1799,11,2,2.11,8.72
1799,13,2,3.81,9.15
1799,8,3,3.31,9.34
1800,1,3,1.88,8.3
1800,30,3,2.74,7.08
1800,8,3,3.31,9.34
1800,23,1,3.04,3.82
1801,12,2,1.65,6.2
1801,1,2,1.88,8.3
1801,14,3,3.44,4.54
1802,9,2,3.65,9.96
1802,8,2,3.31,9.34
1802,12,2,1.65,6.2
1802,16,1,3.74,10.59
1803,28,1,3.72,4.03
1803,13,2,3.81,9.15
1804,3,3,2.36,4.4
1804,23,3,3.04,3.82
1805,15,1,1.65,6.42
1805,10,1,4.42,10.8
1805,28,2,3.72,4.03
1806,10,1,4.42,10.8
1806,17,1,1.92,3.29
1806,8,1,3.31,9.34
1806,20,1,1.57,4.26
1807,29,1,4.07,6.06
1807,8,1,3.31,9.34
1807,26,1,2.54,8.36
1807,20,3,1.57,4.26
1808,18,1,2.6,3.6
1808,25,2,4.17,6.8
1809,8,1,3.31,9.34
1809,11,1,2.11,8.72
1810,13,1,3.81,9.15
1811,8,3,3.31,9.34
1811,27,2,3.12,11.74
1812,23,1,3.04,3.82
1812,23,1,3.04,3.82
1813,13,1,3.81,9.15
1814,22,2,2.45,11.98
1814,18,3,2.6,3.6
1814,24,2,4.44,4.38
1814,29,3,4.07,6.06
1815,25,2,4.17,6.8
1815,17,2,1.92,3.29
1815,6,3,3.92,7.83
1815,28,2,3.72,4.03
1816,20,2,1.57,4.26
1817,13,2,3.81,9.15
1817,12,1,1.65,6.2
1817,11,2,2.11,8.72
1817,7,1,1.32,5.64
1818,21,2,3.99,6.86
1818,13,1,3.81,9.15
1819,16,2,3.74,10.59
1819,15,3,1.65,6.42
1819,15,2,1.65,6.42
1820,8,1,3.31,9.34
1821,15,2,1.65,6.42
1821,29,3,4.07,6.06
1821,28,2,3.72,4.03
1822,2,2,4.04,4.44
1822,3,2,2.36,4.4
1822,11,1,2.11,8.72
1822,10,3,4.42,10.8
1823,2,1,4.04,4.44
1823,17,1,1.92,3.29
1823,21,3,3.99,6.86
1824,26,3,2.54,8.36
1824,15,2,1.65,6.42
1824,20,2,1.57,4.26
1825,29,2,4.07,6.06
1826,5,2,4.39,8.43
1827,5,1,4.39,8.43
1827,3,3,2.36,4.4
1828,2,2,4.04,4.44
1829,19,1,1.85,7.49
1829,14,1,3.44,4.54
1829,14,3,3.44,4.54
1829,19,2,1.85,7.49
1830,9,3,3.65,9.96
1831,30,1,2.74,7.08
1831,30,3,2.74,7.08
1831,16,1,3.74,10.59
1831,3,3,2.36,4.4
1832,28,2,3.72,4.03
1832,9,3,3.65,9.96
1832,18,3,2.6,3.6
1833,22,3,2.45,11.98
1833,27,3,3.12,11.74
1834,8,1,3.31,9.34
1834,14,2,3.44,4.54
1835,24,2,4.44,4.38
1835,2,3,4.04,4.44
1835,10,2,4.42,10.8
1835,4,1,1.41,6.42
1836,29,1,4.07,6.06
1836,30,1,2.74,7.08
1836,23,3,3.04,3.82
1836,17,2,1.92,3.29
1837,10,1,4.42,10.8
1837,8,1,3.31,9.34
1837,20,2,1.57,4.26
1838,13,2,3.81,9.15
1838,5,2,4.39,8.43
1838,16,1,3.74,10.59
1838,11,2,2.11,8.72
1839,30,2,2.74,7.08
1839,19,1,1.85,7.49
1839,13,2,3.81,9.15
1839,28,1,3.72,4.03
1840,6,3,3.92,7.83
1840,11,3,2.11,8.72
1840,13,1,3.81,9.15
1841,18,2,2.6,3.6
1841,16,1,3.74,10.59
1842,2,1,4.04,4.44
1842,10,2,4.42,10.8
1843,6,2,3.92,7.83
1844,2,3,4.04,4.44
1845,27,2,3.12,11.74
1845,4,2,1.41,6.42
1845,19,2,1.85,7.49
1845,20,3,1.57,4.26
1846,3,2,2.36,4.4
1846,20,2,1.57,4.26
1847,20,1,1.57,4.26
1847,23,2,3.04,3.82
1847,2,2,4.04,4.44
1847,28,2,3.72,4.03
1848,17,2,1.92,3.29
1848,10,3,4.42,10.8
1848,23,2,3.04,3.82
1849,7,1,1.32,5.64
1849,15,1,1.65,6.42
1849,23,1,3.04,3.82
1850,5,1,4.39,8.43
1851,25,2,4.17,6.8
1851,23,2,3.04,3.82
1851,19,1,1.85,7.49
1852,30,3,2.74,7.08
1852,7,2,1.32,5.64
1852,21,1,3.99,6.86
1853,3,1,2.36,4.4
1853,2,2,4.04,4.44
1853,13,1,3.81,9.15
1854,5,2,4.39,8.43
1854,24,3,4.44,4.38
1854,14,3,3.44,4.54
1854,11,3,2.11,8.72
1855,3,2,2.36,4.4
1855,29,2,4.07,6.06
1855,5,1,4.39,8.43
1855,29,1,4.07,6.06
1856,30,1,2.74,7.08
1856,24,1,4.44,4.38
1856,14,1,3.44,4.54
1857,11,1,2.11,8.72
1857,4,2,1.41,6.42
1857,25,3,4.17,6.8
1858,17,2,1.92,3.29
1858,29,3,4.07,6.06
1858,19,3,1.85,7.49
1859,18,2,2.6,3.6
1859,2,2,4.04,4.44
1859,11,1,2.11,8.72
1860,30,2,2.74,7.08
1860,30,3,2.74,7.08
1860,19,1,1.85,7.49
1860,30,2,2.74,7.08
1861,27,1,3.12,11.74
1862,2,1,4.04,4.44
1862,27,2,3.12,11.74
1863,3,2,2.36,4.4
1864,16,3,3.74,10.59
1865,28,1,3.72,4.03
1866,1,3,1.88,8.3
1866,14,1,3.44,4.54
1867,4,1,1.41,6.42
1868,6,2,3.92,7.83
1868,7,3,1.32,5.64
1868,6,2,3.92,7.83
1868,4,2,1.41,6.42
1869,5,1,4.39,8.43
1870,6,1,3.92,7.83
1870,25,2,4.17,6.8
1870,11,1,2.11,8.72
1871,16,3,3.74,10.59
1872,12,1,1.65,6.2
1873,24,1,4.44,4.38
1873,30,3,2.74,7.08
1873,26,1,2.54,8.36
1874,17,3,1.92,3.29
1874,18,1,2.6,3.6
1875,28,2,3.72,4.03
1875,26,2,2.54,8.36
1875,4,3,1.41,6.42
1876,25,3,4.17,6.8
1876,24,3,4.44,4.38
1876,3,3,2.36,4.4
1876,8,3,3.31,9.34
1877,21,2,3.99,6.86
1877,7,1,1.32,5.64
1877,2,2,4.04,4.44
1878,22,2,2.45,11.98
1879,3,1,2.36,4.4
1879,27,1,3.12,11.74
1879,20,3,1.57,4.26
1879,18,1,2.6,3.6
1880,4,3,1.41,6.42
1880,26,1,2.54,8.36
1880,26,3,2.54,8.36
1881,10,1,4.42,10.8
1881,28,1,3.72,4.03
1881,2,2,4.04,4.44
1881,22,1,2.45,11.98
1882,11,2,2.11,8.72
1882,3,3,2.36,4.4
1882,12,1,1.65,6.2
1883,1,2,1.88,8.3
1884,12,1,1.65,6.2
1885,29,1,4.07,6.06
1885,6,3,3.92,7.83
1885,7,3,1.32,5.64
1886,27,3,3.12,11.74
1886,25,3,4.17,6.8
1886,30,1,2.74,7.08
1887,29,2,4.07,6.06
1888,9,3,3.65,9.96
1888,2,1,4.04,4.44
1888,3,1,2.36,4.4
1889,26,2,2.54,8.36
1889,13,3,3.81,9.15
1889,4,2,1.41,6.42
1889,6,3,3.92,7.83
1890,21,3,3.99,6.86
1890,23,1,3.04,3.82
1891,24,3,4.44,4.38
1891,17,1,1.92,3.29
1892,16,3,3.74,10.59
1892,8,1,3.31,9.34
1893,27,3,3.12,11.74
1893,10,2,4.42,10.8
1894,9,1,3.65,9.96
1894,20,1,1.57,4.26
1894,23,2,3.04,3.82
1895,4,2,1.41,6.42
1896,27,3,3.12,11.74
1896,19,1,1.85,7.49
1897,24,1,4.44,4.38
1897,24,1,4.44,4.38
1898,19,1,1.85,7.49
1899,4,2,1.41,6.42
1899,7,2,1.32,5.64
1899,5,1,4.39,8.43
1899,24,3,4.44,4.38
1900,13,3,3.81,9.15
1900,17,3,1.92,3.29
1900,9,2,3.65,9.96
1900,22,1,2.45,11.98
1901,28,3,3.72,4.03
1901,28,3,3.72,4.03
1902,2,2,4.04,4.44
1902,1,2,1.88,8.3
1902,15,1,1.65,6.42
1902,2,1,4.04,4.44
1903,4,2,1.41,6.42
1903,5,2,4.39,8.43
1903,9,1,3.65,9.96
1903,14,1,3.44,4.54
1904,12,2,1.65,6.2
1904,21,1,3.99,6.86
1904,15,1,1.65,6.42
1904,23,2,3.04,3.82
1905,16,1,3.74,10.59
1905,15,1,1.65,6.42
1906,8,3,3.31,9.34
1906,17,3,1.92,3.29
1906,30,1,2.74,7.08
1906,4,2,1.41,6.42
1907,28,3,3.72,4.03
1907,17,2,1.92,3.29
1907,24,2,4.44,4.38
1908,29,2,4.07,6.06
1908,9,1,3.65,9.96
1909,5,1,4.39,8.43
1910,1,2,1.88,8.3
1910,7,1,1.32,5.64
1910,4,3,1.41,6.42
1911,19,1,1.85,7.49
1911,21,2,3.99,6.86
1911,22,3,2.45,11.98
1912,29,1,4.07,6.06
1912,11,1,2.11,8.72
1913,16,1,3.74,10.59
1913,14,3,3.44,4.54
1913,1,3,1.88,8.3
1914,14,1,3.44,4.54
1914,7,2,1.32,5.64
1915,23,1,3.04,3.82
1915,8,3,3.31,9.34
1915,7,1,1.32,5.64
1915,12,1,1.65,6.2
1916,4,2,1.41,6.42
1916,21,3,3.99,6.86
1916,29,2,4.07,6.06
1916,29,1,4.07,6.06
1917,3,2,2.36,4.4
1918,22,3,2.45,11.98
1918,24,1,4.44,4.38
1919,4,1,1.41,6.42
1919,17,3,1.92,3.29
1919,8,3,3.31,9.34
1920,25,2,4.17,6.8
1920,18,3,2.6,3.6
1920,6,1,3.92,7.83
1921,7,1,1.32,5.64
1921,27,1,3.12,11.74
1921,8,3,3.31,9.34
1922,7,1,1.32,5.64
1922,10,2,4.42,10.8
1923,2,1,4.04,4.44
1923,24,3,4.44,4.38
1924,23,1,3.04,3.82
1924,27,1,3.12,11.74
1925,2,3,4.04,4.44
1925,6,3,3.92,7.83
1925,27,2,3.12,11.74
1926,5,2,4.39,8.43
1927,23,3,3.04,3.82
1927,23,3,3.04,3.82
1927,29,3,4.07,6.06
1928,29,2,4.07,6.06
1928,6,3,3.92,7.83
1928,18,3,2.6,3.6
1929,20,2,1.57,4.26
1929,9,2,3.65,9.96
1930,13,2,3.81,9.15
1930,13,3,3.81,9.15
1931,26,3,2.54,8.36
1932,18,2,2.6,3.6
1933,17,1,1.92,3.29
1934,17,3,1.92,3.29
1935,11,3,2.11,8.72
1936,27,1,3.12,11.74
1936,2,2,4.04,4.44
1937,23,3,3.04,3.82
1937,3,3,2.36,4.4
1938,24,3,4.44,4.38
1938,18,1,2.6,3.6
1938,24,2,4.44,4.38
1938,15,1,1.65,6.42
1939,25,1,4.17,6.8
1940,11,1,2.11,8.72
1941,15,3,1.65,6.42
1942,12,2,1.65,6.2
1942,13,3,3.81,9.15
1943,9,1,3.65,9.96
1943,3,3,2.36,4.4
1943,27,1,3.12,11.74
1944,5,1,4.39,8.43
1945,13,2,3.81,9.15
1945,2,3,4.04,4.44
1945,14,2,3.44,4.54
1946,22,2,2.45,11.98
1947,12,3,1.65,6.2
1948,13,3,3.81,9.15
1948,4,1,1.41,6.42
1948,14,1,3.44,4.54
1948,26,2,2.54,8.36
1949,12,2,1.65,6.2
1950,18,3,2.6,3.6
1951,7,1,1.32,5.64
1951,14,3,3.44,4.54
1951,28,3,3.72,4.03
1951,18,2,2.6,3.6
1952,5,1,4.39,8.43
1952,2,2,4.04,4.44
1953,27,3,3.12,11.74
1953,4,3,1.41,6.42
1953,30,3,2.74,7.08
1954,16,1,3.74,10.59
1954,17,1,1.92,3.29
1954,13,3,3.81,9.15
1954,25,1,4.17,6.8
1955,8,1,3.31,9.34
1955,22,1,2.45,11.98
1955,5,3,4.39,8.43
1956,14,2,3.44,4.54
1956,6,1,3.92,7.83
1956,8,2,3.31,9.34
1957,4,2,1.41,6.42
1957,25,2,4.17,6.8
1958,21,2,3.99,6.86
1958,6,2,3.92,7.83
1958,25,2,4.17,6.8
1959,26,1,2.54,8.36
1959,24,3,4.44,4.38
1959,12,2,1.65,6.2
1959,18,3,2.6,3.6
1960,16,2,3.74,10.59
1961,25,1,4.17,6.8
1962,27,2,3.12,11.74
1962,11,3,2.11,8.72
1963,2,2,4.04,4.44
1963,22,3,2.45,11.98
1963,2,2,4.04,4.44
1964,7,3,1.32,5.64
1964,9,3,3.65,9.96
1964,11,3,2.11,8.72
1965,3,1,2.36,4.4
1966,20,1,1.57,4.26
1967,7,1,1.32,5.64
1967,13,3,3.81,9.15
1967,11,1,2.11,8.72
1967,2,2,4.04,4.44
1968,25,2,4.17,6.8
1968,13,1,3.81,9.15
1968,15,3,1.65,6.42
1968,28,2,3.72,4.03
1969,7,1,1.32,5.64
1969,26,1,2.54,8.36
1970,27,3,3.12,11.74
1970,17,1,1.92,3.29
1971,21,3,3.99,6.86
1971,16,2,3.74,10.59
1971,24,2,4.44,4.38
1971,27,3,3.12,11.74
1972,13,2,3.81,9.15
1972,20,2,1.57,4.26
1973,20,1,1.57,4.26
1973,26,1,2.54,8.36
1973,28,3,3.72,4.03
1974,8,2,3.31,9.34
1974,17,2,1.92,3.29
1975,25,2,4.17,6.8
1975,7,1,1.32,5.64
1976,3,1,2.36,4.4
1976,15,2,1.65,6.42
1977,9,1,3.65,9.96
1978,24,1,4.44,4.38
1978,27,2,3.12,11.74
1978,21,1,3.99,6.86
1978,25,2,4.17,6.8
1979,26,3,2.54,8.36
1979,2,3,4.04,4.44
1979,23,1,3.04,3.82
1979,4,3,1.41,6.42
1980,28,1,3.72,4.03
1980,17,1,1.92,3.29
1981,27,1,3.12,11.74
1982,24,1,4.44,4.38
1982,4,1,1.41,6.42
1982,25,1,4.17,6.8
1983,27,2,3.12,11.74
1984,16,3,3.74,10.59
1985,17,2,1.92,3.29
1985,10,3,4.42,10.8
1986,26,3,2.54,8.36
1987,8,2,3.31,9.34
1987,28,3,3.72,4.03
1987,30,3,2.74,7.08
1988,8,3,3.31,9.34
1988,12,3,1.65,6.2
1989,23,3,3.04,3.82
1989,1,3,1.88,8.3
1989,27,1,3.12,11.74
1989,17,2,1.92,3.29
1990,30,1,2.74,7.08
1990,23,2,3.04,3.82
1991,25,3,4.17,6.8
1991,19,2,1.85,7.49
1991,28,3,3.72,4.03
1991,10,3,4.42,10.8
1992,18,2,2.6,3.6
1992,19,2,1.85,7.49
1993,10,1,4.42,10.8
1994,6,1,3.92,7.83
1994,4,1,1.41,6.42
1995,19,3,1.85,7.49
1995,2,2,4.04,4.44
1995,20,3,1.57,4.26
1995,1,3,1.88,8.3
1996,25,2,4.17,6.8
1996,29,1,4.07,6.06
1996,21,2,3.99,6.86
1996,6,3,3.92,7.83
1997,11,3,2.11,8.72
1997,22,3,2.45,11.98
1998,22,3,2.45,11.98
1998,25,1,4.17,6.8
1999,29,3,4.07,6.06
1999,4,1,1.41,6.42
1999,29,3,4.07,6.06
1999,19,3,1.85,7.49
2000,13,3,3.81,9.15
2000,25,2,4.17,6.8
2001,19,2,1.85,7.49
2001,12,2,1.65,6.2
2001,21,1,3.99,6.86
2001,30,1,2.74,7.08
2002,22,3,2.45,11.98
2003,19,2,1.85,7.49
2003,30,1,2.74,7.08
2003,9,1,3.65,9.96
2004,19,2,1.85,7.49
2004,28,3,3.72,4.03
2005,16,1,3.74,10.59
2005,1,1,1.88,8.3
2006,3,1,2.36,4.4
2006,4,2,1.41,6.42
2006,17,1,1.92,3.29
2006,3,1,2.36,4.4
2007,2,1,4.04,4.44
2008,3,2,2.36,4.4
2008,21,3,3.99,6.86
2008,3,3,2.36,4.4
2009,28,3,3.72,4.03
2009,17,1,1.92,3.29
2010,24,2,4.44,4.38
2011,29,2,4.07,6.06
2012,6,1,3.92,7.83
2012,23,2,3.04,3.82
2012,29,1,4.07,6.06
2012,24,2,4.44,4.38
2013,12,1,1.65,6.2
2013,18,1,2.6,3.6
2014,6,3,3.92,7.83
2015,30,3,2.74,7.08
2015,22,3,2.45,11.98
2015,9,1,3.65,9.96
2015,7,1,1.32,5.64
2016,30,2,2.74,7.08
2016,12,3,1.65,6.2
2017,15,3,1.65,6.42
2018,22,1,2.45,11.98
2018,3,3,2.36,4.4
2019,25,2,4.17,6.8
2019,8,3,3.31,9.34
2020,13,1,3.81,9.15
2020,7,1,1.32,5.64
2020,15,1,1.65,6.42
2021,24,1,4.44,4.38
2022,17,1,1.92,3.29
2022,27,1,3.12,11.74
2022,14,2,3.44,4.54
2023,22,2,2.45,11.98
2023,27,1,3.12,11.74
2024,29,2,4.07,6.06
2024,24,2,4.44,4.38
2025,27,1,3.12,11.74
2026,4,3,1.41,6.42
2026,7,2,1.32,5.64
2027,24,2,4.44,4.38
2027,26,3,2.54,8.36
2027,22,3,2.45,11.98
2028,29,1,4.07,6.06
2028,28,3,3.72,4.03
2029,11,1,2.11,8.72
2030,13,3,3.81,9.15
2030,30,1,2.74,7.08
2030,15,2,1.65,6.42
2030,23,1,3.04,3.82
2031,17,1,1.92,3.29
2031,28,1,3.72,4.03
2031,12,1,1.65,6.2
2031,13,3,3.81,9.15
2032,21,2,3.99,6.86
2032,11,3,2.11,8.72
2033,25,2,4.17,6.8
2034,19,1,1.85,7.49
2034,24,1,4.44,4.38
2034,17,3,1.92,3.29
2034,25,1,4.17,6.8
2035,15,3,1.65,6.42
2035,2,3,4.04,4.44
2035,19,3,1.85,7.49
2035,25,3,4.17,6.8
2036,26,3,2.54,8.36
2036,28,1,3.72,4.03
2036,6,1,3.92,7.83
2037,22,3,2.45,11.98
2037,14,3,3.44,4.54
2038,29,3,4.07,6.06
2038,11,3,2.11,8.72
2038,20,3,1.57,4.26
2039,15,3,1.65,6.42
2039,18,3,2.6,3.6
2039,15,1,1.65,6.42
2040,29,3,4.07,6.06
2040,13,2,3.81,9.15
2041,1,3,1.88,8.3
2041,15,2,1.65,6.42
2042,24,3,4.44,4.38
2043,13,3,3.81,9.15
2043,5,3,4.39,8.43
2043,19,2,1.85,7.49
2043,17,2,1.92,3.29
2044,16,3,3.74,10.59
2044,2,3,4.04,4.44
2045,21,1,3.99,6.86
2045,22,3,2.45,11.98
2045,26,1,2.54,8.36
2045,12,1,1.65,6.2
2046,13,3,3.81,9.15
2046,20,2,1.57,4.26
2046,22,2,2.45,11.98
2046,19,1,1.85,7.49
2047,29,3,4.07,6.06
2047,6,3,3.92,7.83
2047,11,2,2.11,8.72
2048,15,3,1.65,6.42
2048,13,1,3.81,9.15
2048,5,2,4.39,8.43
2048,27,3,3.12,11.74
2049,26,2,2.54,8.36
2049,27,1,3.12,11.74
2049,28,1,3.72,4.03
2050,3,3,2.36,4.4
2050,22,2,2.45,11.98
2050,6,3,3.92,7.83
2051,13,1,3.81,9.15
2051,19,1,1.85,7.49
2051,13,3,3.81,9.15
2052,4,1,1.41,6.42
2052,28,3,3.72,4.03
2052,4,3,1.41,6.42
2053,17,2,1.92,3.29
2053,13,3,3.81,9.15
2053,11,1,2.11,8.72
2053,20,2,1.57,4.26
2054,1,1,1.88,8.3
2054,10,3,4.42,10.8
2055,30,1,2.74,7.08
2056,7,3,1.32,5.64
2057,3,2,2.36,4.4
2058,10,2,4.42,10.8
2058,4,2,1.41,6.42
2058,27,2,3.12,11.74
2059,20,1,1.57,4.26
2059,27,2,3.12,11.74
2059,16,3,3.74,10.59
2060,28,2,3.72,4.03
2060,2,1,4.04,4.44
2060,20,2,1.57,4.26
2060,28,1,3.72,4.03
2061,6,2,3.92,7.83
2061,13,3,3.81,9.15
2061,17,1,1.92,3.29
2062,25,2,4.17,6.8
2062,1,2,1.88,8.3
2063,13,1,3.81,9.15
2063,29,1,4.07,6.06
2063,30,2,2.74,7.08
2064,26,2,2.54,8.36
2064,18,2,2.6,3.6
2064,9,2,3.65,9.96
2064,28,1,3.72,4.03
2065,24,3,4.44,4.38
2065,9,3,3.65,9.96
2065,21,2,3.99,6.86
2066,6,3,3.92,7.83
2066,5,2,4.39,8.43
2066,20,1,1.57,4.26
2067,5,1,4.39,8.43
2068,21,1,3.99,6.86
2068,19,3,1.85,7.49
2068,29,1,4.07,6.06
2069,26,2,2.54,8.36
2070,11,2,2.11,8.72
2070,2,3,4.04,4.44
2070,7,3,1.32,5.64
2071,10,2,4.42,10.8
2071,28,3,3.72,4.03
2071,17,3,1.92,3.29
2072,5,2,4.39,8.43
2072,28,3,3.72,4.03
2072,30,1,2.74,7.08
2072,14,2,3.44,4.54
2073,24,1,4.44,4.38
2073,5,2,4.39,8.43
2074,7,1,1.32,5.64
2074,17,1,1.92,3.29
2074,26,1,2.54,8.36
2075,5,1,4.39,8.43
2076,2,2,4.04,4.44
2077,14,2,3.44,4.54
2077,16,1,3.74,10.59
2078,1,3,1.88,8.3
2078,6,2,3.92,7.83
2078,13,3,3.81,9.15
2079,29,2,4.07,6.06
2079,16,2,3.74,10.59
2080,16,1,3.74,10.59
2080,13,1,3.81,9.15
2080,28,3,3.72,4.03
2081,17,3,1.92,3.29
2082,13,1,3.81,9.15
2083,6,1,3.92,7.83
2083,15,3,1.65,6.42
2083,7,1,1.32,5.64
2083,15,3,1.65,6.42
2084,27,1,3.12,11.74
2084,11,1,2.11,8.72
2085,24,2,4.44,4.38
2085,29,1,4.07,6.06
2086,21,2,3.99,6.86
2087,29,1,4.07,6.06
2087,11,3,2.11,8.72
2088,11,3,2.11,8.72
2088,10,2,4.42,10.8
2089,8,1,3.31,9.34
2089,26,2,2.54,8.36
2089,10,1,4.42,10.8
2089,1,3,1.88,8.3
2090,20,3,1.57,4.26
2090,24,1,4.44,4.38
2090,6,2,3.92,7.83
2090,20,3,1.57,4.26
2091,15,1,1.65,6.42
2091,6,1,3.92,7.83
2092,24,1,4.44,4.38
2092,7,2,1.32,5.64
2092,23,2,3.04,3.82
2092,5,3,4.39,8.43
2093,26,3,2.54,8.36
2094,18,1,2.6,3.6
2095,20,3,1.57,4.26
2095,29,2,4.07,6.06
2095,17,3,1.92,3.29
2095,17,3,1.92,3.29
2096,6,1,3.92,7.83
2096,21,3,3.99,6.86
2096,13,1,3.81,9.15
2097,8,2,3.31,9.34
2097,21,1,3.99,6.86
2097,27,3,3.12,11.74
2098,27,1,3.12,11.74
2098,7,3,1.32,5.64
2098,19,1,1.85,7.49
2099,25,3,4.17,6.8
2099,19,3,1.85,7.49
2100,7,2,1.32,5.64
2100,9,3,3.65,9.96
2100,28,3,3.72,4.03
2101,30,1,2.74,7.08
2101,19,2,1.85,7.49
2102,3,3,2.36,4.4
2102,4,1,1.41,6.42
2102,13,1,3.81,9.15
2102,21,1,3.99,6.86
2103,28,3,3.72,4.03
2104,4,3,1.41,6.42
2105,4,1,1.41,6.42
2105,30,1,2.74,7.08
2105,2,1,4.04,4.44
2105,20,3,1.57,4.26
2106,30,1,2.74,7.08
2106,7,3,1.32,5.64
2106,24,3,4.44,4.38
2106,7,1,1.32,5.64
2107,11,1,2.11,8.72
2107,18,1,2.6,3.6
2107,22,1,2.45,11.98
2107,15,3,1.65,6.42
2108,25,2,4.17,6.8
2108,6,1,3.92,7.83
2109,21,3,3.99,6.86
2109,5,2,4.39,8.43
2109,28,1,3.72,4.03
2109,19,3,1.85,7.49
2110,13,1,3.81,9.15
2110,1,3,1.88,8.3
2110,7,3,1.32,5.64
2111,26,3,2.54,8.36
2112,5,3,4.39,8.43
2112,19,2,1.85,7.49
2112,27,1,3.12,11.74
2113,9,1,3.65,9.96
2113,14,2,3.44,4.54
2114,25,1,4.17,6.8
2114,7,1,1.32,5.64
2114,9,1,3.65,9.96
2115,14,1,3.44,4.54
2116,18,2,2.6,3.6
2116,9,1,3.65,9.96
2117,24,3,4.44,4.38
2117,3,2,2.36,4.4
2117,14,3,3.44,4.54
2117,1,2,1.88,8.3
2118,11,2,2.11,8.72
2119,23,3,3.04,3.82
2119,28,2,3.72,4.03
2120,20,2,1.57,4.26
2121,12,2,1.65,6.2
2121,29,2,4.07,6.06
2121,20,1,1.57,4.26
2121,12,2,1.65,6.2
2122,8,2,3.31,9.34
2122,16,1,3.74,10.59
2123,1,1,1.88,8.3
2123,2,3,4.04,4.44
2123,2,1,4.04,4.44
2123,26,3,2.54,8.36
2124,18,1,2.6,3.6
2124,4,2,1.41,6.42
2124,13,2,3.81,9.15
2124,25,1,4.17,6.8
2125,18,1,2.6,3.6
2126,5,3,4.39,8.43
2127,15,1,1.65,6.42
2128,4,1,1.41,6.42
2128,2,2,4.04,4.44
2128,23,1,3.04,3.82
2128,11,1,2.11,8.72
2129,16,2,3.74,10.59
2129,7,2,1.32,5.64
2129,6,1,3.92,7.83
2130,6,2,3.92,7.83
2130,18,3,2.6,3.6
2130,22,2,2.45,11.98
2130,15,2,1.65,6.42
2131,7,1,1.32,5.64
2132,6,2,3.92,7.83
2132,30,2,2.74,7.08
2132,27,2,3.12,11.74
2132,29,2,4.07,6.06
2133,19,1,1.85,7.49
2133,17,1,1.92,3.29
2133,27,1,3.12,11.74
2134,13,2,3.81,9.15
2134,14,1,3.44,4.54
2134,10,2,4.42,10.8
2135,15,3,1.65,6.42
2136,2,1,4.04,4.44
2136,24,3,4.44,4.38
2136,9,3,3.65,9.96
2137,19,1,1.85,7.49
2137,11,1,2.11,8.72
2137,22,3,2.45,11.98
2138,20,3,1.57,4.26
2138,17,1,1.92,3.29
2138,26,3,2.54,8.36
2139,26,3,2.54,8.36
2139,17,2,1.92,3.29
2139,21,1,3.99,6.86
2139,21,1,3.99,6.86
2140,27,2,3.12,11.74
2141,14,2,3.44,4.54
2142,2,2,4.04,4.44
2142,16,3,3.74,10.59
2142,9,1,3.65,9.96
2143,6,1,3.92,7.83
2143,24,3,4.44,4.38
2143,17,3,1.92,3.29
2143,19,3,1.85,7.49
2144,26,1,2.54,8.36
2144,3,3,2.36,4.4
2144,27,2,3.12,11.74
2144,6,2,3.92,7.83
2145,17,2,1.92,3.29
2146,27,1,3.12,11.74
2147,8,2,3.31,9.34
2148,29,1,4.07,6.06
2148,29,1,4.07,6.06
2148,3,2,2.36,4.4
2148,1,3,1.88,8.3
2149,27,1,3.12,11.74
2150,6,1,3.92,7.83
2150,15,2,1.65,6.42
2151,17,2,1.92,3.29
2151,15,1,1.65,6.42
2151,18,1,2.6,3.6
2151,2,1,4.04,4.44
2152,11,2,2.11,8.72
2152,22,1,2.45,11.98
2152,27,1,3.12,11.74
2152,27,1,3.12,11.74
2153,3,3,2.36,4.4
2153,22,1,2.45,11.98
2153,30,1,2.74,7.08
2153,17,2,1.92,3.29
2154,18,3,2.6,3.6
2154,5,2,4.39,8.43
2154,24,2,4.44,4.38
2154,19,3,1.85,7.49
2155,19,2,1.85,7.49
2156,26,3,2.54,8.36
2157,16,3,3.74,10.59
2158,11,3,2.11,8.72
2158,13,2,3.81,9.15
2159,6,2,3.92,7.83
2159,21,1,3.99,6.86
2159,29,3,4.07,6.06
2159,30,2,2.74,7.08
2160,18,1,2.6,3.6
2160,24,2,4.44,4.38
2160,30,3,2.74,7.08
2160,14,1,3.44,4.54
2161,3,2,2.36,4.4
2161,1,1,1.88,8.3
2162,30,2,2.74,7.08
2162,19,1,1.85,7.49
2163,1,3,1.88,8.3
2163,19,1,1.85,7.49
2164,20,1,1.57,4.26
2164,29,2,4.07,6.06
2165,25,3,4.17,6.8
2165,15,3,1.65,6.42
2166,3,2,2.36,4.4
2167,12,3,1.65,6.2
2167,25,3,4.17,6.8
2168,8,1,3.31,9.34
2169,6,1,3.92,7.83
2169,2,2,4.04,4.44
2169,11,3,2.11,8.72
2170,30,1,2.74,7.08
2171,5,2,4.39,8.43
2171,4,3,1.41,6.42
2171,4,2,1.41,6.42
2171,11,3,2.11,8.72
2172,1,3,1.88,8.3
2172,14,2,3.44,4.54
2172,28,1,3.72,4.03
2173,23,2,3.04,3.82
2173,20,3,1.57,4.26
2174,15,3,1.65,6.42
2174,5,1,4.39,8.43
2174,9,1,3.65,9.96
2174,15,2,1.65,6.42
2175,20,1,1.57,4.26
2175,30,2,2.74,7.08
2175,21,2,3.99,6.86
2176,23,3,3.04,3.82
2176,13,3,3.81,9.15
2177,23,1,3.04,3.82
2177,11,2,2.11,8.72
2177,19,2,1.85,7.49
2178,20,1,1.57,4.26
2179,23,2,3.04,3.82
2179,29,3,4.07,6.06
2180,3,2,2.36,4.4
2180,22,3,2.45,11.98
2180,2,1,4.04,4.44
2180,27,3,3.12,11.74
2181,14,3,3.44,4.54
2181,21,1,3.99,6.86
2182,12,3,1.65,6.2
2182,2,2,4.04,4.44
2182,16,1,3.74,10.59
2183,26,1,2.54,8.36
2183,10,3,4.42,10.8
2183,19,2,1.85,7.49
2184,22,2,2.45,11.98
2184,26,3,2.54,8.36
2184,28,3,3.72,4.03
2184,20,2,1.57,4.26
2185,26,2,2.54,8.36
2185,9,1,3.65,9.96
2185,1,2,1.88,8.3
2186,11,3,2.11,8.72
2186,29,1,4.07,6.06
2186,19,2,1.85,7.49
2186,26,2,2.54,8.36
2187,14,1,3.44,4.54
2188,29,2,4.07,6.06
2188,26,1,2.54,8.36
2188,28,3,3.72,4.03
2188,6,2,3.92,7.83
2189,13,3,3.81,9.15
2190,30,1,2.74,7.08
2190,1,3,1.88,8.3
2191,5,2,4.39,8.43
2191,6,2,3.92,7.83
2192,13,1,3.81,9.15
2192,25,2,4.17,6.8
2192,20,1,1.57,4.26
2193,9,3,3.65,9.96
2193,4,1,1.41,6.42
2194,2,1,4.04,4.44
2194,25,3,4.17,6.8
2194,1,1,1.88,8.3
2194,16,3,3.74,10.59
2195,7,1,1.32,5.64
2195,6,3,3.92,7.83
2196,5,3,4.39,8.43
2196,14,2,3.44,4.54
2196,28,1,3.72,4.03
2196,21,2,3.99,6.86
2197,7,3,1.32,5.64
2198,14,2,3.44,4.54
2198,23,3,3.04,3.82
2199,18,2,2.6,3.6
2199,27,3,3.12,11.74
2199,6,2,3.92,7.83
2199,9,3,3.65,9.96
2200,17,2,1.92,3.29
2200,29,2,4.07,6.06
2201,22,2,2.45,11.98
2202,11,3,2.11,8.72
2202,5,1,4.39,8.43
2202,28,1,3.72,4.03
2202,4,1,1.41,6.42
2203,22,3,2.45,11.98
2203,24,1,4.44,4.38
2203,15,2,1.65,6.42
2203,29,2,4.07,6.06
2204,6,1,3.92,7.83
2204,7,3,1.32,5.64
2204,18,2,2.6,3.6
2204,22,1,2.45,11.98
2205,21,3,3.99,6.86
2206,8,1,3.31,9.34
2206,9,2,3.65,9.96
2206,23,3,3.04,3.82
2206,7,1,1.32,5.64
2207,9,3,3.65,9.96
2207,29,1,4.07,6.06
2208,2,3,4.04,4.44
2209,16,3,3.74,10.59
2209,10,3,4.42,10.8
2209,29,1,4.07,6.06
2209,27,2,3.12,11.74
2210,30,3,2.74,7.08
2210,12,2,1.65,6.2
2210,9,2,3.65,9.96
2211,23,1,3.04,3.82
2211,16,3,3.74,10.59
2211,20,1,1.57,4.26
2212,21,3,3.99,6.86
2213,18,2,2.6,3.6
2213,17,3,1.92,3.29
2214,19,3,1.85,7.49
2214,17,1,1.92,3.29
2214,29,3,4.07,6.06
2214,20,1,1.57,4.26
2215,27,2,3.12,11.74
2215,4,2,1.41,6.42
2216,8,1,3.31,9.34
2216,26,1,2.54,8.36
2216,28,3,3.72,4.03
2216,20,3,1.57,4.26
2217,5,1,4.39,8.43
2217,27,3,3.12,11.74
2217,21,1,3.99,6.86
2218,19,1,1.85,7.49
2218,5,1,4.39,8.43
2219,6,3,3.92,7.83
2219,28,3,3.72,4.03
2220,6,1,3.92,7.83
2220,4,1,1.41,6.42
2221,29,1,4.07,6.06
2221,1,1,1.88,8.3
2222,4,1,1.41,6.42
2222,30,1,2.74,7.08
2222,17,3,1.92,3.29
2222,20,3,1.57,4.26
2223,18,1,2.6,3.6
2224,10,1,4.42,10.8
2225,21,1,3.99,6.86
2225,21,1,3.99,6.86
2225,19,3,1.85,7.49
2226,26,3,2.54,8.36
2226,21,1,3.99,6.86
2226,7,2,1.32,5.64
2226,10,2,4.42,10.8
2227,7,3,1.32,5.64
2228,12,2,1.65,6.2
2229,27,1,3.12,11.74
2229,11,1,2.11,8.72
2229,29,3,4.07,6.06
2229,2,2,4.04,4.44
2230,3,1,2.36,4.4
2230,1,3,1.88,8.3
2230,13,2,3.81,9.15
2231,10,1,4.42,10.8
2231,26,2,2.54,8.36
2232,25,3,4.17,6.8
2232,16,1,3.74,10.59
2232,17,3,1.92,3.29
2233,14,3,3.44,4.54
2233,7,2,1.32,5.64
2233,18,1,2.6,3.6
2233,13,3,3.81,9.15
2234,26,1,2.54,8.36
2234,17,1,1.92,3.29
2234,18,2,2.6,3.6
2234,18,3,2.6,3.6
2235,17,3,1.92,3.29
2235,22,3,2.45,11.98
2235,16,3,3.74,10.59
2235,3,2,2.36,4.4
2236,12,2,1.65,6.2
2236,28,1,3.72,4.03
2237,5,1,4.39,8.43
2237,3,1,2.36,4.4
2238,13,1,3.81,9.15
2238,10,1,4.42,10.8
2239,3,2,2.36,4.4
2239,12,2,1.65,6.2
2240,15,2,1.65,6.42
2240,23,1,3.04,3.82
2240,22,3,2.45,11.98
2240,5,2,4.39,8.43
2241,4,3,1.41,6.42
2242,5,2,4.39,8.43
2242,9,1,3.65,9.96
2242,6,1,3.92,7.83
2242,20,2,1.57,4.26
2243,2,3,4.04,4.44
2243,29,2,4.07,6.06
2243,24,3,4.44,4.38
2243,12,2,1.65,6.2
2244,12,2,1.65,6.2
2244,27,1,3.12,11.74
2244,11,2,2.11,8.72
2245,5,2,4.39,8.43
2245,16,1,3.74,10.59
2246,8,3,3.31,9.34
2246,29,2,4.07,6.06
2246,14,2,3.44,4.54
2246,2,2,4.04,4.44
2247,6,3,3.92,7.83
2247,6,3,3.92,7.83
2247,20,2,1.57,4.26
2247,29,3,4.07,6.06
2248,17,3,1.92,3.29
2248,30,3,2.74,7.08
2248,6,1,3.92,7.83
2248,23,2,3.04,3.82
2249,3,2,2.36,4.4
2249,30,3,2.74,7.08
2249,30,2,2.74,7.08
2249,1,2,1.88,8.3
2250,3,1,2.36,4.4
2251,28,2,3.72,4.03
2251,29,1,4.07,6.06
2252,24,1,4.44,4.38
2253,7,1,1.32,5.64
2253,2,2,4.04,4.44
2254,22,1,2.45,11.98
2254,1,2,1.88,8.3
2254,9,3,3.65,9.96
2255,18,3,2.6,3.6
2255,11,3,2.11,8.72
2255,10,1,4.42,10.8
2256,14,3,3.44,4.54
2256,18,3,2.6,3.6
2256,7,2,1.32,5.64
2256,12,1,1.65,6.2
2257,27,3,3.12,11.74
2257,3,3,2.36,4.4
2257,26,3,2.54,8.36
2257,17,1,1.92,3.29
2258,7,3,1.32,5.64
2259,5,2,4.39,8.43
2260,29,2,4.07,6.06
2260,7,3,1.32,5.64
2260,12,2,1.65,6.2
2260,9,3,3.65,9.96
2261,13,2,3.81,9.15
2262,19,3,1.85,7.49
2262,8,3,3.31,9.34
2263,18,2,2.6,3.6
2263,6,2,3.92,7.83
2264,18,1,2.6,3.6
2264,11,2,2.11,8.72
2265,13,2,3.81,9.15
2266,12,2,1.65,6.2
2267,20,1,1.57,4.26
2268,16,3,3.74,10.59
2269,29,1,4.07,6.06
2270,25,3,4.17,6.8
2270,13,1,3.81,9.15
2270,20,3,1.57,4.26
2270,1,1,1.88,8.3
2271,2,3,4.04,4.44
2271,23,1,3.04,3.82
2271,6,3,3.92,7.83
2271,1,2,1.88,8.3
2272,23,1,3.04,3.82
2272,22,1,2.45,11.98
2272,1,1,1.88,8.3
2273,28,1,3.72,4.03
2273,1,1,1.88,8.3
2273,28,2,3.72,4.03
2274,7,3,1.32,5.64
2274,30,1,2.74,7.08
2274,30,2,2.74,7.08
2275,15,2,1.65,6.42
2276,23,1,3.04,3.82
2276,28,1,3.72,4.03
2276,15,3,1.65,6.42
2276,18,1,2.6,3.6
2277,30,1,2.74,7.08
2278,22,3,2.45,11.98
2278,7,2,1.32,5.64
2278,25,3,4.17,6.8
2279,9,2,3.65,9.96
2280,2,3,4.04,4.44
2280,20,3,1.57,4.26
2280,25,2,4.17,6.8
2280,3,1,2.36,4.4
2281,21,2,3.99,6.86
2281,29,3,4.07,6.06
2282,25,1,4.17,6.8
2282,30,2,2.74,7.08
2282,22,3,2.45,11.98
2283,3,1,2.36,4.4
2283,2,2,4.04,4.44
2283,16,3,3.74,10.59
2283,19,1,1.85,7.49
2284,3,3,2.36,4.4
2285,2,3,4.04,4.44
2285,29,1,4.07,6.06
2285,16,3,3.74,10.59
2286,19,2,1.85,7.49
2286,10,3,4.42,10.8
2287,13,2,3.81,9.15
2288,1,1,1.88,8.3
2288,6,3,3.92,7.83
2288,12,1,1.65,6.2
2289,9,1,3.65,9.96
2289,29,2,4.07,6.06
2289,6,2,3.92,7.83
2290,19,1,1.85,7.49
2290,21,1,3.99,6.86
2291,28,1,3.72,4.03
2291,3,1,2.36,4.4
2291,24,1,4.44,4.38
2292,8,1,3.31,9.34
2292,21,3,3.99,6.86
2292,18,2,2.6,3.6
2293,29,1,4.07,6.06
2293,3,2,2.36,4.4
2294,10,3,4.42,10.8
2295,11,3,2.11,8.72
2295,28,1,3.72,4.03
2295,3,1,2.36,4.4
2295,19,3,1.85,7.49
2296,8,1,3.31,9.34
2297,15,2,1.65,6.42
2297,12,3,1.65,6.2
2298,29,1,4.07,6.06
2298,23,3,3.04,3.82
2298,5,1,4.39,8.43
2298,30,2,2.74,7.08
2299,23,3,3.04,3.82
2299,1,1,1.88,8.3
2300,3,2,2.36,4.4
2300,30,3,2.74,7.08
2301,22,2,2.45,11.98
2302,7,3,1.32,5.64
2302,12,2,1.65,6.2
2302,18,3,2.6,3.6
2302,3,3,2.36,4.4
2303,23,3,3.04,3.82
2303,4,2,1.41,6.42
2304,16,3,3.74,10.59
2304,25,3,4.17,6.8
2305,17,3,1.92,3.29
2305,16,1,3.74,10.59
2306,22,1,2.45,11.98
2307,1,1,1.88,8.3
2307,6,3,3.92,7.83
2308,21,1,3.99,6.86
2308,5,3,4.39,8.43
2309,9,2,3.65,9.96
2309,9,3,3.65,9.96
2309,7,3,1.32,5.64
2310,14,2,3.44,4.54
2311,5,1,4.39,8.43
2312,28,1,3.72,4.03
2312,5,3,4.39,8.43
2313,8,2,3.31,9.34
2314,14,2,3.44,4.54
2315,1,3,1.88,8.3
2315,27,1,3.12,11.74
2316,15,2,1.65,6.42
2316,12,2,1.65,6.2
2316,29,3,4.07,6.06
2316,4,3,1.41,6.42
2317,20,1,1.57,4.26
2317,14,3,3.44,4.54
2318,28,1,3.72,4.03
2319,8,3,3.31,9.34
2319,18,2,2.6,3.6
2319,3,3,2.36,4.4
2320,26,1,2.54,8.36
2321,12,2,1.65,6.2
2322,25,1,4.17,6.8
2322,13,1,3.81,9.15
2322,23,2,3.04,3.82
2322,30,1,2.74,7.08
2323,12,1,1.65,6.2
2323,10,3,4.42,10.8
2323,10,2,4.42,10.8
2324,13,1,3.81,9.15
2324,22,2,2.45,11.98
2324,20,1,1.57,4.26
2324,23,1,3.04,3.82
2325,6,2,3.92,7.83
2325,7,1,1.32,5.64
2325,28,1,3.72,4.03
2325,13,1,3.81,9.15
2326,5,2,4.39,8.43
2326,7,2,1.32,5.64
2326,22,1,2.45,11.98
2327,22,1,2.45,11.98
2327,4,3,1.41,6.42
2327,17,3,1.92,3.29
2328,24,3,4.44,4.38
2329,22,3,2.45,11.98
2330,26,1,2.54,8.36
2330,29,1,4.07,6.06
2330,24,2,4.44,4.38
2331,12,3,1.65,6.2
2332,27,1,3.12,11.74
2332,26,3,2.54,8.36
2333,13,1,3.81,9.15
2333,12,3,1.65,6.2
2333,9,2,3.65,9.96
2333,28,2,3.72,4.03
2334,11,2,2.11,8.72
2334,13,3,3.81,9.15
2334,23,3,3.04,3.82
2334,26,2,2.54,8.36
2335,14,2,3.44,4.54
2335,19,2,1.85,7.49
2336,26,1,2.54,8.36
2336,14,1,3.44,4.54
2336,29,2,4.07,6.06
2336,5,1,4.39,8.43
2337,18,3,2.6,3.6
2338,17,1,1.92,3.29
2338,27,2,3.12,11.74
2338,6,2,3.92,7.83
2339,13,2,3.81,9.15
2339,28,2,3.72,4.03
2339,6,1,3.92,7.83
2339,28,1,3.72,4.03
2340,12,3,1.65,6.2
2340,19,1,1.85,7.49
2341,2,3,4.04,4.44
2341,9,3,3.65,9.96
2341,18,3,2.6,3.6
2342,10,2,4.42,10.8
2343,8,3,3.31,9.34
2343,25,2,4.17,6.8
2343,8,1,3.31,9.34
2343,30,3,2.74,7.08
2344,17,2,1.92,3.29
2344,30,1,2.74,7.08
2344,5,1,4.39,8.43
2344,3,2,2.36,4.4
2345,6,1,3.92,7.83
2345,12,3,1.65,6.2
2345,9,3,3.65,9.96
2346,9,3,3.65,9.96
2346,21,3,3.99,6.86
2346,16,1,3.74,10.59
2347,23,3,3.04,3.82
2348,29,2,4.07,6.06
2348,15,2,1.65,6.42
2349,14,1,3.44,4.54
2349,7,2,1.32,5.64
2349,1,1,1.88,8.3
2350,27,1,3.12,11.74
2350,27,2,3.12,11.74
2350,30,3,2.74,7.08
2351,2,1,4.04,4.44
2352,10,1,4.42,10.8
2353,1,3,1.88,8.3
2353,10,1,4.42,10.8
2353,19,3,1.85,7.49
2353,26,1,2.54,8.36
2354,16,1,3.74,10.59
2355,20,2,1.57,4.26
2355,12,3,1.65,6.2
2355,5,3,4.39,8.43
2355,25,2,4.17,6.8
2356,19,3,1.85,7.49
2356,21,2,3.99,6.86
2357,27,3,3.12,11.74
2357,22,1,2.45,11.98
2357,30,1,2.74,7.08
2358,23,3,3.04,3.82
2358,7,3,1.32,5.64
2359,23,3,3.04,3.82
2359,27,1,3.12,11.74
2359,26,2,2.54,8.36
2359,8,1,3.31,9.34
2360,2,2,4.04,4.44
2360,13,1,3.81,9.15
2360,30,1,2.74,7.08
2361,20,2,1.57,4.26
2361,26,1,2.54,8.36
2361,25,3,4.17,6.8
2361,26,1,2.54,8.36
2362,16,1,3.74,10.59
2363,29,3,4.07,6.06
2363,22,3,2.45,11.98
2364,30,3,2.74,7.08
2364,25,2,4.17,6.8
2364,18,2,2.6,3.6
2364,25,2,4.17,6.8
2365,5,1,4.39,8.43
2365,7,1,1.32,5.64
2365,23,1,3.04,3.82
2366,21,1,3.99,6.86
2367,23,3,3.04,3.82
2367,22,3,2.45,11.98
2368,13,1,3.81,9.15
2369,8,3,3.31,9.34
2369,26,3,2.54,8.36
2369,16,1,3.74,10.59
2369,3,3,2.36,4.4
2370,22,2,2.45,11.98
2370,9,1,3.65,9.96
2370,27,1,3.12,11.74
2370,1,2,1.88,8.3
2371,21,3,3.99,6.86
2372,25,2,4.17,6.8
2372,6,2,3.92,7.83
2373,19,3,1.85,7.49
2373,16,3,3.74,10.59
2374,26,2,2.54,8.36
2374,2,2,4.04,4.44
2374,11,2,2.11,8.72
2375,3,2,2.36,4.4
2375,24,2,4.44,4.38
2375,3,1,2.36,4.4
2376,19,3,1.85,7.49
2377,19,2,1.85,7.49
2377,15,3,1.65,6.42
2378,26,1,2.54,8.36
2378,26,1,2.54,8.36
2378,1,2,1.88,8.3
2378,6,2,3.92,7.83
2379,4,1,1.41,6.42
2379,24,3,4.44,4.38
2379,3,1,2.36,4.4
2379,10,1,4.42,10.8
2380,15,3,1.65,6.42
2380,19,3,1.85,7.49
2380,15,2,1.65,6.42
2380,2,3,4.04,4.44
2381,14,2,3.44,4.54
2381,29,2,4.07,6.06
2382,15,3,1.65,6.42
2382,13,3,3.81,9.15
2383,21,3,3.99,6.86
2383,14,2,3.44,4.54
2383,8,3,3.31,9.34
2383,30,1,2.74,7.08
2384,21,2,3.99,6.86
2385,6,1,3.92,7.83
2385,4,1,1.41,6.42
2385,2,1,4.04,4.44
2386,25,2,4.17,6.8
2387,19,3,1.85,7.49
2387,15,2,1.65,6.42
2387,16,1,3.74,10.59
2388,13,2,3.81,9.15
2388,10,3,4.42,10.8
2388,22,2,2.45,11.98
2388,16,2,3.74,10.59
2389,30,2,2.74,7.08
2389,29,1,4.07,6.06
2389,14,1,3.44,4.54
2389,13,2,3.81,9.15
2390,2,1,4.04,4.44
2390,14,1,3.44,4.54
2390,12,2,1.65,6.2
2391,9,3,3.65,9.96
2391,14,3,3.44,4.54
2391,6,2,3.92,7.83
2391,15,1,1.65,6.42
2392,19,3,1.85,7.49
2392,13,1,3.81,9.15
2393,24,1,4.44,4.38
2393,6,2,3.92,7.83
2393,12,1,1.65,6.2
2393,6,3,3.92,7.83
2394,10,1,4.42,10.8
2394,3,2,2.36,4.4
2394,20,2,1.57,4.26
2394,30,3,2.74,7.08
2395,14,3,3.44,4.54
2395,14,1,3.44,4.54
2395,10,2,4.42,10.8
2396,23,2,3.04,3.82
2396,26,1,2.54,8.36
2396,26,2,2.54,8.36
2397,25,3,4.17,6.8
2397,8,3,3.31,9.34
2398,8,3,3.31,9.34
2398,29,2,4.07,6.06
2398,29,2,4.07,6.06
2399,5,1,4.39,8.43
2399,2,3,4.04,4.44
2400,24,1,4.44,4.38
2400,19,3,1.85,7.49
2400,27,3,3.12,11.74
2400,21,3,3.99,6.86
2401,1,3,1.88,8.3
2402,28,2,3.72,4.03
2403,7,2,1.32,5.64
2403,21,3,3.99,6.86
2403,26,2,2.54,8.36
2404,28,1,3.72,4.03
2404,2,1,4.04,4.44
2405,28,2,3.72,4.03
2405,13,1,3.81,9.15
2405,5,3,4.39,8.43
2405,20,1,1.57,4.26
2406,4,1,1.41,6.42
2406,25,1,4.17,6.8
2406,7,3,1.32,5.64
2407,7,2,1.32,5.64
2407,19,2,1.85,7.49
2407,21,3,3.99,6.86
2407,27,2,3.12,11.74
2408,3,2,2.36,4.4
2408,23,2,3.04,3.82
2409,13,1,3.81,9.15
2409,3,1,2.36,4.4
2409,8,3,3.31,9.34
2409,18,2,2.6,3.6
2410,7,2,1.32,5.64
2410,6,3,3.92,7.83
2411,15,2,1.65,6.42
2411,6,2,3.92,7.83
2411,14,1,3.44,4.54
2412,23,3,3.04,3.82
2412,14,3,3.44,4.54
2412,24,3,4.44,4.38
2412,22,3,2.45,11.98
2413,18,3,2.6,3.6
2414,13,3,3.81,9.15
2414,2,1,4.04,4.44
2414,29,3,4.07,6.06
2415,3,2,2.36,4.4
2415,9,1,3.65,9.96
2415,2,2,4.04,4.44
2416,8,3,3.31,9.34
2416,26,2,2.54,8.36
2417,14,2,3.44,4.54
2417,11,1,2.11,8.72
2417,15,2,1.65,6.42
2418,20,1,1.57,4.26
2418,1,1,1.88,8.3
2419,7,1,1.32,5.64
2420,9,2,3.65,9.96
2420,15,2,1.65,6.42
2421,12,1,1.65,6.2
2421,15,2,1.65,6.42
2421,5,2,4.39,8.43
2421,20,3,1.57,4.26
2422,6,2,3.92,7.83
2423,30,1,2.74,7.08
2423,24,3,4.44,4.38
2424,1,1,1.88,8.3
2424,9,3,3.65,9.96
2425,15,1,1.65,6.42
2425,26,3,2.54,8.36
2425,26,3,2.54,8.36
2426,22,1,2.45,11.98
2426,10,1,4.42,10.8
2427,22,3,2.45,11.98
2427,15,3,1.65,6.42
2427,25,1,4.17,6.8
2428,14,1,3.44,4.54
2428,20,3,1.57,4.26
2428,30,1,2.74,7.08
2429,18,2,2.6,3.6
2429,5,3,4.39,8.43
2430,6,1,3.92,7.83
2431,13,2,3.81,9.15
2431,25,3,4.17,6.8
2431,10,3,4.42,10.8
2432,16,1,3.74,10.59
2432,21,1,3.99,6.86
2433,5,1,4.39,8.43
2434,17,1,1.92,3.29
2434,8,3,3.31,9.34
2434,12,3,1.65,6.2
2434,18,2,2.6,3.6
2435,28,2,3.72,4.03
2436,12,1,1.65,6.2
2436,19,3,1.85,7.49
2437,24,1,4.44,4.38
2437,16,1,3.74,10.59
2437,6,1,3.92,7.83
2438,8,1,3.31,9.34
2438,18,2,2.6,3.6
2438,6,1,3.92,7.83
2439,4,2,1.41,6.42
2439,6,2,3.92,7.83
2440,28,1,3.72,4.03
2440,30,1,2.74,7.08
2440,24,3,4.44,4.38
2440,1,3,1.88,8.3
2441,15,1,1.65,6.42
2441,10,3,4.42,10.8
2441,27,3,3.12,11.74
2442,1,2,1.88,8.3
2442,15,1,1.65,6.42
2442,26,1,2.54,8.36
2443,25,3,4.17,6.8
2443,22,2,2.45,11.98
2443,3,3,2.36,4.4
2443,25,2,4.17,6.8
2444,20,3,1.57,4.26
2444,29,1,4.07,6.06
2444,13,2,3.81,9.15
2445,8,2,3.31,9.34
2445,6,2,3.92,7.83
2445,30,2,2.74,7.08
2445,16,2,3.74,10.59
2446,1,2,1.88,8.3
2446,3,2,2.36,4.4
2447,1,3,1.88,8.3
2447,12,3,1.65,6.2
2448,3,2,2.36,4.4
2449,11,3,2.11,8.72
2449,23,3,3.04,3.82
2449,13,1,3.81,9.15
2450,6,3,3.92,7.83
2450,24,2,4.44,4.38
2450,22,1,2.45,11.98
2450,2,2,4.04,4.44
2451,21,3,3.99,6.86
2452,8,3,3.31,9.34
2453,23,1,3.04,3.82
2453,3,3,2.36,4.4
2454,26,1,2.54,8.36
2454,12,3,1.65,6.2
2455,28,2,3.72,4.03
2455,18,2,2.6,3.6
2456,25,3,4.17,6.8
2457,13,2,3.81,9.15
2458,26,2,2.54,8.36
2459,21,3,3.99,6.86
2459,16,1,3.74,10.59
2459,27,2,3.12,11.74
2459,17,2,1.92,3.29
2460,24,2,4.44,4.38
2460,25,3,4.17,6.8
2460,4,3,1.41,6.42
2460,14,3,3.44,4.54
2461,20,1,1.57,4.26
2462,7,1,1.32,5.64
2463,6,3,3.92,7.83
2463,9,3,3.65,9.96
2463,7,1,1.32,5.64
2464,3,2,2.36,4.4
2465,19,3,1.85,7.49
2465,17,1,1.92,3.29
2465,21,1,3.99,6.86
2466,2,1,4.04,4.44
2467,23,1,3.04,3.82
2467,2,1,4.04,4.44
2468,7,3,1.32,5.64
2468,13,1,3.81,9.15
2468,28,1,3.72,4.03
2469,9,1,3.65,9.96
2469,29,3,4.07,6.06
2470,30,2,2.74,7.08
2470,27,3,3.12,11.74
2471,2,2,4.04,4.44
2472,25,2,4.17,6.8
2472,30,1,2.74,7.08
2472,28,1,3.72,4.03
2472,6,3,3.92,7.83
2473,22,1,2.45,11.98
2473,7,2,1.32,5.64
2473,14,3,3.44,4.54
2473,3,3,2.36,4.4
2474,6,2,3.92,7.83
2474,15,1,1.65,6.42
2474,8,2,3.31,9.34
2474,18,2,2.6,3.6
2475,22,3,2.45,11.98
2475,26,1,2.54,8.36
2476,4,3,1.41,6.42
2476,18,3,2.6,3.6
2477,17,2,1.92,3.29
2478,16,2,3.74,10.59
2478,4,3,1.41,6.42
2478,2,2,4.04,4.44
2478,25,3,4.17,6.8
2479,21,3,3.99,6.86
2480,20,1,1.57,4.26
2481,15,3,1.65,6.42
2482,18,3,2.6,3.6
2482,10,2,4.42,10.8
2483,13,2,3.81,9.15
2483,23,2,3.04,3.82
2483,18,2,2.6,3.6
2483,25,1,4.17,6.8
2484,15,1,1.65,6.42
2484,10,3,4.42,10.8
2484,17,3,1.92,3.29
2485,22,2,2.45,11.98
2485,21,3,3.99,6.86
2485,1,2,1.88,8.3
2486,15,2,1.65,6.42
2487,19,2,1.85,7.49
2487,3,2,2.36,4.4
2487,19,3,1.85,7.49
2487,13,2,3.81,9.15
2488,10,3,4.42,10.8
2488,22,2,2.45,11.98
2488,9,3,3.65,9.96
2488,12,3,1.65,6.2
2489,26,3,2.54,8.36
2489,26,3,2.54,8.36
2490,10,2,4.42,10.8
2490,17,3,1.92,3.29
2491,13,2,3.81,9.15
2492,26,3,2.54,8.36
2493,11,1,2.11,8.72
2494,5,2,4.39,8.43
2494,2,2,4.04,4.44
2494,13,2,3.81,9.15
2494,18,3,2.6,3.6
2495,18,2,2.6,3.6
2495,12,3,1.65,6.2
2495,4,1,1.41,6.42
2496,28,3,3.72,4.03
2496,26,1,2.54,8.36
2497,20,3,1.57,4.26
2497,24,2,4.44,4.38
2498,14,1,3.44,4.54
2498,1,1,1.88,8.3
2498,30,2,2.74,7.08
2499,7,1,1.32,5.64
2500,19,3,1.85,7.49
2501,13,2,3.81,9.15
2501,4,3,1.41,6.42
2501,9,3,3.65,9.96
2502,14,2,3.44,4.54
2502,19,1,1.85,7.49
2502,17,2,1.92,3.29
2503,6,2,3.92,7.83
2503,29,3,4.07,6.06
2503,26,1,2.54,8.36
2503,1,1,1.88,8.3
2504,8,2,3.31,9.34
2505,13,2,3.81,9.15
2506,27,2,3.12,11.74
2506,6,2,3.92,7.83
2506,2,2,4.04,4.44
2506,5,1,4.39,8.43
2507,28,2,3.72,4.03
2507,5,2,4.39,8.43
2507,30,2,2.74,7.08
2507,25,1,4.17,6.8
2508,11,1,2.11,8.72
2509,9,2,3.65,9.96
2510,22,2,2.45,11.98
2510,12,3,1.65,6.2
2510,8,3,3.31,9.34
2511,18,1,2.6,3.6
2511,11,1,2.11,8.72
2512,11,3,2.11,8.72
2512,12,1,1.65,6.2
2512,4,1,1.41,6.42
2513,22,1,2.45,11.98
2513,3,1,2.36,4.4
2514,6,2,3.92,7.83
2514,25,2,4.17,6.8
2514,18,3,2.6,3.6
2514,18,3,2.6,3.6
2515,23,3,3.04,3.82
2515,11,3,2.11,8.72
2515,11,1,2.11,8.72
2516,5,3,4.39,8.43
2516,28,2,3.72,4.03
2516,4,2,1.41,6.42
2517,20,1,1.57,4.26
2517,15,1,1.65,6.42
2517,2,2,4.04,4.44
2518,20,1,1.57,4.26
2518,9,2,3.65,9.96
2518,15,2,1.65,6.42
2519,12,1,1.65,6.2
2519,10,2,4.42,10.8
2520,4,2,1.41,6.42
2520,19,2,1.85,7.49
2520,23,3,3.04,3.82
2520,15,1,1.65,6.42
2521,11,1,2.11,8.72
2522,7,1,1.32,5.64
2522,17,1,1.92,3.29
2523,27,3,3.12,11.74
2523,17,3,1.92,3.29
2524,17,3,1.92,3.29
2524,29,1,4.07,6.06
2524,26,3,2.54,8.36
2524,3,2,2.36,4.4
2525,1,2,1.88,8.3
2525,27,3,3.12,11.74
2526,6,1,3.92,7.83
2526,15,3,1.65,6.42
2526,10,2,4.42,10.8
2527,16,3,3.74,10.59
2527,2,1,4.04,4.44
2528,22,2,2.45,11.98
2528,7,2,1.32,5.64
2528,9,2,3.65,9.96
2528,16,1,3.74,10.59
2529,19,1,1.85,7.49
2529,10,1,4.42,10.8
2529,7,2,1.32,5.64
2529,5,3,4.39,8.43
2530,29,2,4.07,6.06
2530,2,3,4.04,4.44
2530,19,3,1.85,7.49
2531,18,3,2.6,3.6
2532,18,1,2.6,3.6
2533,22,3,2.45,11.98
2533,10,2,4.42,10.8
2533,6,3,3.92,7.83
2533,10,2,4.42,10.8
2534,20,3,1.57,4.26
2534,20,3,1.57,4.26
2534,15,3,1.65,6.42
2535,27,2,3.12,11.74
2535,11,3,2.11,8.72
2535,23,3,3.04,3.82
2536,27,3,3.12,11.74
2537,24,3,4.44,4.38
2537,15,3,1.65,6.42
2537,18,3,2.6,3.6
2537,22,3,2.45,11.98
2538,21,3,3.99,6.86
2538,30,2,2.74,7.08
2539,30,2,2.74,7.08
2539,30,2,2.74,7.08
2539,26,1,2.54,8.36
2540,25,1,4.17,6.8
2540,17,2,1.92,3.29
2540,17,1,1.92,3.29
2540,3,1,2.36,4.4
2541,25,2,4.17,6.8
2541,28,3,3.72,4.03
2541,4,1,1.41,6.42
2542,9,2,3.65,9.96
2543,27,1,3.12,11.74
2543,15,2,1.65,6.42
2544,30,2,2.74,7.08
2544,19,1,1.85,7.49
2544,8,2,3.31,9.34
2544,3,3,2.36,4.4
2545,25,3,4.17,6.8
2546,5,3,4.39,8.43
2546,13,1,3.81,9.15
2547,1,1,1.88,8.3
2548,5,3,4.39,8.43
2548,28,2,3.72,4.03
2548,12,1,1.65,6.2
2549,23,3,3.04,3.82
2550,2,2,4.04,4.44
2551,23,2,3.04,3.82
2551,7,2,1.32,5.64
2552,7,2,1.32,5.64
2552,25,2,4.17,6.8
2552,5,2,4.39,8.43
2552,3,1,2.36,4.4
2553,7,2,1.32,5.64
2553,8,3,3.31,9.34
2554,28,2,3.72,4.03
2554,3,2,2.36,4.4
2554,21,2,3.99,6.86
2555,28,2,3.72,4.03
2555,27,2,3.12,11.74
2555,8,3,3.31,9.34
2556,26,1,2.54,8.36
2556,4,2,1.41,6.42
2556,10,1,4.42,10.8
2557,27,3,3.12,11.74
2557,30,1,2.74,7.08
2558,28,1,3.72,4.03
2559,11,1,2.11,8.72
2560,26,2,2.54,8.36
2560,9,1,3.65,9.96
2560,27,3,3.12,11.74
2560,22,2,2.45,11.98
2561,11,3,2.11,8.72
2561,29,1,4.07,6.06
2561,11,3,2.11,8.72
2561,28,3,3.72,4.03
2562,4,1,1.41,6.42
2562,7,3,1.32,5.64
2562,18,3,2.6,3.6
2563,9,1,3.65,9.96
2564,30,3,2.74,7.08
2564,28,1,3.72,4.03
2565,4,3,1.41,6.42
2565,25,3,4.17,6.8
2565,8,3,3.31,9.34
2565,11,1,2.11,8.72
2566,14,2,3.44,4.54
2567,6,3,3.92,7.83
2567,18,2,2.6,3.6
2568,4,3,1.41,6.42
2568,8,2,3.31,9.34
2568,18,3,2.6,3.6
2569,9,1,3.65,9.96
2569,1,3,1.88,8.3
2569,14,3,3.44,4.54
2569,18,1,2.6,3.6
2570,7,2,1.32,5.64
2571,17,2,1.92,3.29
2572,17,1,1.92,3.29
2572,24,1,4.44,4.38
2572,7,2,1.32,5.64
2573,27,2,3.12,11.74
2574,20,1,1.57,4.26
2575,6,3,3.92,7.83
2576,26,1,2.54,8.36
2576,2,2,4.04,4.44
2576,3,3,2.36,4.4
2577,24,3,4.44,4.38
2578,9,2,3.65,9.96
2579,4,3,1.41,6.42
2579,7,1,1.32,5.64
2579,9,2,3.65,9.96
2580,20,2,1.57,4.26
2581,18,2,2.6,3.6
2581,1,3,1.88,8.3
2581,24,3,4.44,4.38
2582,7,1,1.32,5.64
2582,6,2,3.92,7.83
2582,3,2,2.36,4.4
2582,27,2,3.12,11.74
2583,27,3,3.12,11.74
2583,21,3,3.99,6.86
2583,7,1,1.32,5.64
2584,2,1,4.04,4.44
2585,23,2,3.04,3.82
2586,18,2,2.6,3.6
2586,15,3,1.65,6.42
2587,20,2,1.57,4.26
2588,19,2,1.85,7.49
2589,1,2,1.88,8.3
2590,2,1,4.04,4.44
2591,1,2,1.88,8.3
2592,25,1,4.17,6.8
2592,21,2,3.99,6.86
2593,18,2,2.6,3.6
2593,19,1,1.85,7.49
2594,5,1,4.39,8.43
2594,4,1,1.41,6.42
2594,26,2,2.54,8.36
2594,11,3,2.11,8.72
2595,4,3,1.41,6.42
2595,6,3,3.92,7.83
2595,26,1,2.54,8.36
2595,16,1,3.74,10.59
2596,2,1,4.04,4.44
2596,27,1,3.12,11.74
2596,25,2,4.17,6.8
2596,10,1,4.42,10.8
2597,1,1,1.88,8.3
2597,11,1,2.11,8.72
2597,7,3,1.32,5.64
2597,9,1,3.65,9.96
2598,10,3,4.42,10.8
2598,27,2,3.12,11.74
2598,26,2,2.54,8.36
2599,22,1,2.45,11.98
2599,14,3,3.44,4.54
2600,16,2,3.74,10.59
2600,3,3,2.36,4.4
2601,22,1,2.45,11.98
2602,4,2,1.41,6.42
2602,2,1,4.04,4.44
2602,4,1,1.41,6.42
2603,6,2,3.92,7.83
2604,9,2,3.65,9.96
2604,18,2,2.6,3.6
2604,26,3,2.54,8.36
2604,22,2,2.45,11.98
2605,30,1,2.74,7.08
2606,9,1,3.65,9.96
2606,17,3,1.92,3.29
2606,8,2,3.31,9.34
2606,27,3,3.12,11.74
2607,16,2,3.74,10.59
2608,2,2,4.04,4.44
2609,27,1,3.12,11.74
2609,26,2,2.54,8.36
2610,9,2,3.65,9.96
2610,2,3,4.04,4.44
2610,6,1,3.92,7.83
2610,8,3,3.31,9.34
2611,6,1,3.92,7.83
2611,23,1,3.04,3.82
2611,6,1,3.92,7.83
2611,6,1,3.92,7.83
2612,29,2,4.07,6.06
2612,1,1,1.88,8.3
2612,25,1,4.17,6.8
2613,8,2,3.31,9.34
2613,24,3,4.44,4.38
2613,13,2,3.81,9.15
2613,8,3,3.31,9.34
2614,4,2,1.41,6.42
2615,13,3,3.81,9.15
2616,7,2,1.32,5.64
2616,24,3,4.44,4.38
2616,22,3,2.45,11.98
2616,25,3,4.17,6.8
2617,1,3,1.88,8.3
2617,26,3,2.54,8.36
2617,11,2,2.11,8.72
2617,18,1,2.6,3.6
2618,2,1,4.04,4.44
2618,1,3,1.88,8.3
2619,4,1,1.41,6.42
2619,24,1,4.44,4.38
2619,15,1,1.65,6.42
2619,30,1,2.74,7.08
2620,22,3,2.45,11.98
2621,25,3,4.17,6.8
2621,26,2,2.54,8.36
2622,26,3,2.54,8.36
2622,1,1,1.88,8.3
2622,12,1,1.65,6.2
2623,14,1,3.44,4.54
2623,15,2,1.65,6.42
2623,13,3,3.81,9.15
2623,20,3,1.57,4.26
2624,14,2,3.44,4.54
2624,5,3,4.39,8.43
2624,2,1,4.04,4.44
2624,2,3,4.04,4.44
2625,23,3,3.04,3.82
2626,20,2,1.57,4.26
2626,1,1,1.88,8.3
2626,29,2,4.07,6.06
2626,5,1,4.39,8.43
2627,9,3,3.65,9.96
2627,11,1,2.11,8.72
2627,15,1,1.65,6.42
2627,26,2,2.54,8.36
2628,12,2,1.65,6.2
2628,1,1,1.88,8.3
2629,25,3,4.17,6.8
2630,22,2,2.45,11.98
2631,19,1,1.85,7.49
2631,10,3,4.42,10.8
2631,28,2,3.72,4.03
2632,20,1,1.57,4.26
2632,8,1,3.31,9.34
2632,9,2,3.65,9.96
2632,14,1,3.44,4.54
2633,17,1,1.92,3.29
2633,15,1,1.65,6.42
2634,19,3,1.85,7.49
2634,30,3,2.74,7.08
2635,1,3,1.88,8.3
2635,29,2,4.07,6.06
2636,24,2,4.44,4.38
2636,14,2,3.44,4.54
2636,8,3,3.31,9.34
2636,30,2,2.74,7.08
2637,29,1,4.07,6.06
2637,15,2,1.65,6.42
2638,4,3,1.41,6.42
2639,16,3,3.74,10.59
2639,24,3,4.44,4.38
2639,7,3,1.32,5.64
2640,12,3,1.65,6.2
2640,14,1,3.44,4.54
2641,11,1,2.11,8.72
2641,24,3,4.44,4.38
2642,15,1,1.65,6.42
2642,17,2,1.92,3.29
2642,28,2,3.72,4.03
2642,23,2,3.04,3.82
2643,9,1,3.65,9.96
2643,30,3,2.74,7.08
2644,17,2,1.92,3.29
2644,26,3,2.54,8.36
2644,10,2,4.42,10.8
2644,15,1,1.65,6.42
2645,1,1,1.88,8.3
2645,14,1,3.44,4.54
2645,26,3,2.54,8.36
2646,5,1,4.39,8.43
2646,8,2,3.31,9.34
2646,28,2,3.72,4.03
2647,29,3,4.07,6.06
2647,25,2,4.17,6.8
2647,18,1,2.6,3.6
2647,4,1,1.41,6.42
2648,6,2,3.92,7.83
2648,9,3,3.65,9.96
2648,26,1,2.54,8.36
2649,21,1,3.99,6.86
2649,25,1,4.17,6.8
2649,4,3,1.41,6.42
2650,17,1,1.92,3.29
2651,10,1,4.42,10.8
2651,11,3,2.11,8.72
2652,17,3,1.92,3.29
2653,13,2,3.81,9.15
2654,27,1,3.12,11.74
2655,10,1,4.42,10.8
2655,22,3,2.45,11.98
2655,9,1,3.65,9.96
2656,2,2,4.04,4.44
2656,20,3,1.57,4.26
2656,17,2,1.92,3.29
2656,1,1,1.88,8.3
2657,2,1,4.04,4.44
2657,7,1,1.32,5.64
2657,2,3,4.04,4.44
2657,7,1,1.32,5.64
2658,3,1,2.36,4.4
2659,30,2,2.74,7.08
2659,27,1,3.12,11.74
2659,8,1,3.31,9.34
2660,25,3,4.17,6.8
2660,18,2,2.6,3.6
2660,2,3,4.04,4.44
2660,4,3,1.41,6.42
2661,24,3,4.44,4.38
2662,27,3,3.12,11.74
2662,11,2,2.11,8.72
2662,30,1,2.74,7.08
2662,21,1,3.99,6.86
2663,11,3,2.11,8.72
2663,6,3,3.92,7.83
2664,17,3,1.92,3.29
2664,1,2,1.88,8.3
2664,5,2,4.39,8.43
2664,20,1,1.57,4.26
2665,14,1,3.44,4.54
2666,5,1,4.39,8.43
2666,22,3,2.45,11.98
2667,18,1,2.6,3.6
2668,29,2,4.07,6.06
2668,18,1,2.6,3.6
2668,29,1,4.07,6.06
2668,6,2,3.92,7.83
2669,15,3,1.65,6.42
2669,2,1,4.04,4.44
2669,6,3,3.92,7.83
2670,7,2,1.32,5.64
2670,6,1,3.92,7.83
2671,20,3,1.57,4.26
2671,25,2,4.17,6.8
2671,18,2,2.6,3.6
2671,28,2,3.72,4.03
2672,26,2,2.54,8.36
2672,22,3,2.45,11.98
2672,12,1,1.65,6.2
2672,14,3,3.44,4.54
2673,3,2,2.36,4.4
2673,2,3,4.04,4.44
2674,13,1,3.81,9.15
2674,1,2,1.88,8.3
2675,27,3,3.12,11.74
2676,28,1,3.72,4.03
2676,23,3,3.04,3.82
2676,23,1,3.04,3.82
2677,17,1,1.92,3.29
2677,8,1,3.31,9.34
2677,1,2,1.88,8.3
2678,27,1,3.12,11.74
2679,4,2,1.41,6.42
2679,30,1,2.74,7.08
2680,23,2,3.04,3.82
2680,13,3,3.81,9.15
2680,26,1,2.54,8.36
2680,8,3,3.31,9.34
2681,3,1,2.36,4.4
2682,14,2,3.44,4.54
2682,25,1,4.17,6.8
2682,16,3,3.74,10.59
2682,27,3,3.12,11.74
2683,8,3,3.31,9.34
2683,11,2,2.11,8.72
2683,24,1,4.44,4.38
2683,5,3,4.39,8.43
2684,26,1,2.54,8.36
2684,5,1,4.39,8.43
2684,19,2,1.85,7.49
2685,9,1,3.65,9.96
2685,13,3,3.81,9.15
2685,2,3,4.04,4.44
2686,5,2,4.39,8.43
2687,25,2,4.17,6.8
2687,15,1,1.65,6.42
2687,2,2,4.04,4.44
2687,3,2,2.36,4.4
2688,27,3,3.12,11.74
2689,25,3,4.17,6.8
2689,16,3,3.74,10.59
2689,21,1,3.99,6.86
2690,16,2,3.74,10.59
2691,29,2,4.07,6.06
2691,10,1,4.42,10.8
2692,13,1,3.81,9.15
2692,6,3,3.92,7.83
2693,5,2,4.39,8.43
2693,6,3,3.92,7.83
2693,17,2,1.92,3.29
2693,2,2,4.04,4.44
2694,15,3,1.65,6.42
2695,3,3,2.36,4.4
2695,7,2,1.32,5.64
2695,7,3,1.32,5.64
2695,18,2,2.6,3.6
2696,7,3,1.32,5.64
2696,14,3,3.44,4.54
2697,14,3,3.44,4.54
2698,19,3,1.85,7.49
2698,8,1,3.31,9.34
2698,2,3,4.04,4.44
2698,11,2,2.11,8.72
2699,22,3,2.45,11.98
2700,24,1,4.44,4.38
2700,29,2,4.07,6.06
2700,20,2,1.57,4.26
2700,14,2,3.44,4.54
2701,15,1,1.65,6.42
2701,24,2,4.44,4.38
2701,17,3,1.92,3.29
2701,29,2,4.07,6.06
2702,6,2,3.92,7.83
2702,28,1,3.72,4.03
2702,19,3,1.85,7.49
2703,28,1,3.72,4.03
2703,16,1,3.74,10.59
2704,6,1,3.92,7.83
2704,23,1,3.04,3.82
2705,4,1,1.41,6.42
2706,20,1,1.57,4.26
2706,16,1,3.74,10.59
2706,14,1,3.44,4.54
2706,2,2,4.04,4.44
2707,10,2,4.42,10.8
2708,12,1,1.65,6.2
2709,7,3,1.32,5.64
2710,19,3,1.85,7.49
2710,1,1,1.88,8.3
2710,29,2,4.07,6.06
2710,6,3,3.92,7.83
2711,14,3,3.44,4.54
2712,29,1,4.07,6.06
2712,30,1,2.74,7.08
2712,26,1,2.54,8.36
2712,13,1,3.81,9.15
2713,2,2,4.04,4.44
2714,6,2,3.92,7.83
2714,30,2,2.74,7.08
2714,13,3,3.81,9.15
2714,8,1,3.31,9.34
2715,14,1,3.44,4.54
2715,30,3,2.74,7.08
2715,1,3,1.88,8.3
2715,8,3,3.31,9.34
2716,2,1,4.04,4.44
2716,29,2,4.07,6.06
2716,20,3,1.57,4.26
2717,5,2,4.39,8.43
2717,23,1,3.04,3.82
2718,29,3,4.07,6.06
2718,4,2,1.41,6.42
2719,2,1,4.04,4.44
2719,27,2,3.12,11.74
2719,23,2,3.04,3.82
2719,15,2,1.65,6.42
2720,18,3,2.6,3.6
2720,10,2,4.42,10.8
2721,1,2,1.88,8.3
2721,24,1,4.44,4.38
2721,17,3,1.92,3.29
2722,12,2,1.65,6.2
2722,28,1,3.72,4.03
2722,6,1,3.92,7.83
2722,18,1,2.6,3.6
2723,6,1,3.92,7.83
2724,20,1,1.57,4.26
2724,9,2,3.65,9.96
2725,12,1,1.65,6.2
2725,8,1,3.31,9.34
2726,3,1,2.36,4.4
2726,5,2,4.39,8.43
2726,29,3,4.07,6.06
2727,11,2,2.11,8.72
2727,11,3,2.11,8.72
2728,23,1,3.04,3.82
2728,20,1,1.57,4.26
2728,25,1,4.17,6.8
2729,13,1,3.81,9.15
2729,19,2,1.85,7.49
2730,19,3,1.85,7.49
2730,24,3,4.44,4.38
2730,21,1,3.99,6.86
2731,6,3,3.92,7.83
2732,11,3,2.11,8.72
2732,20,3,1.57,4.26
2732,5,1,4.39,8.43
2732,4,1,1.41,6.42
2733,3,2,2.36,4.4
2733,15,2,1.65,6.42
2734,13,1,3.81,9.15
2735,29,2,4.07,6.06
2735,11,3,2.11,8.72
2736,15,1,1.65,6.42
2736,23,1,3.04,3.82
2736,4,2,1.41,6.42
2736,12,1,1.65,6.2
2737,11,1,2.11,8.72
2737,22,3,2.45,11.98
2737,21,2,3.99,6.86
2737,9,2,3.65,9.96
2738,4,2,1.41,6.42
2738,26,1,2.54,8.36
2738,1,1,1.88,8.3
2738,19,3,1.85,7.49
2739,28,1,3.72,4.03
2739,9,1,3.65,9.96
2739,7,1,1.32,5.64
2740,12,1,1.65,6.2
2740,11,1,2.11,8.72
2740,9,1,3.65,9.96
2741,8,3,3.31,9.34
2741,27,1,3.12,11.74
2741,17,2,1.92,3.29
2742,9,2,3.65,9.96
2742,20,1,1.57,4.26
2743,3,3,2.36,4.4
2743,18,1,2.6,3.6
2744,19,1,1.85,7.49
2745,2,2,4.04,4.44
2745,16,3,3.74,10.59
2745,13,3,3.81,9.15
2745,7,1,1.32,5.64
2746,12,1,1.65,6.2
2746,12,3,1.65,6.2
2746,2,1,4.04,4.44
2746,11,2,2.11,8.72
2747,29,3,4.07,6.06
2748,27,3,3.12,11.74
2748,18,1,2.6,3.6
2749,13,1,3.81,9.15
2749,1,3,1.88,8.3
2750,22,3,2.45,11.98
2750,25,1,4.17,6.8
2751,3,3,2.36,4.4
2751,13,1,3.81,9.15
2751,18,1,2.6,3.6
2752,18,1,2.6,3.6
2753,15,1,1.65,6.42
2753,18,2,2.6,3.6
2753,7,3,1.32,5.64
2754,28,1,3.72,4.03
2755,19,3,1.85,7.49
2755,6,3,3.92,7.83
2755,1,1,1.88,8.3
2756,5,2,4.39,8.43
2757,19,2,1.85,7.49
2758,27,2,3.12,11.74
2758,21,1,3.99,6.86
2758,1,3,1.88,8.3
2758,8,3,3.31,9.34
2759,8,2,3.31,9.34
2759,25,1,4.17,6.8
2760,3,1,2.36,4.4
2760,19,1,1.85,7.49
2760,13,1,3.81,9.15
2760,23,1,3.04,3.82
2761,15,2,1.65,6.42
2761,22,1,2.45,11.98
2762,30,3,2.74,7.08
2763,28,1,3.72,4.03
2763,13,2,3.81,9.15
2763,7,3,1.32,5.64
2763,17,3,1.92,3.29
2764,8,2,3.31,9.34
2764,6,1,3.92,7.83
2764,9,2,3.65,9.96
2765,22,1,2.45,11.98
2765,7,1,1.32,5.64
2766,10,3,4.42,10.8
2766,3,2,2.36,4.4
2766,10,1,4.42,10.8
2767,9,2,3.65,9.96
2767,4,3,1.41,6.42
2767,7,2,1.32,5.64
2768,16,2,3.74,10.59
2768,29,1,4.07,6.06
2768,14,3,3.44,4.54
2769,6,3,3.92,7.83
2769,2,2,4.04,4.44
2769,29,2,4.07,6.06
2770,17,3,1.92,3.29
2771,6,2,3.92,7.83
2771,23,1,3.04,3.82
2772,15,2,1.65,6.42
2772,9,2,3.65,9.96
2773,9,2,3.65,9.96
2773,14,2,3.44,4.54
2774,15,3,1.65,6.42
2774,25,1,4.17,6.8
2774,6,2,3.92,7.83
2775,13,1,3.81,9.15
2775,14,3,3.44,4.54
2776,17,2,1.92,3.29
2776,24,3,4.44,4.38
2777,8,3,3.31,9.34
2777,28,2,3.72,4.03
2777,21,2,3.99,6.86
2778,13,3,3.81,9.15
2779,27,1,3.12,11.74
2780,22,2,2.45,11.98
2780,2,2,4.04,4.44
2780,16,3,3.74,10.59
2781,15,3,1.65,6.42
2781,30,3,2.74,7.08
2782,13,3,3.81,9.15
2783,29,2,4.07,6.06
2783,9,2,3.65,9.96
2783,28,2,3.72,4.03
2784,18,1,2.6,3.6
2784,12,3,1.65,6.2
2784,10,3,4.42,10.8
2784,3,3,2.36,4.4
2785,2,1,4.04,4.44
2786,1,3,1.88,8.3
2787,1,2,1.88,8.3
2787,8,2,3.31,9.34
2787,14,2,3.44,4.54
2787,2,2,4.04,4.44
2788,30,2,2.74,7.08
2788,19,3,1.85,7.49
2788,8,1,3.31,9.34
2789,1,2,1.88,8.3
2789,16,3,3.74,10.59
2790,14,2,3.44,4.54
2790,29,2,4.07,6.06
2791,25,3,4.17,6.8
2792,7,3,1.32,5.64
2792,25,2,4.17,6.8
2792,22,3,2.45,11.98
2793,7,2,1.32,5.64
2793,22,1,2.45,11.98
2793,23,3,3.04,3.82
2793,23,3,3.04,3.82
2794,24,2,4.44,4.38
2795,5,1,4.39,8.43
2795,23,2,3.04,3.82
2796,18,2,2.6,3.6
2797,6,1,3.92,7.83
2797,25,1,4.17,6.8
2798,16,1,3.74,10.59
2799,22,3,2.45,11.98
2800,14,3,3.44,4.54
2800,11,1,2.11,8.72
2801,18,2,2.6,3.6
2802,19,2,1.85,7.49
2802,6,1,3.92,7.83
2802,7,3,1.32,5.64
2802,23,3,3.04,3.82
2803,10,3,4.42,10.8
2803,21,3,3.99,6.86
2803,23,1,3.04,3.82
2804,15,1,1.65,6.42
2804,13,3,3.81,9.15
2804,6,1,3.92,7.83
2804,20,2,1.57,4.26
2805,20,3,1.57,4.26
2805,6,2,3.92,7.83
2805,8,3,3.31,9.34
2806,23,1,3.04,3.82
2807,16,3,3.74,10.59
2807,28,1,3.72,4.03
2807,13,3,3.81,9.15
2807,13,3,3.81,9.15
2808,29,3,4.07,6.06
2808,17,3,1.92,3.29
2808,28,1,3.72,4.03
2809,29,3,4.07,6.06
2809,17,1,1.92,3.29
2810,4,2,1.41,6.42
2811,21,2,3.99,6.86
2811,2,2,4.04,4.44
2811,29,1,4.07,6.06
2811,7,1,1.32,5.64
2812,15,1,1.65,6.42
2813,18,1,2.6,3.6
2813,21,2,3.99,6.86
2813,27,2,3.12,11.74
2813,27,3,3.12,11.74
2814,5,3,4.39,8.43
2814,17,3,1.92,3.29
2814,19,2,1.85,7.49
2814,19,1,1.85,7.49
2815,14,3,3.44,4.54
2816,28,1,3.72,4.03
2816,6,2,3.92,7.83
2816,13,2,3.81,9.15
2816,5,1,4.39,8.43
2817,20,1,1.57,4.26
2817,15,1,1.65,6.42
2818,9,2,3.65,9.96
2818,7,2,1.32,5.64
2818,26,3,2.54,8.36
2819,17,3,1.92,3.29
2819,27,2,3.12,11.74
2819,29,1,4.07,6.06
2820,10,1,4.42,10.8
2820,22,2,2.45,11.98
2821,30,1,2.74,7.08
2822,6,3,3.92,7.83
2823,8,3,3.31,9.34
2824,30,2,2.74,7.08
2824,8,2,3.31,9.34
2825,12,1,1.65,6.2
2825,23,2,3.04,3.82
2825,9,3,3.65,9.96
2826,25,2,4.17,6.8
2826,22,1,2.45,11.98
2826,8,2,3.31,9.34
2827,4,2,1.41,6.42
2827,28,3,3.72,4.03
2828,9,3,3.65,9.96
2828,13,2,3.81,9.15
2828,5,1,4.39,8.43
2829,13,2,3.81,9.15
2829,20,3,1.57,4.26
2829,17,2,1.92,3.29
2829,10,3,4.42,10.8
2830,19,2,1.85,7.49
2830,30,3,2.74,7.08
2830,29,1,4.07,6.06
2831,20,3,1.57,4.26
2831,13,1,3.81,9.15
2832,1,2,1.88,8.3
2832,14,2,3.44,4.54
2833,6,1,3.92,7.83
2833,29,2,4.07,6.06
2833,13,3,3.81,9.15
2833,19,3,1.85,7.49
2834,7,2,1.32,5.64
2834,25,3,4.17,6.8
2835,23,2,3.04,3.82
2835,15,3,1.65,6.42
2835,6,2,3.92,7.83
2835,30,2,2.74,7.08
2836,17,1,1.92,3.29
2836,2,3,4.04,4.44
2836,28,2,3.72,4.03
2837,25,3,4.17,6.8
2837,3,1,2.36,4.4
2838,29,1,4.07,6.06
2839,5,3,4.39,8.43
2839,24,3,4.44,4.38
2839,3,2,2.36,4.4
2839,24,3,4.44,4.38
2840,7,2,1.32,5.64
2841,11,1,2.11,8.72
2841,29,3,4.07,6.06
2841,27,3,3.12,11.74
2841,16,1,3.74,10.59
2842,21,2,3.99,6.86
2842,27,3,3.12,11.74
2842,13,2,3.81,9.15
2842,6,3,3.92,7.83
2843,2,3,4.04,4.44
2843,6,1,3.92,7.83
2844,14,2,3.44,4.54
2844,20,1,1.57,4.26
2844,20,2,1.57,4.26
2844,18,3,2.6,3.6
2845,21,2,3.99,6.86
2846,16,3,3.74,10.59
2847,14,1,3.44,4.54
2847,30,3,2.74,7.08
2847,14,3,3.44,4.54
2847,11,2,2.11,8.72
2848,8,2,3.31,9.34
2848,16,2,3.74,10.59
2848,4,3,1.41,6.42
2849,16,3,3.74,10.59
2849,20,2,1.57,4.26
2850,16,2,3.74,10.59
2850,7,3,1.32,5.64
2850,6,1,3.92,7.83
2850,16,2,3.74,10.59
2851,2,1,4.04,4.44
2851,23,2,3.04,3.82
2852,7,1,1.32,5.64
2852,15,1,1.65,6.42
2852,7,2,1.32,5.64
2852,24,1,4.44,4.38
2853,10,3,4.42,10.8
2853,20,1,1.57,4.26
2853,25,2,4.17,6.8
2853,16,2,3.74,10.59
2854,25,1,4.17,6.8
2854,11,1,2.11,8.72
2855,3,3,2.36,4.4
2855,3,2,2.36,4.4
2855,21,1,3.99,6.86
2856,28,3,3.72,4.03
2856,19,2,1.85,7.49
2857,9,1,3.65,9.96
2857,20,1,1.57,4.26
2858,18,3,2.6,3.6
2858,3,3,2.36,4.4
2858,24,1,4.44,4.38
2859,23,3,3.04,3.82
2859,13,3,3.81,9.15
2859,12,1,1.65,6.2
2860,27,2,3.12,11.74
2860,1,1,1.88,8.3
2860,10,1,4.42,10.8
2860,19,1,1.85,7.49
2861,4,3,1.41,6.42
2861,9,1,3.65,9.96
2861,25,1,4.17,6.8
2862,22,1,2.45,11.98
2863,17,2,1.92,3.29
2863,30,3,2.74,7.08
2864,18,3,2.6,3.6
2864,1,1,1.88,8.3
2864,13,2,3.81,9.15
2864,6,3,3.92,7.83
2865,23,3,3.04,3.82
2865,7,1,1.32,5.64
2865,24,1,4.44,4.38
2865,11,3,2.11,8.72
2866,20,2,1.57,4.26
2866,10,2,4.42,10.8
2867,16,1,3.74,10.59
2867,17,3,1.92,3.29
2867,20,3,1.57,4.26
2867,16,1,3.74,10.59
2868,18,3,2.6,3.6
2869,7,3,1.32,5.64
2870,4,2,1.41,6.42
2871,11,1,2.11,8.72
2872,20,3,1.57,4.26
2873,5,1,4.39,8.43
2873,11,1,2.11,8.72
2874,9,2,3.65,9.96
2874,23,2,3.04,3.82
2874,10,2,4.42,10.8
2874,24,3,4.44,4.38
2875,3,2,2.36,4.4
2875,25,1,4.17,6.8
2876,24,1,4.44,4.38
2876,19,2,1.85,7.49
2876,14,2,3.44,4.54
2877,8,2,3.31,9.34
2877,23,3,3.04,3.82
2878,1,1,1.88,8.3
2878,24,2,4.44,4.38
2879,5,2,4.39,8.43
2880,7,2,1.32,5.64
2881,13,1,3.81,9.15
2882,27,1,3.12,11.74
2882,12,1,1.65,6.2
2882,5,3,4.39,8.43
2882,17,3,1.92,3.29
2883,20,3,1.57,4.26
2884,19,1,1.85,7.49
2885,12,1,1.65,6.2
2885,1,3,1.88,8.3
2886,25,2,4.17,6.8
2886,19,2,1.85,7.49
2886,23,3,3.04,3.82
2886,12,1,1.65,6.2
2887,2,3,4.04,4.44
2888,30,2,2.74,7.08
2888,30,2,2.74,7.08
2888,22,2,2.45,11.98
2889,2,2,4.04,4.44
2889,10,3,4.42,10.8
2890,17,1,1.92,3.29
2890,4,3,1.41,6.42
2891,12,3,1.65,6.2
2891,12,3,1.65,6.2
2891,7,2,1.32,5.64
2891,29,2,4.07,6.06
2892,20,3,1.57,4.26
2892,12,1,1.65,6.2
2893,11,3,2.11,8.72
2894,4,2,1.41,6.42
2894,27,1,3.12,11.74
2894,10,3,4.42,10.8
2894,14,1,3.44,4.54
2895,25,2,4.17,6.8
2895,29,2,4.07,6.06
2896,12,3,1.65,6.2
2897,22,1,2.45,11.98
2897,3,2,2.36,4.4
2898,26,1,2.54,8.36
2898,11,2,2.11,8.72
2898,2,2,4.04,4.44
2898,17,2,1.92,3.29
2899,10,1,4.42,10.8
2899,7,1,1.32,5.64
2899,19,2,1.85,7.49
2900,23,2,3.04,3.82
2901,22,2,2.45,11.98
2902,4,3,1.41,6.42
2902,30,3,2.74,7.08
2902,3,3,2.36,4.4
2902,30,3,2.74,7.08
2903,19,1,1.85,7.49
2903,14,2,3.44,4.54
2903,13,1,3.81,9.15
2903,18,1,2.6,3.6
2904,9,3,3.65,9.96
2904,22,3,2.45,11.98
2904,15,2,1.65,6.42
2904,18,1,2.6,3.6
2905,8,3,3.31,9.34
2905,23,2,3.04,3.82
2906,8,1,3.31,9.34
2906,26,3,2.54,8.36
2906,4,3,1.41,6.42
2907,14,2,3.44,4.54
2907,8,1,3.31,9.34
2907,7,1,1.32,5.64
2908,10,2,4.42,10.8
2908,2,1,4.04,4.44
2908,28,3,3.72,4.03
2908,30,1,2.74,7.08
2909,13,3,3.81,9.15
2909,28,3,3.72,4.03
2909,21,1,3.99,6.86
2909,9,1,3.65,9.96
2910,8,3,3.31,9.34
2910,18,2,2.6,3.6
2911,1,3,1.88,8.3
2911,4,2,1.41,6.42
2912,8,1,3.31,9.34
2912,17,2,1.92,3.29
2913,22,1,2.45,11.98
2913,20,3,1.57,4.26
2913,17,1,1.92,3.29
2913,29,3,4.07,6.06
2914,28,1,3.72,4.03
2914,11,2,2.11,8.72
2914,23,2,3.04,3.82
2915,11,2,2.11,8.72
2915,19,3,1.85,7.49
2915,20,3,1.57,4.26
2915,3,1,2.36,4.4
2916,26,2,2.54,8.36
2916,8,1,3.31,9.34
2916,22,1,2.45,11.98
2916,6,2,3.92,7.83
2917,15,2,1.65,6.42
2917,7,1,1.32,5.64
2917,3,2,2.36,4.4
2917,29,3,4.07,6.06
2918,30,2,2.74,7.08
2918,24,2,4.44,4.38
2918,1,2,1.88,8.3
2918,1,1,1.88,8.3
2919,11,3,2.11,8.72
2920,5,3,4.39,8.43
2920,10,1,4.42,10.8
2920,24,1,4.44,4.38
2921,29,2,4.07,6.06
2921,9,1,3.65,9.96
2922,14,2,3.44,4.54
2922,14,1,3.44,4.54
2923,1,1,1.88,8.3
2923,8,3,3.31,9.34
2924,29,2,4.07,6.06
2924,14,3,3.44,4.54
2924,3,2,2.36,4.4
2924,19,2,1.85,7.49
2925,4,3,1.41,6.42
2925,30,1,2.74,7.08
2926,27,3,3.12,11.74
2926,26,1,2.54,8.36
2926,9,3,3.65,9.96
2927,27,2,3.12,11.74
2927,1,2,1.88,8.3
2927,20,3,1.57,4.26
2928,7,1,1.32,5.64
2928,5,3,4.39,8.43
2928,8,3,3.31,9.34
2929,4,1,1.41,6.42
2929,23,3,3.04,3.82
2930,18,2,2.6,3.6
2930,8,2,3.31,9.34
2930,1,1,1.88,8.3
2931,5,1,4.39,8.43
2931,27,3,3.12,11.74
2932,6,3,3.92,7.83
2932,6,2,3.92,7.83
2932,13,3,3.81,9.15
2933,28,3,3.72,4.03
2934,15,3,1.65,6.42
2934,21,3,3.99,6.86
2935,3,2,2.36,4.4
2935,17,1,1.92,3.29
2935,13,3,3.81,9.15
2936,13,2,3.81,9.15
2936,15,3,1.65,6.42
2936,19,3,1.85,7.49
2937,22,2,2.45,11.98
2937,20,2,1.57,4.26
2937,19,2,1.85,7.49
2937,7,3,1.32,5.64
2938,5,1,4.39,8.43
2938,13,1,3.81,9.15
2938,2,3,4.04,4.44
2938,2,3,4.04,4.44
2939,5,1,4.39,8.43
2939,4,2,1.41,6.42
2939,11,2,2.11,8.72
2939,29,2,4.07,6.06
2940,11,2,2.11,8.72
2940,22,3,2.45,11.98
2940,13,2,3.81,9.15
2941,4,1,1.41,6.42
2941,9,2,3.65,9.96
2941,14,2,3.44,4.54
2942,11,3,2.11,8.72
2942,26,2,2.54,8.36
2942,26,3,2.54,8.36
2942,28,1,3.72,4.03
2943,14,2,3.44,4.54
2944,6,2,3.92,7.83
2944,28,2,3.72,4.03
2945,30,2,2.74,7.08
2945,1,1,1.88,8.3
2945,26,1,2.54,8.36
2945,7,3,1.32,5.64
2946,17,1,1.92,3.29
2947,15,1,1.65,6.42
2948,26,2,2.54,8.36
2948,5,1,4.39,8.43
2948,17,3,1.92,3.29
2949,24,1,4.44,4.38
2949,18,3,2.6,3.6
2949,24,3,4.44,4.38
2950,7,2,1.32,5.64
2951,20,2,1.57,4.26
2951,28,3,3.72,4.03
2951,29,2,4.07,6.06
2951,5,2,4.39,8.43
2952,7,2,1.32,5.64
2953,10,2,4.42,10.8
2954,25,3,4.17,6.8
2954,16,2,3.74,10.59
2954,17,1,1.92,3.29
2954,19,2,1.85,7.49
2955,22,1,2.45,11.98
2955,29,2,4.07,6.06
2955,19,3,1.85,7.49
2956,23,3,3.04,3.82
2956,9,2,3.65,9.96
2957,12,3,1.65,6.2
2958,15,1,1.65,6.42
2959,19,3,1.85,7.49
2960,18,2,2.6,3.6
2960,15,2,1.65,6.42
2960,20,2,1.57,4.26
2961,24,2,4.44,4.38
2961,30,3,2.74,7.08
2961,17,3,1.92,3.29
2961,6,1,3.92,7.83
2962,26,3,2.54,8.36
2962,17,2,1.92,3.29
2962,23,3,3.04,3.82
2963,8,3,3.31,9.34
2963,25,1,4.17,6.8
2964,24,3,4.44,4.38
2964,13,3,3.81,9.15
2964,20,2,1.57,4.26
2965,30,3,2.74,7.08
2965,7,1,1.32,5.64
2965,28,2,3.72,4.03
2966,6,3,3.92,7.83
2966,7,3,1.32,5.64
2966,21,3,3.99,6.86
2966,3,2,2.36,4.4
2967,18,3,2.6,3.6
2967,5,2,4.39,8.43
2967,25,1,4.17,6.8
2967,29,2,4.07,6.06
2968,14,3,3.44,4.54
2968,18,3,2.6,3.6
2968,27,1,3.12,11.74
2969,15,3,1.65,6.42
2969,5,1,4.39,8.43
2970,5,1,4.39,8.43
2971,23,2,3.04,3.82
2972,2,3,4.04,4.44
2972,29,3,4.07,6.06
2972,9,2,3.65,9.96
2972,15,3,1.65,6.42
2973,14,2,3.44,4.54
2973,11,2,2.11,8.72
2973,7,3,1.32,5.64
2973,17,1,1.92,3.29
2974,17,1,1.92,3.29
2974,12,3,1.65,6.2
2974,3,2,2.36,4.4
2974,16,3,3.74,10.59
2975,17,3,1.92,3.29
2975,25,3,4.17,6.8
2975,21,2,3.99,6.86
2976,18,3,2.6,3.6
2976,15,2,1.65,6.42
2976,7,3,1.32,5.64
2977,13,1,3.81,9.15
2977,5,1,4.39,8.43
2977,19,2,1.85,7.49
2977,22,1,2.45,11.98
2978,24,1,4.44,4.38
2978,18,3,2.6,3.6
2978,4,1,1.41,6.42
2979,27,1,3.12,11.74
2979,21,2,3.99,6.86
2980,28,1,3.72,4.03
2981,16,1,3.74,10.59
2981,19,3,1.85,7.49
2982,8,2,3.31,9.34
2982,29,3,4.07,6.06
2983,30,1,2.74,7.08
2983,8,3,3.31,9.34
2983,11,1,2.11,8.72
2983,14,2,3.44,4.54
2984,28,3,3.72,4.03
2984,26,3,2.54,8.36
2984,28,1,3.72,4.03
2984,7,2,1.32,5.64
2985,15,1,1.65,6.42
2985,24,1,4.44,4.38
2985,25,1,4.17,6.8
2985,27,3,3.12,11.74
2986,21,1,3.99,6.86
2986,22,2,2.45,11.98
2986,15,3,1.65,6.42
2987,20,3,1.57,4.26
2987,22,3,2.45,11.98
2987,8,3,3.31,9.34
2987,9,3,3.65,9.96
2988,17,3,1.92,3.29
2988,7,1,1.32,5.64
2988,3,2,2.36,4.4
2989,25,1,4.17,6.8
2990,13,3,3.81,9.15
2990,15,1,1.65,6.42
2991,24,1,4.44,4.38
2992,18,1,2.6,3.6
2992,28,1,3.72,4.03
2992,8,3,3.31,9.34
2992,10,3,4.42,10.8
2993,9,2,3.65,9.96
2993,16,3,3.74,10.59
2993,26,2,2.54,8.36
2994,10,1,4.42,10.8
2994,3,2,2.36,4.4
2994,7,1,1.32,5.64
2994,20,2,1.57,4.26
2995,28,1,3.72,4.03
2995,12,3,1.65,6.2
2996,22,2,2.45,11.98
2996,8,1,3.31,9.34
2997,5,3,4.39,8.43
2998,21,1,3.99,6.86
2998,27,1,3.12,11.74
2998,8,1,3.31,9.34
2999,18,2,2.6,3.6
3000,26,2,2.54,8.36
3000,1,2,1.88,8.3
3000,30,1,2.74,7.08
3000,10,2,4.42,10.8
3001,6,3,3.92,7.83
3001,4,2,1.41,6.42
3001,24,3,4.44,4.38
3001,19,2,1.85,7.49
3002,24,3,4.44,4.38
3002,4,2,1.41,6.42
3002,3,2,2.36,4.4
3003,3,3,2.36,4.4
3003,22,1,2.45,11.98
3004,29,1,4.07,6.06
3004,8,2,3.31,9.34
3004,27,2,3.12,11.74
3005,27,3,3.12,11.74
3005,7,3,1.32,5.64
3005,16,2,3.74,10.59
3006,18,2,2.6,3.6
3006,10,3,4.42,10.8
3007,14,3,3.44,4.54
3007,12,3,1.65,6.2
3008,4,3,1.41,6.42
3008,29,1,4.07,6.06
3009,20,3,1.57,4.26
3010,1,1,1.88,8.3
3011,6,1,3.92,7.83
3011,5,1,4.39,8.43
3011,5,3,4.39,8.43
3012,3,1,2.36,4.4
3013,29,2,4.07,6.06
3013,16,2,3.74,10.59
3014,11,1,2.11,8.72
3015,10,1,4.42,10.8
3015,20,1,1.57,4.26
3015,7,1,1.32,5.64
3016,30,2,2.74,7.08
3016,14,2,3.44,4.54
3016,5,2,4.39,8.43
3016,27,1,3.12,11.74
3017,25,1,4.17,6.8
3017,13,1,3.81,9.15
3017,3,3,2.36,4.4
3017,19,2,1.85,7.49
3018,19,1,1.85,7.49
3018,21,1,3.99,6.86
3018,16,3,3.74,10.59
3019,20,1,1.57,4.26
3019,1,1,1.88,8.3
3019,30,3,2.74,7.08
3020,3,3,2.36,4.4
3020,24,1,4.44,4.38
3020,27,2,3.12,11.74
3021,16,1,3.74,10.59
3021,6,3,3.92,7.83
3021,30,3,2.74,7.08
3021,8,3,3.31,9.34
3022,3,2,2.36,4.4
3022,30,2,2.74,7.08
3023,10,3,4.42,10.8
3023,27,1,3.12,11.74
3023,5,2,4.39,8.43
3023,3,1,2.36,4.4
3024,19,2,1.85,7.49
3024,7,1,1.32,5.64
3024,5,3,4.39,8.43
3024,1,2,1.88,8.3
3025,15,2,1.65,6.42
3025,21,2,3.99,6.86
3026,23,3,3.04,3.82
3027,24,3,4.44,4.38
3028,7,3,1.32,5.64
3028,3,2,2.36,4.4
3028,3,1,2.36,4.4
3029,6,3,3.92,7.83
3029,4,1,1.41,6.42
3029,16,3,3.74,10.59
3029,3,3,2.36,4.4
3030,21,3,3.99,6.86
3030,11,2,2.11,8.72
3030,10,1,4.42,10.8
3030,11,2,2.11,8.72
3031,28,2,3.72,4.03
3031,27,3,3.12,11.74
3032,6,3,3.92,7.83
3032,24,1,4.44,4.38
3032,1,2,1.88,8.3
3033,6,3,3.92,7.83
3034,22,2,2.45,11.98
3035,10,1,4.42,10.8
3036,4,2,1.41,6.42
3037,1,1,1.88,8.3
3037,28,2,3.72,4.03
3038,5,1,4.39,8.43
3038,28,1,3.72,4.03
3039,28,3,3.72,4.03
3039,5,1,4.39,8.43
3040,21,1,3.99,6.86
3040,4,3,1.41,6.42
3041,9,3,3.65,9.96
3041,10,1,4.42,10.8
3042,21,1,3.99,6.86
3042,12,1,1.65,6.2
3043,8,3,3.31,9.34
3043,20,2,1.57,4.26
3044,5,1,4.39,8.43
3044,10,1,4.42,10.8
3044,17,2,1.92,3.29
3045,14,1,3.44,4.54
3045,6,2,3.92,7.83
3045,19,3,1.85,7.49
3045,14,2,3.44,4.54
3046,8,2,3.31,9.34
3046,25,2,4.17,6.8
3046,21,3,3.99,6.86
3047,6,3,3.92,7.83
3047,16,1,3.74,10.59
3047,12,2,1.65,6.2
3048,12,2,1.65,6.2
3048,19,1,1.85,7.49
3048,9,2,3.65,9.96
3048,25,2,4.17,6.8
3049,20,2,1.57,4.26
3050,26,2,2.54,8.36
3050,8,1,3.31,9.34
3050,13,3,3.81,9.15
3050,23,2,3.04,3.82
3051,14,3,3.44,4.54
3051,11,3,2.11,8.72
3051,8,2,3.31,9.34
3051,7,3,1.32,5.64
3052,24,1,4.44,4.38
3052,5,2,4.39,8.43
3052,7,3,1.32,5.64
3053,4,2,1.41,6.42
3053,16,1,3.74,10.59
3053,6,3,3.92,7.83
3054,11,2,2.11,8.72
3054,7,3,1.32,5.64
3055,8,3,3.31,9.34
3055,19,1,1.85,7.49
3055,14,1,3.44,4.54
3055,13,3,3.81,9.15
3056,20,3,1.57,4.26
3056,25,3,4.17,6.8
3057,22,3,2.45,11.98
3057,3,1,2.36,4.4
3058,3,1,2.36,4.4
3058,8,1,3.31,9.34
3058,16,1,3.74,10.59
3058,16,1,3.74,10.59
3059,4,2,1.41,6.42
3060,18,1,2.6,3.6
3061,4,1,1.41,6.42
3061,4,2,1.41,6.42
3062,26,2,2.54,8.36
3062,13,1,3.81,9.15
3062,11,3,2.11,8.72
3063,13,3,3.81,9.15
3063,10,2,4.42,10.8
3064,15,1,1.65,6.42
3065,17,3,1.92,3.29
3065,3,3,2.36,4.4
3065,4,1,1.41,6.42
3066,3,3,2.36,4.4
3066,14,2,3.44,4.54
3066,22,1,2.45,11.98
3066,14,3,3.44,4.54
3067,2,1,4.04,4.44
3068,4,2,1.41,6.42
3069,25,1,4.17,6.8
3070,7,2,1.32,5.64
3070,30,3,2.74,7.08
3070,14,2,3.44,4.54
3071,10,1,4.42,10.8
3072,16,3,3.74,10.59
3072,7,1,1.32,5.64
3072,3,2,2.36,4.4
3072,30,3,2.74,7.08
3073,19,3,1.85,7.49
3073,23,3,3.04,3.82
3073,22,3,2.45,11.98
3074,21,1,3.99,6.86
3074,29,1,4.07,6.06
3074,5,3,4.39,8.43
3075,30,3,2.74,7.08
3075,2,3,4.04,4.44
3075,3,3,2.36,4.4
3075,20,1,1.57,4.26
3076,9,3,3.65,9.96
3076,29,3,4.07,6.06
3077,2,1,4.04,4.44
3077,11,1,2.11,8.72
3078,16,3,3.74,10.59
3079,3,2,2.36,4.4
3080,7,1,1.32,5.64
3081,10,2,4.42,10.8
3081,22,1,2.45,11.98
3082,10,1,4.42,10.8
3083,11,1,2.11,8.72
3083,30,2,2.74,7.08
3083,30,3,2.74,7.08
3084,16,3,3.74,10.59
3084,12,2,1.65,6.2
3084,13,2,3.81,9.15
3084,28,2,3.72,4.03
3085,2,3,4.04,4.44
3086,4,3,1.41,6.42
3086,10,1,4.42,10.8
3086,8,3,3.31,9.34
3086,5,1,4.39,8.43
3087,3,2,2.36,4.4
3087,7,2,1.32,5.64
3088,13,1,3.81,9.15
3088,14,3,3.44,4.54
3089,11,1,2.11,8.72
3089,25,3,4.17,6.8
3090,5,3,4.39,8.43
3091,19,3,1.85,7.49
3091,20,3,1.57,4.26
3091,20,2,1.57,4.26
3091,17,3,1.92,3.29
3092,17,3,1.92,3.29
3092,20,1,1.57,4.26
3092,2,1,4.04,4.44
3093,15,2,1.65,6.42
3093,22,2,2.45,11.98
3093,7,2,1.32,5.64
3093,12,3,1.65,6.2
3094,21,3,3.99,6.86
3094,3,2,2.36,4.4
3094,5,2,4.39,8.43
3094,13,1,3.81,9.15
3095,13,1,3.81,9.15
3095,16,1,3.74,10.59
3095,22,1,2.45,11.98
3096,1,2,1.88,8.3
3096,17,3,1.92,3.29
3097,26,3,2.54,8.36
3098,21,2,3.99,6.86
3099,26,1,2.54,8.36
3099,16,1,3.74,10.59
3099,18,1,2.6,3.6
3100,17,3,1.92,3.29
3100,4,1,1.41,6.42
3101,5,3,4.39,8.43
3101,5,1,4.39,8.43
3102,18,2,2.6,3.6
3103,12,3,1.65,6.2
3103,19,3,1.85,7.49
3104,2,3,4.04,4.44
3105,12,1,1.65,6.2
3105,23,1,3.04,3.82
3106,11,2,2.11,8.72
3106,30,1,2.74,7.08
3107,30,1,2.74,7.08
3107,26,2,2.54,8.36
3108,20,2,1.57,4.26
3109,28,1,3.72,4.03
3110,30,3,2.74,7.08
3110,11,1,2.11,8.72
3110,10,1,4.42,10.8
3111,30,3,2.74,7.08
3112,26,2,2.54,8.36
3112,10,3,4.42,10.8
3112,29,3,4.07,6.06
3112,5,3,4.39,8.43
3113,1,2,1.88,8.3
3113,8,2,3.31,9.34
3114,15,3,1.65,6.42
3114,19,1,1.85,7.49
3115,9,1,3.65,9.96
3115,27,3,3.12,11.74
3115,13,3,3.81,9.15
3115,19,1,1.85,7.49
3116,12,2,1.65,6.2
3116,26,2,2.54,8.36
3116,19,3,1.85,7.49
3117,6,3,3.92,7.83
3117,29,3,4.07,6.06
3117,1,2,1.88,8.3
3118,29,1,4.07,6.06
3118,17,3,1.92,3.29
3118,26,3,2.54,8.36
3119,13,2,3.81,9.15
3120,25,2,4.17,6.8
3120,12,2,1.65,6.2
3120,29,1,4.07,6.06
3120,3,2,2.36,4.4
3121,30,1,2.74,7.08
3122,19,3,1.85,7.49
3122,2,1,4.04,4.44
3122,12,1,1.65,6.2
3123,24,2,4.44,4.38
3123,20,3,1.57,4.26
3123,6,3,3.92,7.83
3123,20,2,1.57,4.26
3124,28,1,3.72,4.03
3124,11,1,2.11,8.72
3124,18,2,2.6,3.6
3124,22,1,2.45,11.98
3125,7,2,1.32,5.64
3125,17,1,1.92,3.29
3126,10,1,4.42,10.8
3126,24,2,4.44,4.38
3127,11,3,2.11,8.72
3128,13,1,3.81,9.15
3129,9,1,3.65,9.96
3129,12,2,1.65,6.2
3130,20,2,1.57,4.26
3130,22,3,2.45,11.98
3131,11,3,2.11,8.72
3132,9,1,3.65,9.96
3133,29,3,4.07,6.06
3133,20,3,1.57,4.26
3134,10,1,4.42,10.8
3134,20,1,1.57,4.26
3134,27,1,3.12,11.74
3134,1,2,1.88,8.3
3135,29,1,4.07,6.06
3135,12,3,1.65,6.2
3136,20,1,1.57,4.26
3136,16,1,3.74,10.59
3136,13,1,3.81,9.15
3136,5,2,4.39,8.43
3137,19,1,1.85,7.49
3137,17,1,1.92,3.29
3138,5,1,4.39,8.43
3138,14,1,3.44,4.54
3139,7,2,1.32,5.64
3139,20,1,1.57,4.26
3140,1,1,1.88,8.3
3141,4,2,1.41,6.42
3141,5,1,4.39,8.43
3141,27,2,3.12,11.74
3141,13,3,3.81,9.15
3142,12,3,1.65,6.2
3142,10,1,4.42,10.8
3142,24,2,4.44,4.38
3143,24,1,4.44,4.38
3143,5,3,4.39,8.43
3143,8,1,3.31,9.34
3144,10,2,4.42,10.8
3145,15,1,1.65,6.42
3145,26,3,2.54,8.36
3146,22,3,2.45,11.98
3146,23,1,3.04,3.82
3147,14,3,3.44,4.54
3147,14,2,3.44,4.54
3147,2,2,4.04,4.44
3147,6,3,3.92,7.83
3148,1,3,1.88,8.3
3148,6,3,3.92,7.83
3149,14,3,3.44,4.54
3150,5,1,4.39,8.43
3150,3,3,2.36,4.4
3151,1,2,1.88,8.3
3151,21,2,3.99,6.86
3151,21,2,3.99,6.86
3151,7,2,1.32,5.64
3152,4,3,1.41,6.42
3152,12,3,1.65,6.2
3152,5,1,4.39,8.43
3152,28,1,3.72,4.03
3153,14,1,3.44,4.54
3153,30,2,2.74,7.08
3153,3,1,2.36,4.4
3154,7,1,1.32,5.64
3154,2,1,4.04,4.44
3154,24,1,4.44,4.38
3155,28,1,3.72,4.03
3155,23,3,3.04,3.82
3156,12,3,1.65,6.2
3156,22,3,2.45,11.98
3156,17,2,1.92,3.29
3156,13,3,3.81,9.15
3157,4,2,1.41,6.42
3157,22,3,2.45,11.98
3157,7,3,1.32,5.64
3158,29,2,4.07,6.06
3159,4,1,1.41,6.42
3160,6,3,3.92,7.83
3160,14,2,3.44,4.54
3160,10,1,4.42,10.8
3161,26,1,2.54,8.36
3162,8,1,3.31,9.34
3162,16,2,3.74,10.59
3162,22,2,2.45,11.98
3163,14,2,3.44,4.54
3163,17,2,1.92,3.29
3163,17,2,1.92,3.29
3163,19,2,1.85,7.49
3164,23,2,3.04,3.82
3164,27,1,3.12,11.74
3164,1,2,1.88,8.3
3165,14,3,3.44,4.54
3166,13,3,3.81,9.15
3166,30,2,2.74,7.08
3166,28,1,3.72,4.03
3167,25,2,4.17,6.8
3167,29,2,4.07,6.06
3168,23,1,3.04,3.82
3168,20,2,1.57,4.26
3168,19,1,1.85,7.49
3169,5,3,4.39,8.43
3170,6,1,3.92,7.83
3171,10,2,4.42,10.8
3172,12,1,1.65,6.2
3172,28,3,3.72,4.03
3173,7,1,1.32,5.64
3174,18,3,2.6,3.6
3174,27,1,3.12,11.74
3174,25,1,4.17,6.8
3174,7,2,1.32,5.64
3175,11,1,2.11,8.72
3175,23,2,3.04,3.82
3175,16,2,3.74,10.59
3176,21,1,3.99,6.86
3176,22,1,2.45,11.98
3176,28,3,3.72,4.03
3176,14,1,3.44,4.54
3177,1,1,1.88,8.3
3177,29,3,4.07,6.06
3178,13,2,3.81,9.15
3178,25,3,4.17,6.8
3179,22,3,2.45,11.98
3179,13,1,3.81,9.15
3179,26,3,2.54,8.36
3179,6,3,3.92,7.83
3180,1,2,1.88,8.3
3180,21,3,3.99,6.86
3180,9,3,3.65,9.96
3180,30,2,2.74,7.08
3181,18,2,2.6,3.6
3182,28,1,3.72,4.03
3183,30,3,2.74,7.08
3184,4,2,1.41,6.42
3185,26,3,2.54,8.36
3185,23,3,3.04,3.82
3185,29,3,4.07,6.06
3186,10,2,4.42,10.8
3187,8,1,3.31,9.34
3187,12,2,1.65,6.2
3187,13,3,3.81,9.15
3188,17,3,1.92,3.29
3188,21,1,3.99,6.86
3189,15,2,1.65,6.42
3189,12,3,1.65,6.2
3189,2,1,4.04,4.44
3190,17,2,1.92,3.29
3190,13,2,3.81,9.15
3190,15,1,1.65,6.42
3190,16,2,3.74,10.59
3191,5,2,4.39,8.43
3192,16,3,3.74,10.59
3192,4,2,1.41,6.42
3193,14,3,3.44,4.54
3193,14,1,3.44,4.54
3193,3,3,2.36,4.4
3193,19,2,1.85,7.49
3194,22,1,2.45,11.98
3194,6,2,3.92,7.83
3195,11,3,2.11,8.72
3196,21,3,3.99,6.86
3196,3,3,2.36,4.4
3196,12,2,1.65,6.2
3197,8,2,3.31,9.34
3197,8,1,3.31,9.34
3197,19,3,1.85,7.49
3198,13,3,3.81,9.15
3198,5,1,4.39,8.43
3198,15,3,1.65,6.42
3198,16,2,3.74,10.59
3199,30,2,2.74,7.08
3199,14,3,3.44,4.54
3199,16,3,3.74,10.59
3200,26,3,2.54,8.36
3200,11,1,2.11,8.72
3201,25,2,4.17,6.8
3201,14,3,3.44,4.54
3201,18,3,2.6,3.6
3201,8,2,3.31,9.34
3202,11,1,2.11,8.72
3202,28,3,3.72,4.03
3203,8,1,3.31,9.34
3204,5,3,4.39,8.43
3204,27,1,3.12,11.74
3204,21,2,3.99,6.86
3204,25,1,4.17,6.8
3205,15,3,1.65,6.42
3205,25,1,4.17,6.8
3205,4,3,1.41,6.42
3205,10,1,4.42,10.8
3206,7,1,1.32,5.64
3206,25,3,4.17,6.8
3206,2,1,4.04,4.44
3206,15,1,1.65,6.42
3207,5,1,4.39,8.43
3207,10,3,4.42,10.8
3207,10,2,4.42,10.8
3208,28,3,3.72,4.03
3208,22,2,2.45,11.98
3208,16,1,3.74,10.59
3208,25,3,4.17,6.8
3209,4,2,1.41,6.42
3209,12,3,1.65,6.2
3209,20,2,1.57,4.26
3209,12,2,1.65,6.2
3210,2,3,4.04,4.44
3210,20,3,1.57,4.26
3210,22,2,2.45,11.98
3211,25,2,4.17,6.8
3211,1,1,1.88,8.3
3211,20,3,1.57,4.26
3212,22,2,2.45,11.98
3212,22,3,2.45,11.98
3213,23,1,3.04,3.82
3213,5,1,4.39,8.43
3214,15,1,1.65,6.42
3215,14,1,3.44,4.54
3215,25,1,4.17,6.8
3216,30,2,2.74,7.08
3217,13,3,3.81,9.15
3218,5,2,4.39,8.43
3219,28,2,3.72,4.03
3219,30,2,2.74,7.08
3219,20,2,1.57,4.26
3220,12,2,1.65,6.2
3220,29,1,4.07,6.06
3221,16,3,3.74,10.59
3221,3,2,2.36,4.4
3221,13,1,3.81,9.15
3221,29,3,4.07,6.06
3222,22,1,2.45,11.98
3222,26,1,2.54,8.36
3222,1,1,1.88,8.3
3223,14,2,3.44,4.54
3223,5,3,4.39,8.43
3223,5,2,4.39,8.43
3223,13,3,3.81,9.15
3224,22,1,2.45,11.98
3224,10,1,4.42,10.8
3224,2,1,4.04,4.44
3224,23,3,3.04,3.82
3225,3,2,2.36,4.4
3226,19,1,1.85,7.49
3227,29,1,4.07,6.06
3227,13,3,3.81,9.15
3227,7,3,1.32,5.64
3227,2,3,4.04,4.44
3228,13,3,3.81,9.15
3228,23,1,3.04,3.82
3229,19,1,1.85,7.49
3230,3,3,2.36,4.4
3230,15,3,1.65,6.42
3231,6,3,3.92,7.83
3232,18,3,2.6,3.6
3232,25,1,4.17,6.8
3232,20,3,1.57,4.26
3233,23,1,3.04,3.82
3233,21,2,3.99,6.86
3233,14,2,3.44,4.54
3234,18,3,2.6,3.6
3234,1,3,1.88,8.3
3235,12,3,1.65,6.2
3236,28,1,3.72,4.03
3236,28,2,3.72,4.03
3236,30,3,2.74,7.08
3236,8,1,3.31,9.34
3237,22,3,2.45,11.98
3237,8,1,3.31,9.34
3238,20,3,1.57,4.26
3238,10,1,4.42,10.8
3238,4,3,1.41,6.42
3238,19,1,1.85,7.49
3239,16,2,3.74,10.59
3239,24,2,4.44,4.38
3240,14,2,3.44,4.54
3240,23,1,3.04,3.82
3240,17,2,1.92,3.29
3240,16,2,3.74,10.59
3241,14,1,3.44,4.54
3241,14,3,3.44,4.54
3242,24,3,4.44,4.38
3243,6,3,3.92,7.83
3243,6,1,3.92,7.83
3243,14,2,3.44,4.54
3243,14,2,3.44,4.54
3244,15,3,1.65,6.42
3244,13,1,3.81,9.15
3245,18,3,2.6,3.6
3245,20,3,1.57,4.26
3246,26,2,2.54,8.36
3246,19,3,1.85,7.49
3247,16,2,3.74,10.59
3247,5,2,4.39,8.43
3247,11,3,2.11,8.72
3247,27,2,3.12,11.74
3248,30,3,2.74,7.08
3248,12,3,1.65,6.2
3249,30,3,2.74,7.08
3250,11,2,2.11,8.72
3250,18,3,2.6,3.6
3250,7,3,1.32,5.64
3250,3,1,2.36,4.4
3251,18,3,2.6,3.6
3252,2,1,4.04,4.44
3252,28,3,3.72,4.03
3252,12,1,1.65,6.2
3252,1,3,1.88,8.3
3253,17,2,1.92,3.29
3253,18,2,2.6,3.6
3254,21,1,3.99,6.86
3254,25,1,4.17,6.8
3255,11,3,2.11,8.72
3255,1,1,1.88,8.3
3256,6,3,3.92,7.83
3256,25,1,4.17,6.8
3256,13,3,3.81,9.15
3257,28,1,3.72,4.03
3257,14,3,3.44,4.54
3258,13,1,3.81,9.15
3259,5,2,4.39,8.43
3260,9,3,3.65,9.96
3260,26,3,2.54,8.36
3261,1,3,1.88,8.3
3261,26,2,2.54,8.36
3261,16,3,3.74,10.59
3262,22,3,2.45,11.98
3262,12,2,1.65,6.2
3262,22,2,2.45,11.98
3262,9,1,3.65,9.96
3263,21,2,3.99,6.86
3263,9,2,3.65,9.96
3263,8,2,3.31,9.34
3264,21,2,3.99,6.86
3264,29,3,4.07,6.06
3264,18,3,2.6,3.6
3264,27,2,3.12,11.74
3265,17,1,1.92,3.29
3265,26,2,2.54,8.36
3265,18,3,2.6,3.6
3266,21,1,3.99,6.86
3266,28,2,3.72,4.03
3266,27,2,3.12,11.74
3266,7,2,1.32,5.64
3267,8,1,3.31,9.34
3267,1,3,1.88,8.3
3267,26,2,2.54,8.36
3268,30,3,2.74,7.08
3269,22,3,2.45,11.98
3269,9,2,3.65,9.96
3270,28,3,3.72,4.03
3270,2,2,4.04,4.44
3270,1,3,1.88,8.3
3271,20,1,1.57,4.26
3272,24,1,4.44,4.38
3272,2,2,4.04,4.44
3273,19,1,1.85,7.49
3273,23,2,3.04,3.82
3274,9,3,3.65,9.96
3274,26,2,2.54,8.36
3274,22,3,2.45,11.98
3275,14,1,3.44,4.54
3276,2,3,4.04,4.44
3276,5,3,4.39,8.43
3276,23,3,3.04,3.82
3277,18,1,2.6,3.6
3277,10,1,4.42,10.8
3278,20,2,1.57,4.26
3278,25,3,4.17,6.8
3278,22,3,2.45,11.98
3278,22,1,2.45,11.98
3279,7,1,1.32,5.64
3279,26,3,2.54,8.36
3279,24,1,4.44,4.38
3280,9,1,3.65,9.96
3281,5,3,4.39,8.43
3281,14,3,3.44,4.54
3281,13,1,3.81,9.15
3282,16,1,3.74,10.59
3282,17,1,1.92,3.29
3282,18,3,2.6,3.6
3283,9,3,3.65,9.96
3284,11,1,2.11,8.72
3284,3,2,2.36,4.4
3285,23,2,3.04,3.82
3285,23,1,3.04,3.82
3286,14,2,3.44,4.54
3287,4,1,1.41,6.42
3287,28,1,3.72,4.03
3287,22,2,2.45,11.98
3287,27,2,3.12,11.74
3288,9,1,3.65,9.96
3288,6,2,3.92,7.83
3288,1,3,1.88,8.3
3288,9,3,3.65,9.96
3289,1,3,1.88,8.3
3289,20,1,1.57,4.26
3290,8,1,3.31,9.34
3290,26,1,2.54,8.36
3290,30,3,2.74,7.08
3290,20,2,1.57,4.26
3291,11,1,2.11,8.72
3291,23,2,3.04,3.82
3291,24,3,4.44,4.38
3292,8,3,3.31,9.34
3292,26,1,2.54,8.36
3292,6,1,3.92,7.83
3292,9,1,3.65,9.96
3293,10,3,4.42,10.8
3294,2,1,4.04,4.44
3294,12,3,1.65,6.2
3295,28,3,3.72,4.03
3296,8,2,3.31,9.34
3297,13,2,3.81,9.15
3297,6,3,3.92,7.83
3297,20,1,1.57,4.26
3297,4,3,1.41,6.42
3298,21,2,3.99,6.86
3298,7,1,1.32,5.64
3298,17,3,1.92,3.29
3299,29,3,4.07,6.06
3299,12,1,1.65,6.2
3299,30,1,2.74,7.08
3299,29,1,4.07,6.06
3300,4,3,1.41,6.42
3300,21,1,3.99,6.86
3300,11,1,2.11,8.72
3300,14,1,3.44,4.54
3301,13,2,3.81,9.15
3301,26,1,2.54,8.36
3302,27,2,3.12,11.74
3303,24,3,4.44,4.38
3304,4,3,1.41,6.42
3304,18,1,2.6,3.6
3305,7,3,1.32,5.64
3305,15,2,1.65,6.42
3305,25,2,4.17,6.8
3305,4,1,1.41,6.42
3306,16,1,3.74,10.59
3306,15,3,1.65,6.42
3306,10,2,4.42,10.8
3306,28,3,3.72,4.03
3307,9,2,3.65,9.96
3307,2,1,4.04,4.44
3307,26,1,2.54,8.36
3308,18,2,2.6,3.6
3308,18,3,2.6,3.6
3309,29,1,4.07,6.06
3309,6,3,3.92,7.83
3309,11,3,2.11,8.72
3310,21,1,3.99,6.86
3310,9,1,3.65,9.96
3311,10,3,4.42,10.8
3311,3,3,2.36,4.4
3311,23,3,3.04,3.82
3312,2,1,4.04,4.44
3313,6,1,3.92,7.83
3313,2,2,4.04,4.44
3313,4,1,1.41,6.42
3313,8,2,3.31,9.34
3314,6,1,3.92,7.83
3314,1,1,1.88,8.3
3314,8,3,3.31,9.34
3315,25,3,4.17,6.8
3316,24,3,4.44,4.38
3317,18,3,2.6,3.6
3317,22,3,2.45,11.98
3318,20,1,1.57,4.26
3318,15,3,1.65,6.42
3318,17,3,1.92,3.29
3318,23,2,3.04,3.82
3319,2,1,4.04,4.44
3320,25,1,4.17,6.8
3321,14,1,3.44,4.54
3322,4,1,1.41,6.42
3322,7,2,1.32,5.64
3322,1,3,1.88,8.3
3323,20,2,1.57,4.26
3324,20,2,1.57,4.26
3324,5,3,4.39,8.43
3324,13,2,3.81,9.15
3324,11,2,2.11,8.72
3325,16,1,3.74,10.59
3325,8,2,3.31,9.34
3325,15,3,1.65,6.42
3325,22,1,2.45,11.98
3326,8,3,3.31,9.34
3326,12,2,1.65,6.2
3326,4,1,1.41,6.42
3326,24,2,4.44,4.38
3327,1,2,1.88,8.3
3327,12,2,1.65,6.2
3328,24,2,4.44,4.38
3328,27,1,3.12,11.74
3328,6,3,3.92,7.83
3328,5,1,4.39,8.43
3329,10,2,4.42,10.8
3329,29,2,4.07,6.06
3329,6,2,3.92,7.83
3330,22,1,2.45,11.98
3330,3,2,2.36,4.4
3330,14,1,3.44,4.54
3331,10,3,4.42,10.8
3331,8,1,3.31,9.34
3332,9,2,3.65,9.96
3332,1,2,1.88,8.3
3332,13,2,3.81,9.15
3332,13,3,3.81,9.15
3333,7,2,1.32,5.64
3334,16,3,3.74,10.59
3334,20,3,1.57,4.26
3335,19,1,1.85,7.49
3335,24,1,4.44,4.38
3335,25,3,4.17,6.8
3336,13,2,3.81,9.15
3337,2,2,4.04,4.44
3337,24,3,4.44,4.38
3337,5,3,4.39,8.43
3338,5,3,4.39,8.43
3338,6,2,3.92,7.83
3339,3,3,2.36,4.4
3340,28,2,3.72,4.03
3341,27,3,3.12,11.74
3341,16,2,3.74,10.59
3341,19,3,1.85,7.49
3342,6,1,3.92,7.83
3342,4,2,1.41,6.42
3342,4,1,1.41,6.42
3343,12,3,1.65,6.2
3343,24,1,4.44,4.38
3343,18,3,2.6,3.6
3343,18,3,2.6,3.6
3344,16,1,3.74,10.59
3345,7,1,1.32,5.64
3345,6,3,3.92,7.83
3345,15,2,1.65,6.42
3345,27,2,3.12,11.74
3346,14,3,3.44,4.54
3347,30,3,2.74,7.08
3347,17,1,1.92,3.29
3347,3,3,2.36,4.4
3347,27,1,3.12,11.74
3348,13,3,3.81,9.15
3349,21,1,3.99,6.86
3349,16,1,3.74,10.59
3350,4,2,1.41,6.42
3350,8,3,3.31,9.34
3351,16,3,3.74,10.59
3352,25,1,4.17,6.8
3353,16,3,3.74,10.59
3353,6,3,3.92,7.83
3354,17,1,1.92,3.29
3354,11,3,2.11,8.72
3354,14,1,3.44,4.54
3355,20,3,1.57,4.26
3355,5,1,4.39,8.43
3356,26,2,2.54,8.36
3356,3,3,2.36,4.4
3356,23,3,3.04,3.82
3356,6,2,3.92,7.83
3357,29,1,4.07,6.06
3357,29,1,4.07,6.06
3357,27,3,3.12,11.74
3357,6,3,3.92,7.83
3358,8,3,3.31,9.34
3358,20,2,1.57,4.26
3358,12,2,1.65,6.2
3358,4,1,1.41,6.42
3359,13,1,3.81,9.15
3359,25,1,4.17,6.8
3359,20,1,1.57,4.26
3360,17,3,1.92,3.29
3360,24,2,4.44,4.38
3360,25,3,4.17,6.8
3360,2,3,4.04,4.44
3361,5,3,4.39,8.43
3361,9,3,3.65,9.96
3361,2,3,4.04,4.44
3361,24,3,4.44,4.38
3362,21,1,3.99,6.86
3362,11,3,2.11,8.72
3362,25,1,4.17,6.8
3362,14,2,3.44,4.54
3363,20,2,1.57,4.26
3363,7,2,1.32,5.64
3364,16,3,3.74,10.59
3365,10,1,4.42,10.8
3365,21,1,3.99,6.86
3366,26,1,2.54,8.36
3366,14,3,3.44,4.54
3367,10,1,4.42,10.8
3367,4,3,1.41,6.42
3367,4,3,1.41,6.42
3368,25,3,4.17,6.8
3368,28,2,3.72,4.03
3368,5,3,4.39,8.43
3369,1,3,1.88,8.3
3369,20,2,1.57,4.26
3369,15,2,1.65,6.42
3370,22,1,2.45,11.98
3370,11,2,2.11,8.72
3370,9,1,3.65,9.96
3370,20,3,1.57,4.26
3371,7,3,1.32,5.64
3371,18,3,2.6,3.6
3371,23,1,3.04,3.82
3372,27,3,3.12,11.74
3372,5,2,4.39,8.43
3372,27,2,3.12,11.74
3373,13,1,3.81,9.15
3373,22,1,2.45,11.98
3374,11,3,2.11,8.72
3374,9,1,3.65,9.96
3374,24,3,4.44,4.38
3374,19,1,1.85,7.49
3375,13,3,3.81,9.15
3375,13,2,3.81,9.15
3375,19,3,1.85,7.49
3375,30,2,2.74,7.08
3376,8,1,3.31,9.34
3376,18,2,2.6,3.6
3376,3,3,2.36,4.4
3377,20,3,1.57,4.26
3377,1,3,1.88,8.3
3378,21,3,3.99,6.86
3378,28,1,3.72,4.03
3378,10,1,4.42,10.8
3379,9,2,3.65,9.96
3379,7,1,1.32,5.64
3380,8,2,3.31,9.34
3380,7,2,1.32,5.64
3381,29,3,4.07,6.06
3381,9,3,3.65,9.96
3381,2,3,4.04,4.44
3381,14,2,3.44,4.54
3382,13,3,3.81,9.15
3382,5,3,4.39,8.43
3383,7,2,1.32,5.64
3383,27,1,3.12,11.74
3383,19,2,1.85,7.49
3384,20,2,1.57,4.26
3384,29,2,4.07,6.06
3384,27,3,3.12,11.74
3385,10,2,4.42,10.8
3385,7,2,1.32,5.64
3385,20,1,1.57,4.26
3385,27,2,3.12,11.74
3386,4,3,1.41,6.42
3386,17,1,1.92,3.29
3386,1,1,1.88,8.3
3386,25,3,4.17,6.8
3387,7,2,1.32,5.64
3387,10,3,4.42,10.8
3387,24,3,4.44,4.38
3387,21,2,3.99,6.86
3388,19,3,1.85,7.49
3388,20,3,1.57,4.26
3388,9,2,3.65,9.96
3388,1,2,1.88,8.3
3389,3,2,2.36,4.4
3390,25,1,4.17,6.8
3391,13,2,3.81,9.15
3391,27,2,3.12,11.74
3391,14,2,3.44,4.54
3392,1,3,1.88,8.3
3392,4,2,1.41,6.42
3392,16,3,3.74,10.59
3392,10,2,4.42,10.8
3393,20,3,1.57,4.26
3393,14,3,3.44,4.54
3393,17,2,1.92,3.29
3394,21,2,3.99,6.86
3395,11,2,2.11,8.72
3395,2,1,4.04,4.44
3395,27,3,3.12,11.74
3395,24,2,4.44,4.38
3396,16,3,3.74,10.59
3397,10,1,4.42,10.8
3398,28,3,3.72,4.03
3398,16,2,3.74,10.59
3398,24,1,4.44,4.38
3399,21,2,3.99,6.86
3400,25,3,4.17,6.8
3400,14,3,3.44,4.54
3401,17,2,1.92,3.29
3401,8,1,3.31,9.34
3401,24,1,4.44,4.38
3402,18,3,2.6,3.6
3402,13,3,3.81,9.15
3402,11,1,2.11,8.72
3402,26,3,2.54,8.36
3403,5,3,4.39,8.43
3403,16,2,3.74,10.59
3403,12,3,1.65,6.2
3404,13,2,3.81,9.15
3404,14,1,3.44,4.54
3405,9,2,3.65,9.96
3405,22,2,2.45,11.98
3406,17,3,1.92,3.29
3406,13,3,3.81,9.15
3406,24,3,4.44,4.38
3406,8,1,3.31,9.34
3407,8,2,3.31,9.34
3407,15,3,1.65,6.42
3408,29,1,4.07,6.06
3408,27,1,3.12,11.74
3408,29,2,4.07,6.06
3408,10,2,4.42,10.8
3409,22,2,2.45,11.98
3409,29,1,4.07,6.06
3410,23,1,3.04,3.82
3410,17,3,1.92,3.29
3410,29,3,4.07,6.06
3411,25,2,4.17,6.8
3411,20,2,1.57,4.26
3411,22,2,2.45,11.98
3411,21,1,3.99,6.86
3412,19,2,1.85,7.49
3412,28,1,3.72,4.03
3413,25,1,4.17,6.8
3414,10,1,4.42,10.8
3414,9,1,3.65,9.96
3414,1,2,1.88,8.3
3414,14,2,3.44,4.54
3415,12,1,1.65,6.2
3415,10,1,4.42,10.8
3415,3,2,2.36,4.4
3415,25,2,4.17,6.8
3416,26,1,2.54,8.36
3417,12,2,1.65,6.2
3417,12,3,1.65,6.2
3417,17,1,1.92,3.29
3417,8,3,3.31,9.34
3418,17,2,1.92,3.29
3418,21,3,3.99,6.86
3419,30,1,2.74,7.08
3419,28,3,3.72,4.03
3420,21,3,3.99,6.86
3421,1,3,1.88,8.3
3421,24,1,4.44,4.38
3421,3,1,2.36,4.4
3421,24,1,4.44,4.38
3422,3,3,2.36,4.4
3423,3,1,2.36,4.4
3423,18,1,2.6,3.6
3423,22,2,2.45,11.98
3424,14,1,3.44,4.54
3424,10,3,4.42,10.8
3424,10,2,4.42,10.8
3424,15,2,1.65,6.42
3425,22,1,2.45,11.98
3425,9,3,3.65,9.96
3425,15,3,1.65,6.42
3425,19,2,1.85,7.49
3426,23,3,3.04,3.82
3426,1,3,1.88,8.3
3427,11,3,2.11,8.72
3427,19,2,1.85,7.49
3427,1,3,1.88,8.3
3427,21,3,3.99,6.86
3428,1,3,1.88,8.3
3428,6,3,3.92,7.83
3429,11,2,2.11,8.72
3430,6,1,3.92,7.83
3430,3,2,2.36,4.4
3430,2,2,4.04,4.44
3430,3,1,2.36,4.4
3431,10,2,4.42,10.8
3432,9,2,3.65,9.96
3433,10,2,4.42,10.8
3433,27,1,3.12,11.74
3433,1,1,1.88,8.3
3433,11,3,2.11,8.72
3434,30,3,2.74,7.08
3434,8,3,3.31,9.34
3435,18,3,2.6,3.6
3436,10,1,4.42,10.8
3436,7,1,1.32,5.64
3436,7,2,1.32,5.64
3436,3,3,2.36,4.4
3437,7,2,1.32,5.64
3437,29,2,4.07,6.06
3437,25,2,4.17,6.8
3438,21,1,3.99,6.86
3438,23,1,3.04,3.82
3438,16,3,3.74,10.59
3439,26,3,2.54,8.36
3440,11,2,2.11,8.72
3440,26,3,2.54,8.36
3440,27,1,3.12,11.74
3440,13,2,3.81,9.15
3441,18,1,2.6,3.6
3441,28,1,3.72,4.03
3442,18,3,2.6,3.6
3443,27,2,3.12,11.74
3444,10,1,4.42,10.8
3444,4,3,1.41,6.42
3445,27,3,3.12,11.74
3446,5,2,4.39,8.43
3446,29,1,4.07,6.06
3446,10,1,4.42,10.8
3447,8,1,3.31,9.34
3447,11,3,2.11,8.72
3448,11,1,2.11,8.72
3449,1,2,1.88,8.3
3449,15,3,1.65,6.42
3449,3,3,2.36,4.4
3450,12,3,1.65,6.2
3450,18,2,2.6,3.6
3450,22,2,2.45,11.98
3450,11,2,2.11,8.72
3451,11,2,2.11,8.72
3451,4,3,1.41,6.42
3451,24,1,4.44,4.38
3452,11,1,2.11,8.72
3452,2,2,4.04,4.44
3452,10,3,4.42,10.8
3453,14,1,3.44,4.54
3454,1,1,1.88,8.3
3455,5,3,4.39,8.43
3455,4,2,1.41,6.42
3455,18,1,2.6,3.6
3456,22,1,2.45,11.98
3456,21,2,3.99,6.86
3457,27,3,3.12,11.74
3457,19,2,1.85,7.49
3457,5,1,4.39,8.43
3457,17,1,1.92,3.29
3458,1,2,1.88,8.3
3459,25,1,4.17,6.8
3459,18,3,2.6,3.6
3460,1,1,1.88,8.3
3460,21,3,3.99,6.86
3461,20,2,1.57,4.26
3461,24,1,4.44,4.38
3461,9,1,3.65,9.96
3462,3,2,2.36,4.4
3462,11,1,2.11,8.72
3462,29,3,4.07,6.06
3463,30,3,2.74,7.08
3463,17,2,1.92,3.29
3464,18,1,2.6,3.6
3464,6,1,3.92,7.83
3464,9,1,3.65,9.96
3465,9,2,3.65,9.96
3465,26,2,2.54,8.36
3465,23,3,3.04,3.82
3465,11,1,2.11,8.72
3466,14,2,3.44,4.54
3466,23,2,3.04,3.82
3466,7,1,1.32,5.64
3467,14,1,3.44,4.54
3467,8,3,3.31,9.34
3467,18,2,2.6,3.6
3468,12,2,1.65,6.2
3468,23,3,3.04,3.82
3468,20,1,1.57,4.26
3468,3,1,2.36,4.4
3469,29,1,4.07,6.06
3469,27,3,3.12,11.74
3470,18,2,2.6,3.6
3470,1,2,1.88,8.3
3471,29,1,4.07,6.06
3471,25,3,4.17,6.8
3471,20,1,1.57,4.26
3471,7,3,1.32,5.64
3472,28,3,3.72,4.03
3472,19,2,1.85,7.49
3472,24,1,4.44,4.38
3473,3,3,2.36,4.4
3473,23,1,3.04,3.82
3473,9,2,3.65,9.96
3474,15,1,1.65,6.42
3474,18,1,2.6,3.6
3474,19,2,1.85,7.49
3475,21,1,3.99,6.86
3475,27,3,3.12,11.74
3476,16,1,3.74,10.59
3476,26,3,2.54,8.36
3476,9,3,3.65,9.96
3476,25,3,4.17,6.8
3477,13,3,3.81,9.15
3477,22,1,2.45,11.98
3477,19,1,1.85,7.49
3478,17,1,1.92,3.29
3478,23,3,3.04,3.82
3479,5,1,4.39,8.43
3479,12,1,1.65,6.2
3480,14,3,3.44,4.54
3480,24,2,4.44,4.38
3480,22,2,2.45,11.98
3481,20,2,1.57,4.26
3482,9,3,3.65,9.96
3482,9,3,3.65,9.96
3482,11,3,2.11,8.72
3482,16,2,3.74,10.59
3483,3,2,2.36,4.4
3483,11,2,2.11,8.72
3484,9,3,3.65,9.96
3484,23,2,3.04,3.82
3484,9,1,3.65,9.96
3484,22,1,2.45,11.98
3485,14,2,3.44,4.54
3485,11,1,2.11,8.72
3486,14,2,3.44,4.54
3486,11,1,2.11,8.72
3486,9,3,3.65,9.96
3486,14,2,3.44,4.54
3487,29,1,4.07,6.06
3487,20,2,1.57,4.26
3487,15,3,1.65,6.42
3488,12,3,1.65,6.2
3488,17,1,1.92,3.29
3489,27,1,3.12,11.74
3489,3,3,2.36,4.4
3490,30,2,2.74,7.08
3490,5,1,4.39,8.43
3491,25,3,4.17,6.8
3491,20,1,1.57,4.26
3491,16,2,3.74,10.59
3492,14,3,3.44,4.54
3492,23,1,3.04,3.82
3492,3,3,2.36,4.4
3493,26,1,2.54,8.36
3494,3,2,2.36,4.4
3495,13,3,3.81,9.15
3495,16,1,3.74,10.59
3495,30,2,2.74,7.08
3495,11,2,2.11,8.72
3496,19,1,1.85,7.49
3496,29,2,4.07,6.06
3497,30,3,2.74,7.08
3497,27,2,3.12,11.74
3497,21,3,3.99,6.86
3498,24,1,4.44,4.38
3498,13,3,3.81,9.15
3498,28,2,3.72,4.03
3499,14,2,3.44,4.54
3499,24,3,4.44,4.38
3499,30,3,2.74,7.08
3500,6,1,3.92,7.83
3501,28,1,3.72,4.03
3501,22,2,2.45,11.98
3502,3,1,2.36,4.4
3502,13,1,3.81,9.15
3503,13,2,3.81,9.15
3503,21,3,3.99,6.86
3503,9,2,3.65,9.96
3504,27,2,3.12,11.74
3505,20,3,1.57,4.26
3506,3,1,2.36,4.4
3506,19,3,1.85,7.49
3506,23,2,3.04,3.82
3507,11,1,2.11,8.72
3507,22,1,2.45,11.98
3508,17,3,1.92,3.29
3508,25,1,4.17,6.8
3509,9,2,3.65,9.96
3509,15,2,1.65,6.42
3509,12,2,1.65,6.2
3509,25,2,4.17,6.8
3510,10,3,4.42,10.8
3510,20,2,1.57,4.26
3510,21,3,3.99,6.86
3511,18,2,2.6,3.6
3511,22,2,2.45,11.98
3511,4,2,1.41,6.42
3511,28,2,3.72,4.03
3512,25,3,4.17,6.8
3512,28,1,3.72,4.03
3512,16,2,3.74,10.59
3513,12,3,1.65,6.2
3513,15,2,1.65,6.42
3514,11,3,2.11,8.72
3515,20,2,1.57,4.26
3515,8,3,3.31,9.34
3515,3,3,2.36,4.4
3516,6,2,3.92,7.83
3516,12,2,1.65,6.2
3517,8,2,3.31,9.34
3518,13,3,3.81,9.15
3519,20,3,1.57,4.26
3519,11,1,2.11,8.72
3520,12,2,1.65,6.2
3520,18,1,2.6,3.6
3520,27,3,3.12,11.74
3521,12,3,1.65,6.2
3521,4,3,1.41,6.42
3521,14,2,3.44,4.54
3521,2,1,4.04,4.44
3522,14,1,3.44,4.54
3522,8,1,3.31,9.34
3523,15,1,1.65,6.42
3524,9,3,3.65,9.96
3525,10,1,4.42,10.8
3525,18,2,2.6,3.6
3526,16,2,3.74,10.59
3526,12,3,1.65,6.2
3527,7,3,1.32,5.64
3528,12,3,1.65,6.2
3528,22,1,2.45,11.98
3528,22,1,2.45,11.98
3528,25,1,4.17,6.8
3529,19,3,1.85,7.49
3529,9,3,3.65,9.96
3529,2,2,4.04,4.44
3529,18,2,2.6,3.6
3530,22,1,2.45,11.98
3530,13,3,3.81,9.15
3530,5,1,4.39,8.43
3531,15,2,1.65,6.42
3531,22,1,2.45,11.98
3531,12,1,1.65,6.2
3531,26,2,2.54,8.36
3532,2,2,4.04,4.44
3532,2,2,4.04,4.44
3532,5,1,4.39,8.43
3532,18,3,2.6,3.6
3533,26,2,2.54,8.36
3533,27,1,3.12,11.74
3534,7,1,1.32,5.64
3534,20,2,1.57,4.26
3534,30,2,2.74,7.08
3535,14,2,3.44,4.54
3535,28,3,3.72,4.03
3536,15,1,1.65,6.42
3536,23,2,3.04,3.82
3536,17,1,1.92,3.29
3536,7,3,1.32,5.64
3537,26,2,2.54,8.36
3537,25,3,4.17,6.8
3538,13,1,3.81,9.15
3538,17,1,1.92,3.29
3539,26,3,2.54,8.36
3539,9,3,3.65,9.96
3539,25,1,4.17,6.8
3539,5,3,4.39,8.43
3540,3,1,2.36,4.4
3541,9,3,3.65,9.96
3542,30,1,2.74,7.08
3543,27,2,3.12,11.74
3543,26,3,2.54,8.36
3544,21,3,3.99,6.86
3544,9,2,3.65,9.96
3544,30,2,2.74,7.08
3545,10,1,4.42,10.8
3545,4,3,1.41,6.42
3545,4,3,1.41,6.42
3546,13,2,3.81,9.15
3546,7,3,1.32,5.64
3547,7,3,1.32,5.64
3548,27,3,3.12,11.74
3548,14,3,3.44,4.54
3548,10,1,4.42,10.8
3548,18,2,2.6,3.6
3549,22,1,2.45,11.98
3549,6,1,3.92,7.83
3549,3,2,2.36,4.4
3549,22,3,2.45,11.98
3550,2,1,4.04,4.44
3550,4,1,1.41,6.42
3550,15,1,1.65,6.42
3551,1,3,1.88,8.3
3551,16,2,3.74,10.59
3552,14,3,3.44,4.54
3553,25,2,4.17,6.8
3553,13,1,3.81,9.15
3554,23,1,3.04,3.82
3554,21,2,3.99,6.86
3554,6,1,3.92,7.83
3554,16,1,3.74,10.59
3555,18,1,2.6,3.6
3555,22,2,2.45,11.98
3555,4,3,1.41,6.42
3555,13,3,3.81,9.15
3556,28,2,3.72,4.03
3556,21,2,3.99,6.86
3556,26,2,2.54,8.36
3556,9,3,3.65,9.96
3557,13,1,3.81,9.15
3558,13,2,3.81,9.15
3559,8,2,3.31,9.34
3560,22,1,2.45,11.98
3560,4,3,1.41,6.42
3560,3,3,2.36,4.4
3560,28,2,3.72,4.03
3561,19,2,1.85,7.49
3561,15,1,1.65,6.42
3562,30,1,2.74,7.08
3562,3,3,2.36,4.4
3562,8,3,3.31,9.34
3563,13,1,3.81,9.15
3563,5,1,4.39,8.43
3564,12,2,1.65,6.2
3564,17,1,1.92,3.29
3564,5,3,4.39,8.43
3564,8,1,3.31,9.34
3565,7,3,1.32,5.64
3565,27,3,3.12,11.74
3565,21,1,3.99,6.86
3566,29,2,4.07,6.06
3566,28,1,3.72,4.03
3567,19,1,1.85,7.49
3567,25,3,4.17,6.8
3567,23,2,3.04,3.82
3567,4,1,1.41,6.42
3568,30,1,2.74,7.08
3569,3,3,2.36,4.4
3569,11,2,2.11,8.72
3570,30,1,2.74,7.08
3571,16,2,3.74,10.59
3572,2,2,4.04,4.44
3572,14,3,3.44,4.54
3573,3,1,2.36,4.4
3573,9,3,3.65,9.96
3573,13,1,3.81,9.15
3574,25,3,4.17,6.8
3574,21,3,3.99,6.86
3575,18,2,2.6,3.6
3575,4,3,1.41,6.42
3575,15,2,1.65,6.42
3575,15,2,1.65,6.42
3576,9,1,3.65,9.96
3576,10,2,4.42,10.8
3576,21,3,3.99,6.86
3576,30,3,2.74,7.08
3577,25,1,4.17,6.8
3577,2,1,4.04,4.44
3577,8,1,3.31,9.34
3577,9,3,3.65,9.96
3578,29,2,4.07,6.06
3578,28,2,3.72,4.03
3578,4,1,1.41,6.42
3578,10,3,4.42,10.8
3579,23,2,3.04,3.82
3579,24,1,4.44,4.38
3579,27,1,3.12,11.74
3580,28,2,3.72,4.03
3580,6,2,3.92,7.83
3580,2,2,4.04,4.44
3581,14,1,3.44,4.54
3581,4,1,1.41,6.42
3581,2,2,4.04,4.44
3581,19,2,1.85,7.49
3582,22,3,2.45,11.98
3582,12,2,1.65,6.2
3582,11,2,2.11,8.72
3583,6,2,3.92,7.83
3583,22,3,2.45,11.98
3584,22,1,2.45,11.98
3584,25,1,4.17,6.8
3584,19,1,1.85,7.49
3585,24,2,4.44,4.38
3585,1,2,1.88,8.3
3585,13,3,3.81,9.15
3586,17,1,1.92,3.29
3586,30,2,2.74,7.08
3587,29,2,4.07,6.06
3587,15,3,1.65,6.42
3587,12,2,1.65,6.2
3587,2,3,4.04,4.44
3588,13,1,3.81,9.15
3588,16,2,3.74,10.59
3589,2,2,4.04,4.44
3590,6,1,3.92,7.83
3590,22,1,2.45,11.98
3590,14,3,3.44,4.54
3590,29,3,4.07,6.06
3591,7,3,1.32,5.64
3591,25,1,4.17,6.8
3592,9,2,3.65,9.96
3592,13,1,3.81,9.15
3593,23,1,3.04,3.82
3593,22,1,2.45,11.98
3593,13,3,3.81,9.15
3594,15,3,1.65,6.42
3594,29,2,4.07,6.06
3594,11,1,2.11,8.72
3595,8,2,3.31,9.34
3595,23,1,3.04,3.82
3595,2,2,4.04,4.44
3596,10,3,4.42,10.8
3596,16,2,3.74,10.59
3596,8,1,3.31,9.34
3597,9,1,3.65,9.96
3598,11,1,2.11,8.72
3599,11,1,2.11,8.72
3599,16,3,3.74,10.59
3599,28,2,3.72,4.03
3600,1,3,1.88,8.3
3600,6,1,3.92,7.83
3600,8,3,3.31,9.34
3600,19,1,1.85,7.49
3601,2,1,4.04,4.44
3601,20,3,1.57,4.26
3601,29,2,4.07,6.06
3601,18,2,2.6,3.6
3602,18,2,2.6,3.6
3602,19,3,1.85,7.49
3603,27,3,3.12,11.74
3603,3,2,2.36,4.4
3604,26,2,2.54,8.36
3604,6,3,3.92,7.83
3604,27,1,3.12,11.74
3605,10,1,4.42,10.8
3605,14,1,3.44,4.54
3605,8,1,3.31,9.34
3606,16,1,3.74,10.59
3607,17,2,1.92,3.29
3607,10,2,4.42,10.8
3608,24,3,4.44,4.38
3608,21,1,3.99,6.86
3609,12,2,1.65,6.2
3609,3,2,2.36,4.4
3609,9,3,3.65,9.96
3610,28,2,3.72,4.03
3611,21,3,3.99,6.86
3611,1,1,1.88,8.3
3611,12,1,1.65,6.2
3612,9,1,3.65,9.96
3612,27,1,3.12,11.74
3612,8,3,3.31,9.34
3613,10,3,4.42,10.8
3613,18,1,2.6,3.6
3613,7,1,1.32,5.64
3614,23,3,3.04,3.82
3614,7,2,1.32,5.64
3615,11,2,2.11,8.72
3615,20,1,1.57,4.26
3615,8,1,3.31,9.34
3616,17,3,1.92,3.29
3616,4,3,1.41,6.42
3616,21,2,3.99,6.86
3617,19,2,1.85,7.49
3618,20,1,1.57,4.26
3619,4,3,1.41,6.42
3620,8,3,3.31,9.34
3620,5,3,4.39,8.43
3621,25,2,4.17,6.8
3621,19,2,1.85,7.49
3622,18,3,2.6,3.6
3622,30,2,2.74,7.08
3622,30,2,2.74,7.08
3623,3,2,2.36,4.4
3623,20,1,1.57,4.26
3623,1,2,1.88,8.3
3623,11,2,2.11,8.72
3624,10,3,4.42,10.8
3624,26,2,2.54,8.36
3625,5,2,4.39,8.43
3625,20,1,1.57,4.26
3625,17,3,1.92,3.29
3625,8,3,3.31,9.34
3626,24,2,4.44,4.38
3626,8,3,3.31,9.34
3626,14,3,3.44,4.54
3626,26,2,2.54,8.36
3627,21,2,3.99,6.86
3627,7,3,1.32,5.64
3628,17,2,1.92,3.29
3628,6,3,3.92,7.83
3628,28,2,3.72,4.03
3628,12,2,1.65,6.2
3629,29,3,4.07,6.06
3629,28,3,3.72,4.03
3630,25,1,4.17,6.8
3631,5,2,4.39,8.43
3631,16,3,3.74,10.59
3631,28,2,3.72,4.03
3632,1,3,1.88,8.3
3632,3,2,2.36,4.4
3632,23,2,3.04,3.82
3633,10,1,4.42,10.8
3633,13,2,3.81,9.15
3634,30,1,2.74,7.08
3634,8,2,3.31,9.34
3635,30,3,2.74,7.08
3635,2,1,4.04,4.44
3635,22,2,2.45,11.98
3636,25,2,4.17,6.8
3637,30,1,2.74,7.08
3637,9,2,3.65,9.96
3637,28,2,3.72,4.03
3638,17,2,1.92,3.29
3639,11,3,2.11,8.72
3639,17,3,1.92,3.29
3640,19,3,1.85,7.49
3640,21,1,3.99,6.86
3641,26,2,2.54,8.36
3641,26,1,2.54,8.36
3641,12,1,1.65,6.2
3641,28,3,3.72,4.03
3642,25,1,4.17,6.8
3642,24,2,4.44,4.38
3642,15,3,1.65,6.42
3642,25,1,4.17,6.8
3643,5,3,4.39,8.43
3643,19,1,1.85,7.49
3644,27,2,3.12,11.74
3644,14,1,3.44,4.54
3644,28,3,3.72,4.03
3645,8,3,3.31,9.34
3645,23,2,3.04,3.82
3645,11,2,2.11,8.72
3645,22,1,2.45,11.98
3646,20,2,1.57,4.26
3646,20,1,1.57,4.26
3646,24,3,4.44,4.38
3646,24,1,4.44,4.38
3647,20,1,1.57,4.26
3647,10,1,4.42,10.8
3648,28,1,3.72,4.03
3648,24,3,4.44,4.38
3648,19,1,1.85,7.49
3649,11,2,2.11,8.72
3649,7,1,1.32,5.64
3650,30,2,2.74,7.08
3651,2,1,4.04,4.44
3651,8,2,3.31,9.34
3652,25,2,4.17,6.8
3652,30,2,2.74,7.08
3652,1,3,1.88,8.3
3653,8,1,3.31,9.34
3654,2,1,4.04,4.44
3654,8,1,3.31,9.34
3654,11,1,2.11,8.72
3654,27,1,3.12,11.74
3655,11,3,2.11,8.72
3655,28,2,3.72,4.03
3655,2,3,4.04,4.44
3656,5,3,4.39,8.43
3656,27,3,3.12,11.74
3657,3,1,2.36,4.4
3657,19,3,1.85,7.49
3657,6,2,3.92,7.83
3658,8,3,3.31,9.34
3658,26,1,2.54,8.36
3658,16,3,3.74,10.59
3659,29,1,4.07,6.06
3659,12,3,1.65,6.2
3659,24,1,4.44,4.38
3660,4,2,1.41,6.42
3660,23,2,3.04,3.82
3660,28,2,3.72,4.03
3660,12,2,1.65,6.2
3661,6,3,3.92,7.83
3661,21,3,3.99,6.86
3662,27,2,3.12,11.74
3663,22,3,2.45,11.98
3664,5,1,4.39,8.43
3664,28,1,3.72,4.03
3664,15,2,1.65,6.42
3665,2,2,4.04,4.44
3665,20,3,1.57,4.26
3666,15,1,1.65,6.42
3666,10,1,4.42,10.8
3666,22,1,2.45,11.98
3666,23,2,3.04,3.82
3667,4,1,1.41,6.42
3668,28,1,3.72,4.03
3669,18,3,2.6,3.6
3670,13,1,3.81,9.15
3671,23,3,3.04,3.82
3671,24,2,4.44,4.38
3671,3,3,2.36,4.4
3671,27,3,3.12,11.74
3672,12,3,1.65,6.2
3673,13,3,3.81,9.15
3673,18,1,2.6,3.6
3673,13,2,3.81,9.15
3674,5,3,4.39,8.43
3674,16,1,3.74,10.59
3674,27,1,3.12,11.74
3674,24,3,4.44,4.38
3675,21,1,3.99,6.86
3675,15,1,1.65,6.42
3676,17,1,1.92,3.29
3676,24,3,4.44,4.38
3676,23,1,3.04,3.82
3676,18,1,2.6,3.6
3677,29,3,4.07,6.06
3677,25,3,4.17,6.8
3677,19,3,1.85,7.49
3677,19,2,1.85,7.49
3678,20,3,1.57,4.26
3678,7,2,1.32,5.64
3678,15,1,1.65,6.42
3679,14,2,3.44,4.54
3680,3,3,2.36,4.4
3680,11,2,2.11,8.72
3680,29,1,4.07,6.06
3681,2,2,4.04,4.44
3681,22,3,2.45,11.98
3681,26,2,2.54,8.36
3681,27,2,3.12,11.74
3682,30,3,2.74,7.08
3683,24,1,4.44,4.38
3684,11,1,2.11,8.72
3684,8,2,3.31,9.34
3684,23,2,3.04,3.82
3684,16,1,3.74,10.59
3685,16,3,3.74,10.59
3685,18,2,2.6,3.6
3685,4,3,1.41,6.42
3685,26,1,2.54,8.36
3686,22,1,2.45,11.98
3686,1,1,1.88,8.3
3686,5,2,4.39,8.43
3686,22,1,2.45,11.98
3687,11,1,2.11,8.72
3687,22,1,2.45,11.98
3687,11,2,2.11,8.72
3688,19,2,1.85,7.49
3688,13,3,3.81,9.15
3689,5,2,4.39,8.43
3689,13,1,3.81,9.15
3689,13,1,3.81,9.15
3689,1,1,1.88,8.3
3690,1,1,1.88,8.3
3691,20,2,1.57,4.26
3691,20,1,1.57,4.26
3692,19,3,1.85,7.49
3692,21,2,3.99,6.86
3692,11,2,2.11,8.72
3692,14,2,3.44,4.54
3693,12,1,1.65,6.2
3693,17,3,1.92,3.29
3694,15,2,1.65,6.42
3694,21,2,3.99,6.86
3695,2,1,4.04,4.44
3695,8,2,3.31,9.34
3696,28,1,3.72,4.03
3696,6,2,3.92,7.83
3696,3,3,2.36,4.4
3696,12,3,1.65,6.2
3697,25,3,4.17,6.8
3697,29,1,4.07,6.06
3698,2,3,4.04,4.44
3698,18,1,2.6,3.6
3698,28,1,3.72,4.03
3698,7,3,1.32,5.64
3699,25,2,4.17,6.8
3699,16,3,3.74,10.59
3699,20,1,1.57,4.26
3700,11,1,2.11,8.72
3701,10,2,4.42,10.8
3701,5,1,4.39,8.43
3701,5,1,4.39,8.43
3702,18,3,2.6,3.6
3702,27,2,3.12,11.74
3702,7,3,1.32,5.64
3703,3,2,2.36,4.4
3703,12,1,1.65,6.2
3703,8,1,3.31,9.34
3703,27,1,3.12,11.74
3704,21,3,3.99,6.86
3704,26,1,2.54,8.36
3704,30,2,2.74,7.08
3704,26,1,2.54,8.36
3705,13,1,3.81,9.15
3706,27,1,3.12,11.74
3707,29,2,4.07,6.06
3707,24,2,4.44,4.38
3708,3,1,2.36,4.4
3708,8,2,3.31,9.34
3708,3,2,2.36,4.4
3709,4,3,1.41,6.42
3710,23,3,3.04,3.82
3711,28,3,3.72,4.03
3711,22,1,2.45,11.98
3711,10,2,4.42,10.8
3711,15,1,1.65,6.42
3712,26,1,2.54,8.36
3712,26,2,2.54,8.36
3712,15,1,1.65,6.42
3713,3,1,2.36,4.4
3713,7,1,1.32,5.64
3714,11,2,2.11,8.72
3714,5,1,4.39,8.43
3714,15,2,1.65,6.42
3715,24,2,4.44,4.38
3715,1,1,1.88,8.3
3715,7,2,1.32,5.64
3715,9,2,3.65,9.96
3716,8,3,3.31,9.34
3716,4,3,1.41,6.42
3717,6,3,3.92,7.83
3718,27,2,3.12,11.74
3719,12,1,1.65,6.2
3719,3,3,2.36,4.4
3719,21,3,3.99,6.86
3719,2,2,4.04,4.44
3720,22,1,2.45,11.98
3721,21,2,3.99,6.86
3721,10,2,4.42,10.8
3721,26,1,2.54,8.36
3721,6,2,3.92,7.83
3722,1,1,1.88,8.3
3722,9,2,3.65,9.96
3722,10,3,4.42,10.8
3723,25,3,4.17,6.8
3723,21,3,3.99,6.86
3723,27,3,3.12,11.74
3723,19,2,1.85,7.49
3724,1,3,1.88,8.3
3724,8,2,3.31,9.34
3724,26,1,2.54,8.36
3724,1,1,1.88,8.3
3725,15,2,1.65,6.42
3726,20,1,1.57,4.26
3726,26,1,2.54,8.36
3726,27,1,3.12,11.74
3727,15,1,1.65,6.42
3728,20,1,1.57,4.26
3728,6,1,3.92,7.83
3728,9,2,3.65,9.96
3729,15,2,1.65,6.42
3729,8,1,3.31,9.34
3729,8,3,3.31,9.34
3729,22,3,2.45,11.98
3730,12,1,1.65,6.2
3730,8,3,3.31,9.34
3730,4,2,1.41,6.42
3731,8,1,3.31,9.34
3731,29,1,4.07,6.06
3731,10,3,4.42,10.8
3732,24,2,4.44,4.38
3732,23,1,3.04,3.82
3733,15,1,1.65,6.42
3734,17,2,1.92,3.29
3734,23,3,3.04,3.82
3734,5,1,4.39,8.43
3735,22,1,2.45,11.98
3735,27,3,3.12,11.74
3735,5,2,4.39,8.43
3736,23,1,3.04,3.82
3736,30,1,2.74,7.08
3736,9,3,3.65,9.96
3737,15,1,1.65,6.42
3737,14,1,3.44,4.54
3737,12,2,1.65,6.2
3737,18,3,2.6,3.6
3738,20,1,1.57,4.26
3738,4,3,1.41,6.42
3738,4,2,1.41,6.42
3738,5,2,4.39,8.43
3739,30,2,2.74,7.08
3739,25,2,4.17,6.8
3740,1,1,1.88,8.3
3740,10,3,4.42,10.8
3740,21,3,3.99,6.86
3740,11,2,2.11,8.72
3741,9,3,3.65,9.96
3741,5,2,4.39,8.43
3742,24,3,4.44,4.38
3742,5,2,4.39,8.43
3742,11,1,2.11,8.72
3742,20,3,1.57,4.26
3743,13,1,3.81,9.15
3743,1,1,1.88,8.3
3744,27,2,3.12,11.74
3745,7,3,1.32,5.64
3745,9,2,3.65,9.96
3745,25,3,4.17,6.8
3745,20,3,1.57,4.26
3746,1,1,1.88,8.3
3746,22,3,2.45,11.98
3747,22,2,2.45,11.98
3747,27,3,3.12,11.74
3747,20,1,1.57,4.26
3748,3,1,2.36,4.4
3748,9,3,3.65,9.96
3749,21,1,3.99,6.86
3749,21,2,3.99,6.86
3749,28,2,3.72,4.03
3749,11,3,2.11,8.72
3750,3,3,2.36,4.4
3750,18,1,2.6,3.6
3751,17,3,1.92,3.29
3752,13,1,3.81,9.15
3752,21,3,3.99,6.86
3752,21,3,3.99,6.86
3752,8,1,3.31,9.34
3753,23,3,3.04,3.82
3754,11,3,2.11,8.72
3754,20,3,1.57,4.26
3755,1,1,1.88,8.3
3755,5,1,4.39,8.43
3755,26,3,2.54,8.36
3756,11,1,2.11,8.72
3756,26,3,2.54,8.36
3757,6,2,3.92,7.83
3758,28,1,3.72,4.03
3758,30,1,2.74,7.08
3758,11,1,2.11,8.72
3759,22,3,2.45,11.98
3759,9,1,3.65,9.96
3759,26,3,2.54,8.36
3760,28,1,3.72,4.03
3761,14,2,3.44,4.54
3762,18,2,2.6,3.6
3762,16,1,3.74,10.59
3762,27,2,3.12,11.74
3763,25,3,4.17,6.8
3764,30,3,2.74,7.08
3764,2,1,4.04,4.44
3764,30,2,2.74,7.08
3764,19,1,1.85,7.49
3765,15,1,1.65,6.42
3765,4,2,1.41,6.42
3766,7,1,1.32,5.64
3767,18,1,2.6,3.6
3768,15,1,1.65,6.42
3768,24,2,4.44,4.38
3768,30,3,2.74,7.08
3768,7,3,1.32,5.64
3769,3,3,2.36,4.4
3769,21,1,3.99,6.86
3769,9,3,3.65,9.96
3770,16,3,3.74,10.59
3771,23,3,3.04,3.82
3771,14,1,3.44,4.54
3772,4,1,1.41,6.42
3773,7,1,1.32,5.64
3773,1,1,1.88,8.3
3774,24,3,4.44,4.38
3775,17,2,1.92,3.29
3775,8,1,3.31,9.34
3776,3,1,2.36,4.4
3776,21,2,3.99,6.86
3777,18,2,2.6,3.6
3777,5,1,4.39,8.43
3777,1,2,1.88,8.3
3778,28,1,3.72,4.03
3778,18,2,2.6,3.6
3778,5,3,4.39,8.43
3778,16,2,3.74,10.59
3779,25,1,4.17,6.8
3779,21,2,3.99,6.86
3779,11,1,2.11,8.72
3779,6,3,3.92,7.83
3780,1,2,1.88,8.3
3781,23,3,3.04,3.82
3781,25,2,4.17,6.8
3781,23,1,3.04,3.82
3782,1,1,1.88,8.3
3783,8,2,3.31,9.34
3783,2,1,4.04,4.44
3784,22,1,2.45,11.98
3784,29,3,4.07,6.06
3784,9,1,3.65,9.96
3785,14,3,3.44,4.54
3786,28,2,3.72,4.03
3787,20,2,1.57,4.26
3787,27,3,3.12,11.74
3787,16,3,3.74,10.59
3787,22,2,2.45,11.98
3788,12,2,1.65,6.2
3788,30,2,2.74,7.08
3788,3,1,2.36,4.4
3789,19,2,1.85,7.49
3789,1,1,1.88,8.3
3789,22,3,2.45,11.98
3790,4,2,1.41,6.42
3791,19,2,1.85,7.49
3791,27,3,3.12,11.74
3792,10,1,4.42,10.8
3792,4,2,1.41,6.42
3793,20,3,1.57,4.26
3793,23,2,3.04,3.82
3793,4,3,1.41,6.42
3793,24,1,4.44,4.38
3794,6,3,3.92,7.83
3794,8,3,3.31,9.34
3794,6,1,3.92,7.83
3795,15,3,1.65,6.42
3795,15,3,1.65,6.42
3796,23,3,3.04,3.82
3797,24,3,4.44,4.38
3797,7,3,1.32,5.64
3797,12,1,1.65,6.2
3798,27,2,3.12,11.74
3798,11,3,2.11,8.72
3799,23,3,3.04,3.82
3799,18,3,2.6,3.6
3799,6,2,3.92,7.83
3799,2,1,4.04,4.44
3800,8,1,3.31,9.34
3801,23,3,3.04,3.82
3802,26,2,2.54,8.36
3803,23,2,3.04,3.82
3803,23,2,3.04,3.82
3803,22,3,2.45,11.98
3804,24,2,4.44,4.38
3804,19,2,1.85,7.49
3804,15,2,1.65,6.42
3805,4,3,1.41,6.42
3806,1,3,1.88,8.3
3806,10,2,4.42,10.8
3807,11,3,2.11,8.72
3807,4,1,1.41,6.42
3807,13,1,3.81,9.15
3808,30,1,2.74,7.08
3808,26,1,2.54,8.36
3808,29,2,4.07,6.06
3808,22,1,2.45,11.98
3809,23,3,3.04,3.82
3809,20,2,1.57,4.26
3809,2,1,4.04,4.44
3809,30,3,2.74,7.08
3810,5,3,4.39,8.43
3811,1,3,1.88,8.3
3811,30,2,2.74,7.08
3812,24,3,4.44,4.38
3812,20,3,1.57,4.26
3813,4,3,1.41,6.42
3813,30,2,2.74,7.08
3813,23,2,3.04,3.82
3813,30,1,2.74,7.08
3814,29,1,4.07,6.06
3814,17,2,1.92,3.29
3814,24,3,4.44,4.38
3815,25,1,4.17,6.8
3815,19,2,1.85,7.49
3815,13,3,3.81,9.15
3816,16,1,3.74,10.59
3817,26,2,2.54,8.36
3817,11,2,2.11,8.72
3817,22,3,2.45,11.98
3818,28,1,3.72,4.03
3819,5,2,4.39,8.43
3819,21,2,3.99,6.86
3819,10,3,4.42,10.8
3819,8,2,3.31,9.34
3820,23,2,3.04,3.82
3821,19,3,1.85,7.49
3821,30,3,2.74,7.08
3821,7,3,1.32,5.64
3822,26,3,2.54,8.36
3822,23,3,3.04,3.82
3822,14,2,3.44,4.54
3822,17,2,1.92,3.29
3823,14,3,3.44,4.54
3823,26,3,2.54,8.36
3823,3,2,2.36,4.4
3824,22,1,2.45,11.98
3824,16,3,3.74,10.59
3824,7,1,1.32,5.64
3825,13,1,3.81,9.15
3825,29,3,4.07,6.06
3825,21,1,3.99,6.86
3825,11,3,2.11,8.72
3826,13,3,3.81,9.15
3826,6,1,3.92,7.83
3827,1,1,1.88,8.3
3827,29,1,4.07,6.06
3827,14,3,3.44,4.54
3828,24,1,4.44,4.38
3829,7,1,1.32,5.64
3829,15,1,1.65,6.42
3829,11,3,2.11,8.72
3830,5,2,4.39,8.43
3830,20,3,1.57,4.26
3830,2,1,4.04,4.44
3830,5,1,4.39,8.43
3831,10,2,4.42,10.8
3832,23,2,3.04,3.82
3832,11,2,2.11,8.72
3833,2,1,4.04,4.44
3833,14,1,3.44,4.54
3834,10,2,4.42,10.8
3834,30,2,2.74,7.08
3834,19,2,1.85,7.49
3834,26,2,2.54,8.36
3835,30,3,2.74,7.08
3835,20,1,1.57,4.26
3836,1,2,1.88,8.3
3836,24,2,4.44,4.38
3836,4,1,1.41,6.42
3837,21,3,3.99,6.86
3837,21,1,3.99,6.86
3838,18,3,2.6,3.6
3838,12,1,1.65,6.2
3838,22,1,2.45,11.98
3838,30,2,2.74,7.08
3839,2,1,4.04,4.44
3839,14,1,3.44,4.54
3839,23,2,3.04,3.82
3840,25,3,4.17,6.8
3840,20,3,1.57,4.26
3840,10,1,4.42,10.8
3840,8,3,3.31,9.34
3841,9,3,3.65,9.96
3842,23,3,3.04,3.82
3842,27,1,3.12,11.74
3843,29,3,4.07,6.06
3843,1,1,1.88,8.3
3843,22,1,2.45,11.98
3843,5,1,4.39,8.43
3844,4,2,1.41,6.42
3844,25,3,4.17,6.8
3844,2,2,4.04,4.44
3844,21,2,3.99,6.86
3845,6,1,3.92,7.83
3846,10,3,4.42,10.8
3846,2,2,4.04,4.44
3846,14,3,3.44,4.54
3847,6,3,3.92,7.83
3847,3,3,2.36,4.4
3847,21,1,3.99,6.86
3847,22,1,2.45,11.98
3848,19,2,1.85,7.49
3848,26,3,2.54,8.36
3849,1,2,1.88,8.3
3849,3,1,2.36,4.4
3850,29,3,4.07,6.06
3851,21,2,3.99,6.86
3851,15,3,1.65,6.42
3852,10,3,4.42,10.8
3852,18,2,2.6,3.6
3852,16,3,3.74,10.59
3853,2,2,4.04,4.44
3853,7,1,1.32,5.64
3854,6,2,3.92,7.83
3855,23,2,3.04,3.82
3855,12,3,1.65,6.2
3855,19,2,1.85,7.49
3855,5,3,4.39,8.43
3856,27,3,3.12,11.74
3856,27,1,3.12,11.74
3856,21,2,3.99,6.86
3856,29,2,4.07,6.06
3857,12,2,1.65,6.2
3857,7,2,1.32,5.64
3858,18,3,2.6,3.6
3858,9,1,3.65,9.96
3858,15,1,1.65,6.42
3858,26,3,2.54,8.36
3859,15,1,1.65,6.42
3859,14,1,3.44,4.54
3859,5,3,4.39,8.43
3859,17,3,1.92,3.29
3860,5,2,4.39,8.43
3860,17,1,1.92,3.29
3860,26,3,2.54,8.36
3861,23,3,3.04,3.82
3862,1,2,1.88,8.3
3863,2,2,4.04,4.44
3863,13,3,3.81,9.15
3863,23,2,3.04,3.82
3863,18,3,2.6,3.6
3864,13,2,3.81,9.15
3864,16,3,3.74,10.59
3864,27,2,3.12,11.74
3864,21,1,3.99,6.86
3865,29,1,4.07,6.06
3865,29,1,4.07,6.06
3866,12,3,1.65,6.2
3866,22,2,2.45,11.98
3867,19,3,1.85,7.49
3868,17,2,1.92,3.29
3869,23,3,3.04,3.82
3870,2,2,4.04,4.44
3870,15,3,1.65,6.42
3871,2,2,4.04,4.44
3871,8,1,3.31,9.34
3871,14,3,3.44,4.54
3872,15,3,1.65,6.42
3872,5,3,4.39,8.43
3872,30,2,2.74,7.08
3872,14,1,3.44,4.54
3873,30,3,2.74,7.08
3874,16,3,3.74,10.59
3875,2,1,4.04,4.44
3875,12,3,1.65,6.2
3875,10,3,4.42,10.8
3876,2,1,4.04,4.44
3876,1,3,1.88,8.3
3877,9,3,3.65,9.96
3877,15,3,1.65,6.42
3877,23,3,3.04,3.82
3877,22,2,2.45,11.98
3878,20,3,1.57,4.26
3878,15,3,1.65,6.42
3878,10,2,4.42,10.8
3879,22,3,2.45,11.98
3879,6,1,3.92,7.83
3879,10,1,4.42,10.8
3880,15,2,1.65,6.42
3880,2,3,4.04,4.44
3881,30,3,2.74,7.08
3881,25,1,4.17,6.8
3881,28,2,3.72,4.03
3881,26,2,2.54,8.36
3882,13,3,3.81,9.15
3882,4,3,1.41,6.42
3882,22,2,2.45,11.98
3882,25,1,4.17,6.8
3883,26,2,2.54,8.36
3884,20,3,1.57,4.26
3884,13,3,3.81,9.15
3884,17,1,1.92,3.29
3885,17,1,1.92,3.29
3886,6,2,3.92,7.83
3886,24,1,4.44,4.38
3886,22,2,2.45,11.98
3886,15,2,1.65,6.42
3887,7,1,1.32,5.64
3887,9,2,3.65,9.96
3887,25,1,4.17,6.8
3887,11,1,2.11,8.72
3888,29,1,4.07,6.06
3889,26,3,2.54,8.36
3889,28,1,3.72,4.03
3889,18,2,2.6,3.6
3890,20,1,1.57,4.26
3890,27,1,3.12,11.74
3890,3,1,2.36,4.4
3891,17,3,1.92,3.29
3892,23,3,3.04,3.82
3892,1,1,1.88,8.3
3892,29,1,4.07,6.06
3893,12,3,1.65,6.2
3893,16,3,3.74,10.59
3894,18,1,2.6,3.6
3894,27,3,3.12,11.74
3894,17,2,1.92,3.29
3895,28,2,3.72,4.03
3896,15,2,1.65,6.42
3896,13,1,3.81,9.15
3896,10,1,4.42,10.8
3897,24,3,4.44,4.38
3897,30,2,2.74,7.08
3897,22,2,2.45,11.98
3897,26,1,2.54,8.36
3898,6,2,3.92,7.83
3898,11,3,2.11,8.72
3898,2,2,4.04,4.44
3898,12,1,1.65,6.2
3899,19,3,1.85,7.49
3899,17,2,1.92,3.29
3899,16,2,3.74,10.59
3899,10,2,4.42,10.8
3900,3,1,2.36,4.4
3900,9,1,3.65,9.96
3900,4,3,1.41,6.42
3901,29,1,4.07,6.06
3901,23,2,3.04,3.82
3901,20,2,1.57,4.26
3901,6,3,3.92,7.83
3902,9,2,3.65,9.96
3902,29,1,4.07,6.06
3903,27,2,3.12,11.74
3903,27,3,3.12,11.74
3904,14,3,3.44,4.54
3904,26,3,2.54,8.36
3905,14,3,3.44,4.54
3905,26,2,2.54,8.36
3905,5,3,4.39,8.43
3906,1,3,1.88,8.3
3906,14,2,3.44,4.54
3906,20,2,1.57,4.26
3906,17,1,1.92,3.29
3907,2,1,4.04,4.44
3907,23,1,3.04,3.82
3907,15,3,1.65,6.42
3907,30,2,2.74,7.08
3908,22,1,2.45,11.98
3908,26,3,2.54,8.36
3908,23,2,3.04,3.82
3908,3,3,2.36,4.4
3909,15,2,1.65,6.42
3909,14,1,3.44,4.54
3909,28,1,3.72,4.03
3910,16,3,3.74,10.59
3911,29,2,4.07,6.06
3912,20,3,1.57,4.26
3912,11,3,2.11,8.72
3912,13,2,3.81,9.15
3913,3,3,2.36,4.4
3913,30,1,2.74,7.08
3913,6,3,3.92,7.83
3914,6,3,3.92,7.83
3915,19,1,1.85,7.49
3915,30,2,2.74,7.08
3915,27,3,3.12,11.74
3915,9,2,3.65,9.96
3916,23,3,3.04,3.82
3916,10,2,4.42,10.8
3917,3,3,2.36,4.4
3917,8,3,3.31,9.34
3918,3,3,2.36,4.4
3918,25,1,4.17,6.8
3918,7,3,1.32,5.64
3918,6,1,3.92,7.83
3919,10,1,4.42,10.8
3919,26,2,2.54,8.36
3919,30,3,2.74,7.08
3919,16,3,3.74,10.59
3920,6,2,3.92,7.83
3920,5,3,4.39,8.43
3920,15,3,1.65,6.42
3921,17,2,1.92,3.29
3922,3,3,2.36,4.4
3922,1,2,1.88,8.3
3922,6,3,3.92,7.83
3922,18,1,2.6,3.6
3923,8,2,3.31,9.34
3923,29,2,4.07,6.06
3923,6,1,3.92,7.83
3923,21,1,3.99,6.86
3924,11,1,2.11,8.72
3924,11,3,2.11,8.72
3924,12,3,1.65,6.2
3925,8,3,3.31,9.34
3925,21,3,3.99,6.86
3925,27,1,3.12,11.74
3925,6,3,3.92,7.83
3926,23,1,3.04,3.82
3926,26,2,2.54,8.36
3926,2,3,4.04,4.44
3927,30,2,2.74,7.08
3927,17,3,1.92,3.29
3927,24,3,4.44,4.38
3928,10,1,4.42,10.8
3929,12,3,1.65,6.2
3930,8,3,3.31,9.34
3930,13,2,3.81,9.15
3930,13,3,3.81,9.15
3930,1,2,1.88,8.3
3931,24,1,4.44,4.38
3931,7,1,1.32,5.64
3931,23,1,3.04,3.82
3931,20,1,1.57,4.26
3932,12,3,1.65,6.2
3932,15,3,1.65,6.42
3932,15,1,1.65,6.42
3933,22,3,2.45,11.98
3933,9,2,3.65,9.96
3934,2,2,4.04,4.44
3934,14,1,3.44,4.54
3934,21,3,3.99,6.86
3935,23,1,3.04,3.82
3935,8,1,3.31,9.34
3936,3,2,2.36,4.4
3936,5,3,4.39,8.43
3936,8,1,3.31,9.34
3936,12,2,1.65,6.2
3937,18,3,2.6,3.6
3938,7,2,1.32,5.64
3938,9,1,3.65,9.96
3939,21,3,3.99,6.86
3939,15,2,1.65,6.42
3940,30,2,2.74,7.08
3940,12,3,1.65,6.2
3940,14,3,3.44,4.54
3941,16,2,3.74,10.59
3941,19,2,1.85,7.49
3941,20,3,1.57,4.26
3942,11,3,2.11,8.72
3942,8,3,3.31,9.34
3942,21,2,3.99,6.86
3943,10,3,4.42,10.8
3944,20,2,1.57,4.26
3944,6,3,3.92,7.83
3945,15,3,1.65,6.42
3946,13,3,3.81,9.15
3947,3,2,2.36,4.4
3947,27,2,3.12,11.74
3948,2,1,4.04,4.44
3948,2,3,4.04,4.44
3949,15,1,1.65,6.42
3949,1,3,1.88,8.3
3949,24,3,4.44,4.38
3950,22,1,2.45,11.98
3950,6,3,3.92,7.83
3950,30,1,2.74,7.08
3951,24,3,4.44,4.38
3952,10,3,4.42,10.8
3952,27,1,3.12,11.74
3953,12,3,1.65,6.2
3954,19,3,1.85,7.49
3954,2,3,4.04,4.44
3954,1,2,1.88,8.3
3955,26,3,2.54,8.36
3955,8,1,3.31,9.34
3956,18,3,2.6,3.6
3957,24,3,4.44,4.38
3957,8,2,3.31,9.34
3957,26,3,2.54,8.36
3958,20,3,1.57,4.26
3958,20,2,1.57,4.26
3959,3,1,2.36,4.4
3959,16,1,3.74,10.59
3959,10,1,4.42,10.8
3959,4,1,1.41,6.42
3960,29,3,4.07,6.06
3961,3,2,2.36,4.4
3962,18,3,2.6,3.6
3963,22,2,2.45,11.98
3963,10,2,4.42,10.8
3963,6,1,3.92,7.83
3963,4,3,1.41,6.42
3964,17,1,1.92,3.29
3965,13,3,3.81,9.15
3965,24,3,4.44,4.38
3965,7,1,1.32,5.64
3966,29,3,4.07,6.06
3966,13,2,3.81,9.15
3966,2,2,4.04,4.44
3966,30,3,2.74,7.08
3967,28,3,3.72,4.03
3968,20,1,1.57,4.26
3969,11,1,2.11,8.72
3970,25,1,4.17,6.8
3971,14,1,3.44,4.54
3971,16,1,3.74,10.59
3971,9,3,3.65,9.96
3972,27,3,3.12,11.74
3973,23,3,3.04,3.82
3973,15,1,1.65,6.42
3973,8,1,3.31,9.34
3974,1,1,1.88,8.3
3974,22,2,2.45,11.98
3974,21,3,3.99,6.86
3974,24,1,4.44,4.38
3975,28,1,3.72,4.03
3975,7,3,1.32,5.64
3975,20,2,1.57,4.26
3975,28,1,3.72,4.03
3976,1,2,1.88,8.3
3977,22,3,2.45,11.98
3977,8,3,3.31,9.34
3977,5,1,4.39,8.43
3977,7,3,1.32,5.64
3978,24,3,4.44,4.38
3979,28,1,3.72,4.03
3979,9,3,3.65,9.96
3979,2,3,4.04,4.44
3979,14,1,3.44,4.54
3980,28,1,3.72,4.03
3980,26,2,2.54,8.36
3981,10,3,4.42,10.8
3981,18,3,2.6,3.6
3981,17,3,1.92,3.29
3982,11,3,2.11,8.72
3982,24,1,4.44,4.38
3982,27,3,3.12,11.74
3982,16,1,3.74,10.59
3983,22,2,2.45,11.98
3983,18,2,2.6,3.6
3984,20,1,1.57,4.26
3984,29,3,4.07,6.06
3985,17,1,1.92,3.29
3985,25,1,4.17,6.8
3985,14,2,3.44,4.54
3986,29,3,4.07,6.06
3986,27,3,3.12,11.74
3986,7,1,1.32,5.64
3986,8,3,3.31,9.34
3987,9,2,3.65,9.96
3987,12,3,1.65,6.2
3987,10,2,4.42,10.8
3987,14,2,3.44,4.54
3988,13,1,3.81,9.15
3989,13,1,3.81,9.15
3990,19,2,1.85,7.49
3990,16,2,3.74,10.59
3991,1,3,1.88,8.3
3991,4,1,1.41,6.42
3991,24,2,4.44,4.38
3992,6,3,3.92,7.83
3992,4,3,1.41,6.42
3992,10,3,4.42,10.8
3992,7,3,1.32,5.64
3993,18,2,2.6,3.6
3993,4,1,1.41,6.42
3993,10,2,4.42,10.8
3993,30,1,2.74,7.08
3994,17,3,1.92,3.29
3995,11,3,2.11,8.72
3995,21,2,3.99,6.86
3995,13,2,3.81,9.15
3996,13,3,3.81,9.15
3996,25,2,4.17,6.8
3997,26,1,2.54,8.36
3997,7,2,1.32,5.64
3997,29,3,4.07,6.06
3998,28,3,3.72,4.03
3998,12,3,1.65,6.2
3998,14,2,3.44,4.54
3999,3,3,2.36,4.4
4000,25,1,4.17,6.8
4000,8,3,3.31,9.34
4000,13,3,3.81,9.15
4000,16,2,3.74,10.59
4001,13,3,3.81,9.15
4001,8,3,3.31,9.34
4002,27,3,3.12,11.74
4002,21,2,3.99,6.86
4002,1,3,1.88,8.3
4003,14,3,3.44,4.54
4004,7,2,1.32,5.64
4005,27,3,3.12,11.74
4005,21,2,3.99,6.86
4005,18,2,2.6,3.6
4006,1,3,1.88,8.3
4007,23,3,3.04,3.82
4007,19,2,1.85,7.49
4007,29,3,4.07,6.06
4008,9,2,3.65,9.96
4008,20,3,1.57,4.26
4008,13,2,3.81,9.15
4009,27,3,3.12,11.74
4009,23,2,3.04,3.82
4009,28,2,3.72,4.03
4009,5,2,4.39,8.43
4010,4,2,1.41,6.42
4011,10,2,4.42,10.8
4011,19,3,1.85,7.49
4011,26,2,2.54,8.36
4012,22,1,2.45,11.98
4012,27,2,3.12,11.74
4012,23,1,3.04,3.82
4013,30,3,2.74,7.08
4013,17,3,1.92,3.29
4013,16,3,3.74,10.59
4014,15,1,1.65,6.42
4015,21,3,3.99,6.86
4015,11,2,2.11,8.72
4015,13,1,3.81,9.15
4016,18,2,2.6,3.6
4016,3,3,2.36,4.4
4016,30,2,2.74,7.08
4017,25,1,4.17,6.8
4017,26,3,2.54,8.36
4017,7,3,1.32,5.64
4018,23,2,3.04,3.82
4018,28,2,3.72,4.03
4018,22,2,2.45,11.98
4018,19,3,1.85,7.49
4019,14,2,3.44,4.54
4019,13,2,3.81,9.15
4020,11,3,2.11,8.72
4021,2,3,4.04,4.44
4021,29,3,4.07,6.06
4021,26,3,2.54,8.36
4021,9,1,3.65,9.96
4022,14,1,3.44,4.54
4023,13,3,3.81,9.15
4023,21,1,3.99,6.86
4023,4,3,1.41,6.42
4024,12,2,1.65,6.2
4024,6,3,3.92,7.83
4024,25,2,4.17,6.8
4024,28,2,3.72,4.03
4025,23,1,3.04,3.82
4025,8,2,3.31,9.34
4025,24,3,4.44,4.38
4026,15,1,1.65,6.42
4026,2,2,4.04,4.44
4026,18,3,2.6,3.6
4026,29,1,4.07,6.06
4027,30,1,2.74,7.08
4027,6,1,3.92,7.83
4027,25,3,4.17,6.8
4028,16,3,3.74,10.59
4028,19,1,1.85,7.49
4028,20,2,1.57,4.26
4028,22,2,2.45,11.98
4029,12,3,1.65,6.2
4029,27,1,3.12,11.74
4029,18,1,2.6,3.6
4029,27,3,3.12,11.74
4030,13,3,3.81,9.15
4030,17,1,1.92,3.29
4030,4,3,1.41,6.42
4031,1,3,1.88,8.3
4031,19,1,1.85,7.49
4031,15,1,1.65,6.42
4031,26,1,2.54,8.36
4032,30,3,2.74,7.08
4032,23,2,3.04,3.82
4032,25,3,4.17,6.8
4032,8,1,3.31,9.34
4033,9,3,3.65,9.96
4033,9,3,3.65,9.96
4034,18,2,2.6,3.6
4034,28,2,3.72,4.03
4034,30,3,2.74,7.08
4035,28,2,3.72,4.03
4036,11,2,2.11,8.72
4036,5,2,4.39,8.43
4036,16,2,3.74,10.59
4036,12,3,1.65,6.2
4037,17,1,1.92,3.29
4037,15,3,1.65,6.42
4038,1,1,1.88,8.3
4038,7,2,1.32,5.64
4038,11,1,2.11,8.72
4039,13,3,3.81,9.15
4039,8,1,3.31,9.34
4040,6,2,3.92,7.83
4040,15,1,1.65,6.42
4040,8,1,3.31,9.34
4041,8,2,3.31,9.34
4041,3,2,2.36,4.4
4041,17,2,1.92,3.29
4041,5,3,4.39,8.43
4042,12,1,1.65,6.2
4042,5,2,4.39,8.43
4042,23,3,3.04,3.82
4042,7,2,1.32,5.64
4043,24,2,4.44,4.38
4043,20,1,1.57,4.26
4043,7,1,1.32,5.64
4043,16,2,3.74,10.59
4044,18,2,2.6,3.6
4044,23,2,3.04,3.82
4045,5,1,4.39,8.43
4045,16,3,3.74,10.59
4045,6,1,3.92,7.83
4045,11,3,2.11,8.72
4046,23,2,3.04,3.82
4046,27,3,3.12,11.74
4047,5,3,4.39,8.43
4047,7,2,1.32,5.64
4047,30,1,2.74,7.08
4048,7,1,1.32,5.64
4048,8,1,3.31,9.34
4048,22,1,2.45,11.98
4049,13,3,3.81,9.15
4049,25,1,4.17,6.8
4049,5,2,4.39,8.43
4050,15,1,1.65,6.42
4050,15,1,1.65,6.42
4050,19,3,1.85,7.49
4051,19,3,1.85,7.49
4051,13,3,3.81,9.15
4051,1,3,1.88,8.3
4051,21,2,3.99,6.86
4052,24,3,4.44,4.38
4052,5,1,4.39,8.43
4052,12,2,1.65,6.2
4053,10,1,4.42,10.8
4053,11,1,2.11,8.72
4053,23,1,3.04,3.82
4053,21,2,3.99,6.86
4054,20,1,1.57,4.26
4054,9,3,3.65,9.96
4054,5,3,4.39,8.43
4055,20,2,1.57,4.26
4055,20,3,1.57,4.26
4056,3,3,2.36,4.4
4056,12,1,1.65,6.2
4057,25,3,4.17,6.8
4057,27,3,3.12,11.74
4057,14,2,3.44,4.54
4058,11,1,2.11,8.72
4058,13,2,3.81,9.15
4059,13,3,3.81,9.15
4060,16,1,3.74,10.59
4060,28,2,3.72,4.03
4060,27,3,3.12,11.74
4060,19,3,1.85,7.49
4061,24,3,4.44,4.38
4061,3,3,2.36,4.4
4061,1,1,1.88,8.3
4062,28,2,3.72,4.03
4062,13,1,3.81,9.15
4063,8,3,3.31,9.34
4063,15,2,1.65,6.42
4063,7,3,1.32,5.64
4063,22,2,2.45,11.98
4064,30,3,2.74,7.08
4064,10,1,4.42,10.8
4064,7,3,1.32,5.64
4065,14,3,3.44,4.54
4065,21,2,3.99,6.86
4065,7,1,1.32,5.64
4066,2,1,4.04,4.44
4066,5,3,4.39,8.43
4067,13,3,3.81,9.15
4067,13,1,3.81,9.15
4068,24,3,4.44,4.38
4068,27,1,3.12,11.74
4069,9,3,3.65,9.96
4069,7,3,1.32,5.64
4069,3,2,2.36,4.4
4069,22,2,2.45,11.98
4070,2,3,4.04,4.44
4071,13,3,3.81,9.15
4071,24,1,4.44,4.38
4071,24,2,4.44,4.38
4071,7,3,1.32,5.64
4072,25,3,4.17,6.8
4072,29,3,4.07,6.06
4072,21,3,3.99,6.86
4072,7,3,1.32,5.64
4073,21,2,3.99,6.86
4073,3,2,2.36,4.4
4073,14,1,3.44,4.54
4074,30,2,2.74,7.08
4075,1,2,1.88,8.3
4076,14,2,3.44,4.54
4076,19,2,1.85,7.49
4076,9,2,3.65,9.96
4077,25,3,4.17,6.8
4077,29,1,4.07,6.06
4077,24,3,4.44,4.38
4077,11,1,2.11,8.72
4078,13,2,3.81,9.15
4078,12,1,1.65,6.2
4078,18,1,2.6,3.6
4079,3,3,2.36,4.4
4079,17,3,1.92,3.29
4079,17,1,1.92,3.29
4079,15,2,1.65,6.42
4080,20,2,1.57,4.26
4081,13,1,3.81,9.15
4082,17,3,1.92,3.29
4083,9,1,3.65,9.96
4083,10,1,4.42,10.8
4084,6,1,3.92,7.83
4084,6,1,3.92,7.83
4084,22,2,2.45,11.98
4085,3,1,2.36,4.4
4085,17,3,1.92,3.29
4085,2,1,4.04,4.44
4085,11,2,2.11,8.72
4086,1,2,1.88,8.3
4086,19,1,1.85,7.49
4086,7,2,1.32,5.64
4086,13,2,3.81,9.15
4087,22,3,2.45,11.98
4088,4,2,1.41,6.42
4088,2,1,4.04,4.44
4089,23,3,3.04,3.82
4089,23,3,3.04,3.82
4089,3,3,2.36,4.4
4089,19,3,1.85,7.49
4090,17,3,1.92,3.29
4090,8,1,3.31,9.34
4090,7,2,1.32,5.64
4091,1,1,1.88,8.3
4091,27,1,3.12,11.74
4091,17,2,1.92,3.29
4091,11,3,2.11,8.72
4092,26,2,2.54,8.36
4092,7,3,1.32,5.64
4092,1,1,1.88,8.3
4093,28,2,3.72,4.03
4093,4,3,1.41,6.42
4093,3,2,2.36,4.4
4094,20,3,1.57,4.26
4094,25,3,4.17,6.8
4094,4,1,1.41,6.42
4095,11,1,2.11,8.72
4095,19,1,1.85,7.49
4095,22,3,2.45,11.98
4096,3,3,2.36,4.4
4096,14,3,3.44,4.54
4096,16,1,3.74,10.59
4096,16,1,3.74,10.59
4097,20,1,1.57,4.26
4097,23,1,3.04,3.82
4098,3,1,2.36,4.4
4098,19,1,1.85,7.49
4098,7,1,1.32,5.64
4098,3,1,2.36,4.4
4099,2,3,4.04,4.44
4099,28,2,3.72,4.03
4100,28,3,3.72,4.03
4100,3,2,2.36,4.4
4100,16,2,3.74,10.59
4100,17,3,1.92,3.29
4101,18,1,2.6,3.6
4101,13,2,3.81,9.15
4101,4,1,1.41,6.42
4102,21,1,3.99,6.86
4103,14,2,3.44,4.54
4104,4,3,1.41,6.42
4105,29,1,4.07,6.06
4106,7,1,1.32,5.64
4106,6,2,3.92,7.83
4107,2,2,4.04,4.44
4107,26,1,2.54,8.36
4108,18,3,2.6,3.6
4108,23,3,3.04,3.82
4108,23,3,3.04,3.82
4108,28,1,3.72,4.03
4109,19,2,1.85,7.49
4110,12,1,1.65,6.2
4111,26,2,2.54,8.36
4111,1,3,1.88,8.3
4112,9,2,3.65,9.96
4113,23,3,3.04,3.82
4114,26,3,2.54,8.36
4115,9,2,3.65,9.96
4115,19,2,1.85,7.49
4115,1,2,1.88,8.3
4116,14,1,3.44,4.54
4117,20,3,1.57,4.26
4117,8,3,3.31,9.34
4117,20,3,1.57,4.26
4117,18,2,2.6,3.6
4118,3,2,2.36,4.4
4118,5,3,4.39,8.43
4118,20,3,1.57,4.26
4119,30,3,2.74,7.08
4119,15,2,1.65,6.42
4119,6,2,3.92,7.83
4119,28,1,3.72,4.03
4120,29,3,4.07,6.06
4121,28,2,3.72,4.03
4121,16,1,3.74,10.59
4121,17,3,1.92,3.29
4121,13,1,3.81,9.15
4122,19,1,1.85,7.49
4122,5,3,4.39,8.43
4122,13,1,3.81,9.15
4123,25,2,4.17,6.8
4124,1,1,1.88,8.3
4124,10,3,4.42,10.8
4124,17,1,1.92,3.29
4124,9,2,3.65,9.96
4125,12,2,1.65,6.2
4125,6,2,3.92,7.83
4125,24,2,4.44,4.38
4125,27,3,3.12,11.74
4126,27,2,3.12,11.74
4126,5,1,4.39,8.43
4126,3,3,2.36,4.4
4127,7,2,1.32,5.64
4127,5,2,4.39,8.43
4128,24,3,4.44,4.38
4128,27,3,3.12,11.74
4128,10,3,4.42,10.8
4129,4,2,1.41,6.42
4129,28,1,3.72,4.03
4130,30,3,2.74,7.08
4130,29,1,4.07,6.06
4130,11,1,2.11,8.72
4131,12,2,1.65,6.2
4131,1,2,1.88,8.3
4131,20,3,1.57,4.26
4132,5,3,4.39,8.43
4132,23,3,3.04,3.82
4133,30,3,2.74,7.08
4133,9,2,3.65,9.96
4134,9,1,3.65,9.96
4135,22,3,2.45,11.98
4135,15,2,1.65,6.42
4136,4,1,1.41,6.42
4136,14,3,3.44,4.54
4137,20,3,1.57,4.26
4137,28,3,3.72,4.03
4137,29,3,4.07,6.06
4137,17,1,1.92,3.29
4138,5,2,4.39,8.43
4138,6,2,3.92,7.83
4138,12,2,1.65,6.2
4138,17,3,1.92,3.29
4139,17,2,1.92,3.29
4139,15,2,1.65,6.42
4139,25,2,4.17,6.8
4140,7,3,1.32,5.64
4140,25,2,4.17,6.8
4141,5,3,4.39,8.43
4141,11,1,2.11,8.72
4142,18,1,2.6,3.6
4142,11,1,2.11,8.72
4143,18,3,2.6,3.6
4143,17,1,1.92,3.29
4144,9,2,3.65,9.96
4145,23,1,3.04,3.82
4145,18,1,2.6,3.6
4145,18,3,2.6,3.6
4145,16,2,3.74,10.59
4146,24,3,4.44,4.38
4147,3,3,2.36,4.4
4147,27,1,3.12,11.74
4148,4,2,1.41,6.42
4148,25,3,4.17,6.8
4149,16,2,3.74,10.59
4150,21,1,3.99,6.86
4151,30,2,2.74,7.08
4151,12,1,1.65,6.2
4151,19,3,1.85,7.49
4152,10,2,4.42,10.8
4152,30,1,2.74,7.08
4152,7,1,1.32,5.64
4152,20,3,1.57,4.26
4153,8,1,3.31,9.34
4153,29,2,4.07,6.06
4154,1,1,1.88,8.3
4154,1,1,1.88,8.3
4154,24,1,4.44,4.38
4154,26,3,2.54,8.36
4155,12,3,1.65,6.2
4155,23,3,3.04,3.82
4155,23,2,3.04,3.82
4155,27,3,3.12,11.74
4156,27,2,3.12,11.74
4157,12,3,1.65,6.2
4158,15,2,1.65,6.42
4158,30,1,2.74,7.08
4159,30,1,2.74,7.08
4160,8,3,3.31,9.34
4160,11,2,2.11,8.72
4161,15,1,1.65,6.42
4161,22,1,2.45,11.98
4161,10,3,4.42,10.8
4162,10,2,4.42,10.8
4162,16,3,3.74,10.59
4162,28,2,3.72,4.03
4162,9,1,3.65,9.96
4163,14,2,3.44,4.54
4163,13,1,3.81,9.15
4163,1,3,1.88,8.3
4163,15,2,1.65,6.42
4164,28,1,3.72,4.03
4165,28,3,3.72,4.03
4165,6,2,3.92,7.83
4165,18,2,2.6,3.6
4165,25,2,4.17,6.8
4166,7,1,1.32,5.64
4166,30,2,2.74,7.08
4167,22,1,2.45,11.98
4167,29,2,4.07,6.06
4168,18,2,2.6,3.6
4168,8,1,3.31,9.34
4168,6,1,3.92,7.83
4169,17,3,1.92,3.29
4169,9,3,3.65,9.96
4169,29,3,4.07,6.06
4170,12,1,1.65,6.2
4170,5,2,4.39,8.43
4170,6,1,3.92,7.83
4170,1,2,1.88,8.3
4171,25,3,4.17,6.8
4171,1,2,1.88,8.3
4171,18,3,2.6,3.6
4171,24,1,4.44,4.38
4172,23,2,3.04,3.82
4173,19,2,1.85,7.49
4173,6,1,3.92,7.83
4173,20,1,1.57,4.26
4174,25,2,4.17,6.8
4174,7,3,1.32,5.64
4175,16,2,3.74,10.59
4175,15,2,1.65,6.42
4176,19,1,1.85,7.49
4176,12,3,1.65,6.2
4176,14,1,3.44,4.54
4177,9,3,3.65,9.96
4177,3,3,2.36,4.4
4177,12,1,1.65,6.2
4177,25,3,4.17,6.8
4178,6,2,3.92,7.83
4178,26,2,2.54,8.36
4178,28,1,3.72,4.03
4179,22,2,2.45,11.98
4180,4,1,1.41,6.42
4181,10,3,4.42,10.8
4181,1,2,1.88,8.3
4181,10,1,4.42,10.8
4182,25,1,4.17,6.8
4182,9,3,3.65,9.96
4183,4,2,1.41,6.42
4183,25,2,4.17,6.8
4183,27,2,3.12,11.74
4183,23,3,3.04,3.82
4184,11,2,2.11,8.72
4185,20,3,1.57,4.26
4185,13,2,3.81,9.15
4185,22,1,2.45,11.98
4185,13,2,3.81,9.15
4186,2,1,4.04,4.44
4187,8,3,3.31,9.34
4187,6,1,3.92,7.83
4187,12,3,1.65,6.2
4188,29,2,4.07,6.06
4188,30,2,2.74,7.08
4189,20,1,1.57,4.26
4189,6,2,3.92,7.83
4189,15,1,1.65,6.42
4189,4,1,1.41,6.42
4190,22,2,2.45,11.98
4190,7,3,1.32,5.64
4190,26,1,2.54,8.36
4190,24,2,4.44,4.38
4191,14,3,3.44,4.54
4191,18,3,2.6,3.6
4191,18,3,2.6,3.6
4192,22,3,2.45,11.98
4192,16,1,3.74,10.59
4192,12,3,1.65,6.2
4193,27,1,3.12,11.74
4193,23,1,3.04,3.82
4193,28,2,3.72,4.03
4194,13,1,3.81,9.15
4194,5,2,4.39,8.43
4195,20,2,1.57,4.26
4195,26,2,2.54,8.36
4195,24,2,4.44,4.38
4196,27,3,3.12,11.74
4196,21,2,3.99,6.86
4196,15,3,1.65,6.42
4197,28,2,3.72,4.03
4197,30,2,2.74,7.08
4197,28,2,3.72,4.03
4198,25,2,4.17,6.8
4199,18,3,2.6,3.6
4200,11,1,2.11,8.72
4200,21,3,3.99,6.86
4200,9,2,3.65,9.96
4200,29,1,4.07,6.06
4201,25,2,4.17,6.8
4202,7,3,1.32,5.64
4202,18,2,2.6,3.6
4203,8,2,3.31,9.34
4204,26,1,2.54,8.36
4204,16,1,3.74,10.59
4204,15,1,1.65,6.42
4205,1,3,1.88,8.3
4205,29,2,4.07,6.06
4205,7,1,1.32,5.64
4206,2,3,4.04,4.44
4207,28,3,3.72,4.03
4207,15,3,1.65,6.42
4208,15,2,1.65,6.42
4208,21,2,3.99,6.86
4208,9,3,3.65,9.96
4208,26,2,2.54,8.36
4209,28,1,3.72,4.03
4209,29,2,4.07,6.06
4210,9,1,3.65,9.96
4210,11,3,2.11,8.72
4210,5,1,4.39,8.43
4210,23,3,3.04,3.82
4211,1,1,1.88,8.3
4212,22,3,2.45,11.98
4213,19,2,1.85,7.49
4213,16,3,3.74,10.59
4213,21,2,3.99,6.86
4214,14,1,3.44,4.54
4215,28,3,3.72,4.03
4215,12,2,1.65,6.2
4215,23,2,3.04,3.82
4215,17,3,1.92,3.29
4216,22,3,2.45,11.98
4216,22,1,2.45,11.98
4216,14,1,3.44,4.54
4217,28,3,3.72,4.03
4217,16,2,3.74,10.59
4217,14,2,3.44,4.54
4217,2,2,4.04,4.44
4218,20,1,1.57,4.26
4218,8,3,3.31,9.34
4219,5,1,4.39,8.43
4220,22,1,2.45,11.98
4220,23,3,3.04,3.82
4220,7,1,1.32,5.64
4221,11,3,2.11,8.72
4222,25,1,4.17,6.8
4223,27,2,3.12,11.74
4224,17,1,1.92,3.29
4224,25,3,4.17,6.8
4224,22,3,2.45,11.98
4224,10,2,4.42,10.8
4225,26,1,2.54,8.36
4225,8,2,3.31,9.34
4226,14,2,3.44,4.54
4226,22,2,2.45,11.98
4227,16,1,3.74,10.59
4227,17,1,1.92,3.29
4228,26,3,2.54,8.36
4228,26,2,2.54,8.36
4229,24,3,4.44,4.38
4229,11,3,2.11,8.72
4229,20,3,1.57,4.26
4229,27,2,3.12,11.74
4230,24,3,4.44,4.38
4230,7,1,1.32,5.64
4230,7,1,1.32,5.64
4231,28,3,3.72,4.03
4232,4,3,1.41,6.42
4233,20,3,1.57,4.26
4233,22,3,2.45,11.98
4234,20,1,1.57,4.26
4235,1,1,1.88,8.3
4235,1,2,1.88,8.3
4235,20,3,1.57,4.26
4236,26,1,2.54,8.36
4237,5,3,4.39,8.43
4238,1,1,1.88,8.3
4238,10,1,4.42,10.8
4238,7,1,1.32,5.64
4239,26,1,2.54,8.36
4239,10,3,4.42,10.8
4240,30,1,2.74,7.08
4240,30,2,2.74,7.08
4241,30,3,2.74,7.08
4241,12,2,1.65,6.2
4242,9,3,3.65,9.96
4242,11,3,2.11,8.72
4243,28,1,3.72,4.03
4243,18,1,2.6,3.6
4243,16,1,3.74,10.59
4244,30,2,2.74,7.08
4244,28,1,3.72,4.03
4244,19,2,1.85,7.49
4244,28,1,3.72,4.03
4245,21,2,3.99,6.86
4245,22,2,2.45,11.98
4245,25,3,4.17,6.8
4246,19,1,1.85,7.49
4246,8,1,3.31,9.34
4246,30,3,2.74,7.08
4247,28,2,3.72,4.03
4247,9,3,3.65,9.96
4247,17,2,1.92,3.29
4248,17,3,1.92,3.29
4248,10,3,4.42,10.8
4248,24,1,4.44,4.38
4249,21,2,3.99,6.86
4249,10,2,4.42,10.8
4250,15,2,1.65,6.42
4251,12,2,1.65,6.2
4251,17,3,1.92,3.29
4252,22,1,2.45,11.98
4252,15,2,1.65,6.42
4253,30,2,2.74,7.08
4253,9,2,3.65,9.96
4253,19,1,1.85,7.49
4253,12,2,1.65,6.2
4254,5,2,4.39,8.43
4254,24,3,4.44,4.38
4254,26,1,2.54,8.36
4254,16,3,3.74,10.59
4255,2,3,4.04,4.44
4255,10,2,4.42,10.8
4255,29,2,4.07,6.06
4255,20,2,1.57,4.26
4256,30,3,2.74,7.08
4256,28,1,3.72,4.03
4256,14,2,3.44,4.54
4257,22,2,2.45,11.98
4257,4,1,1.41,6.42
4257,11,2,2.11,8.72
4257,19,1,1.85,7.49
4258,14,2,3.44,4.54
4258,9,3,3.65,9.96
4258,24,1,4.44,4.38
4258,13,2,3.81,9.15
4259,5,3,4.39,8.43
4259,16,2,3.74,10.59
4259,12,1,1.65,6.2
4259,26,1,2.54,8.36
4260,9,1,3.65,9.96
4260,16,3,3.74,10.59
4261,11,3,2.11,8.72
4261,8,2,3.31,9.34
4261,12,2,1.65,6.2
4262,4,2,1.41,6.42
4262,18,3,2.6,3.6
4263,14,3,3.44,4.54
4263,2,3,4.04,4.44
4263,27,3,3.12,11.74
4263,12,1,1.65,6.2
4264,17,2,1.92,3.29
4265,3,2,2.36,4.4
4265,30,2,2.74,7.08
4265,22,2,2.45,11.98
4265,18,2,2.6,3.6
4266,8,2,3.31,9.34
4266,18,2,2.6,3.6
4267,22,3,2.45,11.98
4268,21,3,3.99,6.86
4268,1,1,1.88,8.3
4268,2,2,4.04,4.44
4269,3,1,2.36,4.4
4270,6,2,3.92,7.83
4271,22,3,2.45,11.98
4271,24,1,4.44,4.38
4272,16,3,3.74,10.59
4272,2,1,4.04,4.44
4273,17,1,1.92,3.29
4273,21,1,3.99,6.86
4273,18,3,2.6,3.6
4273,20,1,1.57,4.26
4274,25,2,4.17,6.8
4275,29,1,4.07,6.06
4275,24,1,4.44,4.38
4275,18,1,2.6,3.6
4276,6,3,3.92,7.83
4276,25,2,4.17,6.8
4276,14,2,3.44,4.54
4277,9,1,3.65,9.96
4277,9,2,3.65,9.96
4277,21,3,3.99,6.86
4278,14,1,3.44,4.54
4278,15,3,1.65,6.42
4278,26,3,2.54,8.36
4278,11,3,2.11,8.72
4279,27,2,3.12,11.74
4279,9,3,3.65,9.96
4279,19,1,1.85,7.49
4279,10,2,4.42,10.8
4280,13,3,3.81,9.15
4280,7,3,1.32,5.64
4280,20,3,1.57,4.26
4281,26,2,2.54,8.36
4281,13,2,3.81,9.15
4281,21,1,3.99,6.86
4282,21,2,3.99,6.86
4282,26,3,2.54,8.36
4283,9,3,3.65,9.96
4283,13,2,3.81,9.15
4283,14,3,3.44,4.54
4283,26,3,2.54,8.36
4284,27,1,3.12,11.74
4284,19,1,1.85,7.49
4285,18,2,2.6,3.6
4285,5,1,4.39,8.43
4285,29,1,4.07,6.06
4285,8,2,3.31,9.34
4286,2,2,4.04,4.44
4286,22,3,2.45,11.98
4286,3,1,2.36,4.4
4287,16,3,3.74,10.59
4287,8,1,3.31,9.34
4287,30,2,2.74,7.08
4288,22,2,2.45,11.98
4288,22,2,2.45,11.98
4288,21,3,3.99,6.86
4289,18,3,2.6,3.6
4289,1,1,1.88,8.3
4289,29,2,4.07,6.06
4289,11,1,2.11,8.72
4290,9,3,3.65,9.96
4290,9,3,3.65,9.96
4290,9,1,3.65,9.96
4290,14,1,3.44,4.54
4291,4,2,1.41,6.42
4291,14,2,3.44,4.54
4291,7,2,1.32,5.64
4291,26,2,2.54,8.36
4292,3,3,2.36,4.4
4292,17,2,1.92,3.29
4293,5,1,4.39,8.43
4293,8,2,3.31,9.34
4293,3,3,2.36,4.4
4294,26,2,2.54,8.36
4295,11,3,2.11,8.72
4295,11,1,2.11,8.72
4296,27,1,3.12,11.74
4296,23,3,3.04,3.82
4297,23,1,3.04,3.82
4297,6,2,3.92,7.83
4297,22,3,2.45,11.98
4297,23,3,3.04,3.82
4298,7,3,1.32,5.64
4298,4,1,1.41,6.42
4299,24,2,4.44,4.38
4300,20,1,1.57,4.26
4300,17,2,1.92,3.29
4301,12,3,1.65,6.2
4301,20,1,1.57,4.26
4301,11,1,2.11,8.72
4301,16,1,3.74,10.59
4302,4,1,1.41,6.42
4302,26,2,2.54,8.36
4302,7,2,1.32,5.64
4302,29,3,4.07,6.06
4303,16,3,3.74,10.59
4303,29,3,4.07,6.06
4303,24,2,4.44,4.38
4303,4,1,1.41,6.42
4304,29,1,4.07,6.06
4304,4,2,1.41,6.42
4305,4,2,1.41,6.42
4305,15,1,1.65,6.42
4305,27,1,3.12,11.74
4305,2,2,4.04,4.44
4306,10,1,4.42,10.8
4306,26,1,2.54,8.36
4306,6,2,3.92,7.83
4306,14,2,3.44,4.54
4307,7,2,1.32,5.64
4307,3,2,2.36,4.4
4308,25,1,4.17,6.8
4308,9,2,3.65,9.96
4308,11,2,2.11,8.72
4308,11,1,2.11,8.72
4309,13,3,3.81,9.15
4309,29,2,4.07,6.06
4310,1,1,1.88,8.3
4311,2,2,4.04,4.44
4311,19,1,1.85,7.49
4311,11,2,2.11,8.72
4311,3,1,2.36,4.4
4312,15,3,1.65,6.42
4312,20,1,1.57,4.26
4312,26,1,2.54,8.36
4312,8,2,3.31,9.34
4313,21,2,3.99,6.86
4314,3,2,2.36,4.4
4314,11,2,2.11,8.72
4314,27,1,3.12,11.74
4315,28,1,3.72,4.03
4315,23,3,3.04,3.82
4316,13,3,3.81,9.15
4316,9,2,3.65,9.96
4317,19,1,1.85,7.49
4318,28,3,3.72,4.03
4319,25,2,4.17,6.8
4320,10,2,4.42,10.8
4320,25,2,4.17,6.8
4321,1,2,1.88,8.3
4321,16,3,3.74,10.59
4322,23,1,3.04,3.82
4322,1,3,1.88,8.3
4322,27,3,3.12,11.74
4322,29,2,4.07,6.06
4323,30,2,2.74,7.08
4323,2,3,4.04,4.44
4323,21,1,3.99,6.86
4323,4,2,1.41,6.42
4324,4,1,1.41,6.42
4325,28,1,3.72,4.03
4325,30,3,2.74,7.08
4326,13,3,3.81,9.15
4326,4,2,1.41,6.42
4326,13,3,3.81,9.15
4327,16,3,3.74,10.59
4328,25,3,4.17,6.8
4329,25,2,4.17,6.8
4330,29,2,4.07,6.06
4330,10,3,4.42,10.8
4331,24,2,4.44,4.38
4331,2,2,4.04,4.44
4331,12,3,1.65,6.2
4332,19,1,1.85,7.49
4332,30,2,2.74,7.08
4332,15,1,1.65,6.42
4333,19,2,1.85,7.49
4334,14,1,3.44,4.54
4334,21,3,3.99,6.86
4334,6,2,3.92,7.83
4335,25,1,4.17,6.8
4336,17,1,1.92,3.29
4336,24,1,4.44,4.38
4336,1,3,1.88,8.3
4336,29,1,4.07,6.06
4337,19,2,1.85,7.49
4338,2,1,4.04,4.44
4338,28,1,3.72,4.03
4338,5,2,4.39,8.43
4338,23,2,3.04,3.82
4339,15,2,1.65,6.42
4339,28,2,3.72,4.03
4339,26,1,2.54,8.36
4339,3,2,2.36,4.4
4340,29,1,4.07,6.06
4340,4,3,1.41,6.42
4341,14,1,3.44,4.54
4341,16,2,3.74,10.59
4341,7,3,1.32,5.64
4342,23,3,3.04,3.82
4342,22,1,2.45,11.98
4342,19,1,1.85,7.49
4342,5,1,4.39,8.43
4343,13,1,3.81,9.15
4343,28,3,3.72,4.03
4343,27,3,3.12,11.74
4344,12,1,1.65,6.2
4344,2,2,4.04,4.44
4345,29,3,4.07,6.06
4345,17,2,1.92,3.29
4345,21,2,3.99,6.86
4346,24,1,4.44,4.38
4346,16,3,3.74,10.59
4347,16,2,3.74,10.59
4347,20,1,1.57,4.26
4347,12,3,1.65,6.2
4348,18,1,2.6,3.6
4348,12,2,1.65,6.2
4349,5,1,4.39,8.43
4349,27,1,3.12,11.74
4349,20,1,1.57,4.26
4350,21,3,3.99,6.86
4350,4,1,1.41,6.42
4350,13,2,3.81,9.15
4350,4,3,1.41,6.42
4351,7,2,1.32,5.64
4351,8,3,3.31,9.34
4352,18,1,2.6,3.6
4352,2,2,4.04,4.44
4352,21,2,3.99,6.86
4352,17,1,1.92,3.29
4353,8,2,3.31,9.34
4353,27,2,3.12,11.74
4354,20,3,1.57,4.26
4354,9,3,3.65,9.96
4355,4,1,1.41,6.42
4356,10,3,4.42,10.8
4356,12,1,1.65,6.2
4357,5,3,4.39,8.43
4357,8,1,3.31,9.34
4358,11,1,2.11,8.72
4358,26,1,2.54,8.36
4358,19,3,1.85,7.49
4358,9,3,3.65,9.96
4359,16,3,3.74,10.59
4359,22,2,2.45,11.98
4359,24,2,4.44,4.38
4360,30,1,2.74,7.08
4361,12,1,1.65,6.2
4361,17,3,1.92,3.29
4362,2,3,4.04,4.44
4362,5,2,4.39,8.43
4362,6,1,3.92,7.83
4363,19,3,1.85,7.49
4363,28,2,3.72,4.03
4363,15,3,1.65,6.42
4363,12,2,1.65,6.2
4364,7,3,1.32,5.64
4364,4,2,1.41,6.42
4365,11,1,2.11,8.72
4365,13,3,3.81,9.15
4365,25,2,4.17,6.8
4366,26,1,2.54,8.36
4366,2,3,4.04,4.44
4366,3,1,2.36,4.4
4367,9,3,3.65,9.96
4367,7,2,1.32,5.64
4367,9,3,3.65,9.96
4367,5,1,4.39,8.43
4368,20,3,1.57,4.26
4368,21,1,3.99,6.86
4368,7,1,1.32,5.64
4368,25,3,4.17,6.8
4369,17,2,1.92,3.29
4369,26,3,2.54,8.36
4370,2,1,4.04,4.44
4370,10,2,4.42,10.8
4370,12,2,1.65,6.2
4370,2,3,4.04,4.44
4371,13,1,3.81,9.15
4371,10,2,4.42,10.8
4372,30,1,2.74,7.08
4373,26,2,2.54,8.36
4373,20,3,1.57,4.26
4373,23,1,3.04,3.82
4374,1,2,1.88,8.3
4374,27,1,3.12,11.74
4374,25,2,4.17,6.8
4375,13,2,3.81,9.15
4375,30,1,2.74,7.08
4375,30,3,2.74,7.08
4376,24,3,4.44,4.38
4377,2,2,4.04,4.44
4378,5,1,4.39,8.43
4378,9,3,3.65,9.96
4378,25,3,4.17,6.8
4379,6,2,3.92,7.83
4379,21,1,3.99,6.86
4380,17,1,1.92,3.29
4380,29,3,4.07,6.06
4380,11,2,2.11,8.72
4380,9,3,3.65,9.96
4381,7,1,1.32,5.64
4382,5,3,4.39,8.43
4383,29,2,4.07,6.06
4383,23,2,3.04,3.82
4383,18,1,2.6,3.6
4384,24,2,4.44,4.38
4384,18,1,2.6,3.6
4384,19,1,1.85,7.49
4385,6,1,3.92,7.83
4385,27,3,3.12,11.74
4386,19,3,1.85,7.49
4386,30,3,2.74,7.08
4387,10,1,4.42,10.8
4388,29,3,4.07,6.06
4388,19,1,1.85,7.49
4388,19,1,1.85,7.49
4388,10,1,4.42,10.8
4389,27,1,3.12,11.74
4390,5,1,4.39,8.43
4391,20,3,1.57,4.26
4391,17,3,1.92,3.29
4391,13,2,3.81,9.15
4391,12,3,1.65,6.2
4392,15,1,1.65,6.42
4392,26,3,2.54,8.36
4393,20,1,1.57,4.26
4393,30,2,2.74,7.08
4393,10,2,4.42,10.8
4394,24,1,4.44,4.38
4394,18,3,2.6,3.6
4395,2,3,4.04,4.44
4395,11,1,2.11,8.72
4396,29,1,4.07,6.06
4396,10,1,4.42,10.8
4397,29,3,4.07,6.06
4397,29,3,4.07,6.06
4398,27,1,3.12,11.74
4398,21,1,3.99,6.86
4398,25,1,4.17,6.8
4398,1,1,1.88,8.3
4399,18,2,2.6,3.6
4399,15,1,1.65,6.42
4400,25,1,4.17,6.8
4400,20,3,1.57,4.26
4400,7,3,1.32,5.64
4401,10,1,4.42,10.8
4401,18,3,2.6,3.6
4401,29,2,4.07,6.06
4401,16,1,3.74,10.59
4402,26,2,2.54,8.36
4402,27,3,3.12,11.74
4403,29,2,4.07,6.06
4404,10,2,4.42,10.8
4404,26,1,2.54,8.36
4405,10,1,4.42,10.8
4405,14,3,3.44,4.54
4405,26,3,2.54,8.36
4406,16,2,3.74,10.59
4406,25,3,4.17,6.8
4407,8,3,3.31,9.34
4407,22,1,2.45,11.98
4408,30,2,2.74,7.08
4408,21,1,3.99,6.86
4409,17,1,1.92,3.29
4409,16,3,3.74,10.59
4409,30,1,2.74,7.08
4409,9,1,3.65,9.96
4410,17,3,1.92,3.29
4411,24,2,4.44,4.38
4412,8,2,3.31,9.34
4412,23,2,3.04,3.82
4412,24,1,4.44,4.38
4413,16,2,3.74,10.59
4413,1,3,1.88,8.3
4413,18,3,2.6,3.6
4413,30,2,2.74,7.08
4414,7,2,1.32,5.64
4414,15,2,1.65,6.42
4414,17,2,1.92,3.29
4414,23,2,3.04,3.82
4415,26,2,2.54,8.36
4416,24,2,4.44,4.38
4416,9,3,3.65,9.96
4416,6,1,3.92,7.83
4417,7,1,1.32,5.64
4418,12,2,1.65,6.2
4419,4,3,1.41,6.42
4419,23,1,3.04,3.82
4419,1,3,1.88,8.3
4420,22,1,2.45,11.98
4421,28,2,3.72,4.03
4422,16,1,3.74,10.59
4422,5,1,4.39,8.43
4423,28,1,3.72,4.03
4423,23,1,3.04,3.82
4423,29,3,4.07,6.06
4423,6,1,3.92,7.83
4424,3,3,2.36,4.4
4424,27,3,3.12,11.74
4424,21,3,3.99,6.86
4424,19,1,1.85,7.49
4425,29,1,4.07,6.06
4425,27,1,3.12,11.74
4425,3,1,2.36,4.4
4426,8,2,3.31,9.34
4426,29,1,4.07,6.06
4426,3,1,2.36,4.4
4426,10,3,4.42,10.8
4427,6,1,3.92,7.83
4427,2,2,4.04,4.44
4427,24,2,4.44,4.38
4427,26,3,2.54,8.36
4428,27,3,3.12,11.74
4428,4,3,1.41,6.42
4429,23,1,3.04,3.82
4429,22,1,2.45,11.98
4429,30,1,2.74,7.08
4430,3,3,2.36,4.4
4430,9,1,3.65,9.96
4430,18,1,2.6,3.6
4431,14,1,3.44,4.54
4431,14,3,3.44,4.54
4431,18,2,2.6,3.6
4432,10,3,4.42,10.8
4433,1,2,1.88,8.3
4433,7,3,1.32,5.64
4434,24,1,4.44,4.38
4434,10,2,4.42,10.8
4435,3,1,2.36,4.4
4435,26,1,2.54,8.36
4435,10,2,4.42,10.8
4436,7,1,1.32,5.64
4437,19,2,1.85,7.49
4437,5,1,4.39,8.43
4437,24,2,4.44,4.38
4437,25,1,4.17,6.8
4438,14,3,3.44,4.54
4438,15,1,1.65,6.42
4438,22,1,2.45,11.98
4439,23,3,3.04,3.82
4439,29,2,4.07,6.06
4439,16,2,3.74,10.59
4439,16,3,3.74,10.59
4440,17,2,1.92,3.29
4440,15,3,1.65,6.42
4441,18,3,2.6,3.6
4442,9,3,3.65,9.96
4443,4,3,1.41,6.42
4443,9,2,3.65,9.96
4443,11,3,2.11,8.72
4444,27,3,3.12,11.74
4444,8,2,3.31,9.34
4444,4,3,1.41,6.42
4444,18,3,2.6,3.6
4445,24,3,4.44,4.38
4445,2,1,4.04,4.44
4445,21,3,3.99,6.86
4446,20,1,1.57,4.26
4446,30,3,2.74,7.08
4446,4,3,1.41,6.42
4447,12,2,1.65,6.2
4448,15,1,1.65,6.42
4448,22,3,2.45,11.98
4449,17,2,1.92,3.29
4449,28,2,3.72,4.03
4450,21,1,3.99,6.86
4450,25,2,4.17,6.8
4450,7,2,1.32,5.64
4450,18,3,2.6,3.6
4451,22,3,2.45,11.98
4451,12,3,1.65,6.2
4451,11,1,2.11,8.72
4452,25,3,4.17,6.8
4452,23,3,3.04,3.82
4452,22,2,2.45,11.98
4452,15,2,1.65,6.42
4453,21,3,3.99,6.86
4453,29,3,4.07,6.06
4454,15,1,1.65,6.42
4455,16,1,3.74,10.59
4455,4,1,1.41,6.42
4455,10,2,4.42,10.8
4456,18,3,2.6,3.6
4456,1,2,1.88,8.3
4456,4,1,1.41,6.42
4456,23,2,3.04,3.82
4457,9,2,3.65,9.96
4457,5,2,4.39,8.43
4457,5,2,4.39,8.43
4457,10,2,4.42,10.8
4458,16,1,3.74,10.59
4458,4,1,1.41,6.42
4458,4,3,1.41,6.42
4458,15,2,1.65,6.42
4459,15,1,1.65,6.42
4459,23,2,3.04,3.82
4459,22,2,2.45,11.98
4460,5,2,4.39,8.43
4460,27,2,3.12,11.74
4461,22,2,2.45,11.98
4461,20,3,1.57,4.26
4461,2,1,4.04,4.44
4461,21,1,3.99,6.86
4462,26,2,2.54,8.36
4463,9,2,3.65,9.96
4463,27,3,3.12,11.74
4464,28,3,3.72,4.03
4464,4,1,1.41,6.42
4464,30,3,2.74,7.08
4465,25,2,4.17,6.8
4465,8,1,3.31,9.34
4465,8,1,3.31,9.34
4465,27,2,3.12,11.74
4466,17,1,1.92,3.29
4467,29,2,4.07,6.06
4468,29,2,4.07,6.06
4468,9,1,3.65,9.96
4469,1,3,1.88,8.3
4469,11,1,2.11,8.72
4469,13,1,3.81,9.15
4470,3,2,2.36,4.4
4471,21,1,3.99,6.86
4472,8,3,3.31,9.34
4473,26,1,2.54,8.36
4474,22,2,2.45,11.98
4475,24,2,4.44,4.38
4475,27,1,3.12,11.74
4476,4,1,1.41,6.42
4476,27,2,3.12,11.74
4476,4,3,1.41,6.42
4476,11,3,2.11,8.72
4477,18,2,2.6,3.6
4478,18,1,2.6,3.6
4478,13,3,3.81,9.15
4478,5,3,4.39,8.43
4479,28,3,3.72,4.03
4479,19,3,1.85,7.49
4479,10,1,4.42,10.8
4480,12,3,1.65,6.2
4480,12,3,1.65,6.2
4481,23,1,3.04,3.82
4482,11,1,2.11,8.72
4483,19,3,1.85,7.49
4484,26,2,2.54,8.36
4484,30,1,2.74,7.08
4484,12,1,1.65,6.2
4485,16,2,3.74,10.59
4485,10,2,4.42,10.8
4485,19,2,1.85,7.49
4485,9,3,3.65,9.96
4486,26,1,2.54,8.36
4486,2,2,4.04,4.44
4486,1,2,1.88,8.3
4487,10,3,4.42,10.8
4487,14,1,3.44,4.54
4487,24,3,4.44,4.38
4487,15,2,1.65,6.42
4488,19,1,1.85,7.49
4488,26,3,2.54,8.36
4488,12,3,1.65,6.2
4488,28,2,3.72,4.03
4489,4,1,1.41,6.42
4489,29,2,4.07,6.06
4490,26,2,2.54,8.36
4490,24,1,4.44,4.38
4490,20,2,1.57,4.26
4491,5,3,4.39,8.43
4491,24,2,4.44,4.38
4492,13,1,3.81,9.15
4492,12,3,1.65,6.2
4493,4,3,1.41,6.42
4493,13,1,3.81,9.15
4494,24,3,4.44,4.38
4494,23,3,3.04,3.82
4495,9,1,3.65,9.96
4495,15,3,1.65,6.42
4495,19,2,1.85,7.49
4496,26,2,2.54,8.36
4497,30,2,2.74,7.08
4497,20,3,1.57,4.26
4497,24,2,4.44,4.38
4498,6,2,3.92,7.83
4499,22,3,2.45,11.98
4499,28,3,3.72,4.03
4499,26,1,2.54,8.36
4500,5,1,4.39,8.43
4500,30,3,2.74,7.08
4501,20,1,1.57,4.26
4501,13,3,3.81,9.15
4502,14,2,3.44,4.54
4502,23,1,3.04,3.82
4502,25,3,4.17,6.8
4502,9,1,3.65,9.96
4503,4,1,1.41,6.42
4503,6,3,3.92,7.83
4503,13,1,3.81,9.15
4504,1,1,1.88,8.3
4504,23,1,3.04,3.82
4504,18,3,2.6,3.6
4505,19,2,1.85,7.49
4505,6,3,3.92,7.83
4505,23,1,3.04,3.82
4506,26,2,2.54,8.36
4506,6,1,3.92,7.83
4506,20,1,1.57,4.26
4506,11,3,2.11,8.72
4507,24,1,4.44,4.38
4507,23,2,3.04,3.82
4508,25,3,4.17,6.8
4508,19,1,1.85,7.49
4508,3,2,2.36,4.4
4508,4,1,1.41,6.42
4509,15,1,1.65,6.42
4509,3,2,2.36,4.4
4509,7,3,1.32,5.64
4509,21,2,3.99,6.86
4510,7,2,1.32,5.64
4510,3,2,2.36,4.4
4510,29,2,4.07,6.06
4511,6,1,3.92,7.83
4511,18,3,2.6,3.6
4511,18,1,2.6,3.6
4512,22,3,2.45,11.98
4513,27,1,3.12,11.74
4513,15,2,1.65,6.42
4514,7,2,1.32,5.64
4514,3,3,2.36,4.4
4514,10,3,4.42,10.8
4514,11,1,2.11,8.72
4515,17,1,1.92,3.29
4516,16,1,3.74,10.59
4517,28,1,3.72,4.03
4518,6,1,3.92,7.83
4518,20,3,1.57,4.26
4518,23,2,3.04,3.82
4519,7,1,1.32,5.64
4519,27,2,3.12,11.74
4520,15,2,1.65,6.42
4521,6,1,3.92,7.83
4521,1,3,1.88,8.3
4522,29,3,4.07,6.06
4523,1,1,1.88,8.3
4523,26,3,2.54,8.36
4523,9,1,3.65,9.96
4524,17,3,1.92,3.29
4524,18,2,2.6,3.6
4524,16,3,3.74,10.59
4524,12,3,1.65,6.2
4525,1,3,1.88,8.3
4525,11,3,2.11,8.72
4525,25,1,4.17,6.8
4526,6,1,3.92,7.83
4526,13,2,3.81,9.15
4526,20,2,1.57,4.26
4526,22,2,2.45,11.98
4527,11,1,2.11,8.72
4527,18,1,2.6,3.6
4527,10,3,4.42,10.8
4527,5,1,4.39,8.43
4528,25,3,4.17,6.8
4528,11,1,2.11,8.72
4528,22,3,2.45,11.98
4529,16,2,3.74,10.59
4530,28,3,3.72,4.03
4530,29,2,4.07,6.06
4531,2,2,4.04,4.44
4531,18,3,2.6,3.6
4531,18,3,2.6,3.6
4532,15,2,1.65,6.42
4532,20,1,1.57,4.26
4532,25,1,4.17,6.8
4533,14,2,3.44,4.54
4533,3,3,2.36,4.4
4534,18,3,2.6,3.6
4534,29,2,4.07,6.06
4534,7,2,1.32,5.64
4534,16,1,3.74,10.59
4535,29,1,4.07,6.06
4535,14,3,3.44,4.54
4536,30,2,2.74,7.08
4536,8,2,3.31,9.34
4537,2,2,4.04,4.44
4537,21,3,3.99,6.86
4537,7,2,1.32,5.64
4538,13,3,3.81,9.15
4538,6,2,3.92,7.83
4538,29,3,4.07,6.06
4539,16,1,3.74,10.59
4539,11,2,2.11,8.72
4540,6,1,3.92,7.83
4540,5,1,4.39,8.43
4540,1,1,1.88,8.3
4540,18,2,2.6,3.6
4541,26,3,2.54,8.36
4541,4,2,1.41,6.42
4541,8,1,3.31,9.34
4542,1,1,1.88,8.3
4542,19,3,1.85,7.49
4542,26,3,2.54,8.36
4542,28,1,3.72,4.03
4543,14,3,3.44,4.54
4543,20,1,1.57,4.26
4544,27,1,3.12,11.74
4545,14,3,3.44,4.54
4545,30,3,2.74,7.08
4545,9,3,3.65,9.96
4546,26,1,2.54,8.36
4546,14,1,3.44,4.54
4546,1,2,1.88,8.3
4546,9,2,3.65,9.96
4547,28,2,3.72,4.03
4547,2,1,4.04,4.44
4548,10,2,4.42,10.8
4548,7,2,1.32,5.64
4548,18,2,2.6,3.6
4548,3,3,2.36,4.4
4549,6,1,3.92,7.83
4549,30,2,2.74,7.08
4549,29,2,4.07,6.06
4549,23,2,3.04,3.82
4550,12,3,1.65,6.2
4550,14,2,3.44,4.54
4550,4,3,1.41,6.42
4551,3,2,2.36,4.4
4551,6,2,3.92,7.83
4551,17,2,1.92,3.29
4552,24,3,4.44,4.38
4553,7,3,1.32,5.64
4553,9,3,3.65,9.96
4553,19,1,1.85,7.49
4553,3,3,2.36,4.4
4554,4,2,1.41,6.42
4554,19,1,1.85,7.49
4555,22,3,2.45,11.98
4555,1,2,1.88,8.3
4556,14,2,3.44,4.54
4556,30,2,2.74,7.08
4556,3,2,2.36,4.4
4557,1,2,1.88,8.3
4557,11,2,2.11,8.72
4557,18,3,2.6,3.6
4557,27,1,3.12,11.74
4558,12,2,1.65,6.2
4558,21,2,3.99,6.86
4558,16,3,3.74,10.59
4559,24,2,4.44,4.38
4559,13,2,3.81,9.15
4559,28,2,3.72,4.03
4559,16,2,3.74,10.59
4560,17,3,1.92,3.29
4561,10,2,4.42,10.8
4561,29,2,4.07,6.06
4561,30,1,2.74,7.08
4561,3,2,2.36,4.4
4562,17,1,1.92,3.29
4562,19,3,1.85,7.49
4562,17,2,1.92,3.29
4562,5,2,4.39,8.43
4563,1,2,1.88,8.3
4563,3,3,2.36,4.4
4564,20,3,1.57,4.26
4564,15,3,1.65,6.42
4565,2,1,4.04,4.44
4565,13,2,3.81,9.15
4565,5,2,4.39,8.43
4566,8,1,3.31,9.34
4567,3,3,2.36,4.4
4567,23,1,3.04,3.82
4568,30,1,2.74,7.08
4569,9,3,3.65,9.96
4569,18,2,2.6,3.6
4569,11,3,2.11,8.72
4570,12,1,1.65,6.2
4570,19,2,1.85,7.49
4570,4,2,1.41,6.42
4571,30,2,2.74,7.08
4571,12,2,1.65,6.2
4571,23,3,3.04,3.82
4571,7,2,1.32,5.64
4572,21,3,3.99,6.86
4572,15,3,1.65,6.42
4573,13,2,3.81,9.15
4573,30,3,2.74,7.08
4573,14,1,3.44,4.54
4574,23,3,3.04,3.82
4574,18,2,2.6,3.6
4574,22,2,2.45,11.98
4575,22,2,2.45,11.98
4575,29,1,4.07,6.06
4575,23,1,3.04,3.82
4576,28,2,3.72,4.03
4576,30,3,2.74,7.08
4576,10,3,4.42,10.8
4577,13,3,3.81,9.15
4577,30,3,2.74,7.08
4578,27,1,3.12,11.74
4578,16,3,3.74,10.59
4578,15,1,1.65,6.42
4579,3,1,2.36,4.4
4580,22,3,2.45,11.98
4581,18,3,2.6,3.6
4581,15,1,1.65,6.42
4582,21,1,3.99,6.86
4582,19,1,1.85,7.49
4582,21,2,3.99,6.86
4583,27,3,3.12,11.74
4583,9,2,3.65,9.96
4583,23,1,3.04,3.82
4584,14,2,3.44,4.54
4584,7,3,1.32,5.64
4584,26,1,2.54,8.36
4585,10,1,4.42,10.8
4585,24,1,4.44,4.38
4586,9,1,3.65,9.96
4587,28,3,3.72,4.03
4587,25,3,4.17,6.8
4587,27,2,3.12,11.74
4588,5,2,4.39,8.43
4589,16,2,3.74,10.59
4590,6,3,3.92,7.83
4590,2,3,4.04,4.44
4591,1,2,1.88,8.3
4591,30,1,2.74,7.08
4591,3,1,2.36,4.4
4592,8,3,3.31,9.34
4592,11,3,2.11,8.72
4593,21,3,3.99,6.86
4593,8,2,3.31,9.34
4593,14,2,3.44,4.54
4593,11,2,2.11,8.72
4594,15,2,1.65,6.42
4594,16,1,3.74,10.59
4595,10,2,4.42,10.8
4596,4,2,1.41,6.42
4596,29,3,4.07,6.06
4596,8,3,3.31,9.34
4596,7,3,1.32,5.64
4597,23,1,3.04,3.82
4597,27,1,3.12,11.74
4597,3,2,2.36,4.4
4597,2,3,4.04,4.44
4598,19,1,1.85,7.49
4598,14,1,3.44,4.54
4599,17,1,1.92,3.29
4599,29,2,4.07,6.06
4599,26,2,2.54,8.36
4600,27,1,3.12,11.74
4601,5,2,4.39,8.43
4602,11,2,2.11,8.72
4602,22,1,2.45,11.98
4602,10,1,4.42,10.8
4603,6,1,3.92,7.83
4603,27,3,3.12,11.74
4604,2,1,4.04,4.44
4605,9,1,3.65,9.96
4605,13,2,3.81,9.15
4605,10,2,4.42,10.8
4605,7,1,1.32,5.64
4606,6,3,3.92,7.83
4606,25,3,4.17,6.8
4607,6,2,3.92,7.83
4607,13,3,3.81,9.15
4608,17,1,1.92,3.29
4608,28,3,3.72,4.03
4608,17,2,1.92,3.29
4608,30,3,2.74,7.08
4609,20,1,1.57,4.26
4610,1,1,1.88,8.3
4611,21,1,3.99,6.86
4611,11,3,2.11,8.72
4612,10,2,4.42,10.8
4612,12,3,1.65,6.2
4612,14,1,3.44,4.54
4613,21,1,3.99,6.86
4613,8,2,3.31,9.34
4613,9,2,3.65,9.96
4613,21,1,3.99,6.86
4614,21,3,3.99,6.86
4614,14,3,3.44,4.54
4614,10,1,4.42,10.8
4615,4,2,1.41,6.42
4615,11,2,2.11,8.72
4615,7,2,1.32,5.64
4616,26,3,2.54,8.36
4617,23,3,3.04,3.82
4617,12,3,1.65,6.2
4617,14,2,3.44,4.54
4618,15,3,1.65,6.42
4618,11,1,2.11,8.72
4619,21,1,3.99,6.86
4619,3,1,2.36,4.4
4619,19,1,1.85,7.49
4620,24,2,4.44,4.38
4621,27,3,3.12,11.74
4621,7,2,1.32,5.64
4621,21,1,3.99,6.86
4622,9,1,3.65,9.96
4623,2,1,4.04,4.44
4623,20,2,1.57,4.26
4624,5,1,4.39,8.43
4624,19,3,1.85,7.49
4624,5,1,4.39,8.43
4624,1,3,1.88,8.3
4625,20,1,1.57,4.26
4625,6,3,3.92,7.83
4626,29,1,4.07,6.06
4626,18,2,2.6,3.6
4626,1,2,1.88,8.3
4626,26,2,2.54,8.36
4627,18,1,2.6,3.6
4627,22,3,2.45,11.98
4627,10,2,4.42,10.8
4627,13,2,3.81,9.15
4628,10,2,4.42,10.8
4628,13,2,3.81,9.15
4629,14,3,3.44,4.54
4629,27,1,3.12,11.74
4630,29,3,4.07,6.06
4630,24,2,4.44,4.38
4631,11,3,2.11,8.72
4631,14,1,3.44,4.54
4632,19,1,1.85,7.49
4632,7,1,1.32,5.64
4632,11,2,2.11,8.72
4632,24,1,4.44,4.38
4633,16,1,3.74,10.59
4633,24,3,4.44,4.38
4634,9,3,3.65,9.96
4634,9,2,3.65,9.96
4635,4,2,1.41,6.42
4635,20,3,1.57,4.26
4635,24,2,4.44,4.38
4636,6,3,3.92,7.83
4636,27,3,3.12,11.74
4636,13,3,3.81,9.15
4636,24,3,4.44,4.38
4637,9,2,3.65,9.96
4637,20,2,1.57,4.26
4638,3,3,2.36,4.4
4638,14,3,3.44,4.54
4638,23,2,3.04,3.82
4639,9,1,3.65,9.96
4639,28,3,3.72,4.03
4639,18,1,2.6,3.6
4640,18,1,2.6,3.6
4640,4,2,1.41,6.42
4641,26,1,2.54,8.36
4642,21,3,3.99,6.86
4642,18,1,2.6,3.6
4643,3,2,2.36,4.4
4644,1,1,1.88,8.3
4644,21,1,3.99,6.86
4645,7,1,1.32,5.64
4645,30,1,2.74,7.08
4646,10,1,4.42,10.8
4647,6,1,3.92,7.83
4648,6,1,3.92,7.83
4648,27,1,3.12,11.74
4648,6,3,3.92,7.83
4648,12,3,1.65,6.2
4649,16,3,3.74,10.59
4649,11,2,2.11,8.72
4649,29,3,4.07,6.06
4649,23,3,3.04,3.82
4650,15,2,1.65,6.42
4651,28,2,3.72,4.03
4651,17,1,1.92,3.29
4651,9,1,3.65,9.96
4652,30,1,2.74,7.08
4652,11,2,2.11,8.72
4652,24,2,4.44,4.38
4653,15,3,1.65,6.42
4654,5,2,4.39,8.43
4655,2,1,4.04,4.44
4655,20,1,1.57,4.26
4655,22,3,2.45,11.98
4656,21,3,3.99,6.86
4656,19,3,1.85,7.49
4656,4,1,1.41,6.42
4657,1,2,1.88,8.3
4658,5,3,4.39,8.43
4658,24,2,4.44,4.38
4659,12,1,1.65,6.2
4659,21,1,3.99,6.86
4660,14,2,3.44,4.54
4661,6,2,3.92,7.83
4661,16,3,3.74,10.59
4662,17,1,1.92,3.29
4662,4,2,1.41,6.42
4662,30,2,2.74,7.08
4662,26,3,2.54,8.36
4663,6,2,3.92,7.83
4664,28,2,3.72,4.03
4664,25,1,4.17,6.8
4664,14,2,3.44,4.54
4664,8,1,3.31,9.34
4665,3,2,2.36,4.4
4665,22,2,2.45,11.98
4665,7,3,1.32,5.64
4666,3,3,2.36,4.4
4666,17,2,1.92,3.29
4667,11,2,2.11,8.72
4667,1,3,1.88,8.3
4667,9,3,3.65,9.96
4667,11,1,2.11,8.72
4668,8,2,3.31,9.34
4669,2,3,4.04,4.44
4669,1,3,1.88,8.3
4669,21,3,3.99,6.86
4669,8,1,3.31,9.34
4670,11,3,2.11,8.72
4671,16,1,3.74,10.59
4672,8,3,3.31,9.34
4672,5,3,4.39,8.43
4672,6,3,3.92,7.83
4672,1,1,1.88,8.3
4673,3,1,2.36,4.4
4674,14,1,3.44,4.54
4675,12,1,1.65,6.2
4676,3,1,2.36,4.4
4676,22,2,2.45,11.98
4676,21,3,3.99,6.86
4677,15,1,1.65,6.42
4678,19,2,1.85,7.49
4678,30,3,2.74,7.08
4678,18,2,2.6,3.6
4678,7,3,1.32,5.64
4679,24,3,4.44,4.38
4679,20,1,1.57,4.26
4679,10,3,4.42,10.8
4679,10,3,4.42,10.8
4680,19,1,1.85,7.49
4681,16,3,3.74,10.59
4681,13,2,3.81,9.15
4681,15,2,1.65,6.42
4681,29,1,4.07,6.06
4682,24,1,4.44,4.38
4682,4,2,1.41,6.42
4682,2,3,4.04,4.44
4682,5,1,4.39,8.43
4683,30,2,2.74,7.08
4684,22,1,2.45,11.98
4684,18,1,2.6,3.6
4685,15,3,1.65,6.42
4685,28,1,3.72,4.03
4685,15,2,1.65,6.42
4686,20,2,1.57,4.26
4687,26,1,2.54,8.36
4687,12,3,1.65,6.2
4687,17,2,1.92,3.29
4687,6,2,3.92,7.83
4688,21,3,3.99,6.86
4688,11,3,2.11,8.72
4689,1,3,1.88,8.3
4689,8,3,3.31,9.34
4689,17,2,1.92,3.29
4690,25,2,4.17,6.8
4690,10,3,4.42,10.8
4690,10,2,4.42,10.8
4691,11,3,2.11,8.72
4691,25,2,4.17,6.8
4692,18,3,2.6,3.6
4693,26,1,2.54,8.36
4693,16,1,3.74,10.59
4694,29,1,4.07,6.06
4694,13,3,3.81,9.15
4694,6,1,3.92,7.83
4695,9,1,3.65,9.96
4695,4,2,1.41,6.42
4696,9,3,3.65,9.96
4696,11,1,2.11,8.72
4697,6,1,3.92,7.83
4697,7,2,1.32,5.64
4697,15,1,1.65,6.42
4697,10,2,4.42,10.8
4698,7,2,1.32,5.64
4698,28,2,3.72,4.03
4698,30,1,2.74,7.08
4699,9,3,3.65,9.96
4699,9,2,3.65,9.96
4699,19,2,1.85,7.49
4700,21,3,3.99,6.86
4701,13,1,3.81,9.15
4701,17,1,1.92,3.29
4701,29,2,4.07,6.06
4702,30,2,2.74,7.08
4703,29,2,4.07,6.06
4703,22,2,2.45,11.98
4704,6,2,3.92,7.83
4704,15,3,1.65,6.42
4704,7,2,1.32,5.64
4704,7,3,1.32,5.64
4705,12,1,1.65,6.2
4706,9,2,3.65,9.96
4707,16,3,3.74,10.59
4707,6,3,3.92,7.83
4707,29,1,4.07,6.06
4708,9,2,3.65,9.96
4708,24,1,4.44,4.38
4709,9,2,3.65,9.96
4709,10,1,4.42,10.8
4710,7,3,1.32,5.64
4710,2,3,4.04,4.44
4710,3,2,2.36,4.4
4711,4,3,1.41,6.42
4711,1,2,1.88,8.3
4711,26,3,2.54,8.36
4711,21,2,3.99,6.86
4712,29,1,4.07,6.06
4713,13,2,3.81,9.15
4714,3,2,2.36,4.4
4714,19,1,1.85,7.49
4714,4,1,1.41,6.42
4714,29,1,4.07,6.06
4715,14,1,3.44,4.54
4716,30,2,2.74,7.08
4716,6,3,3.92,7.83
4717,4,1,1.41,6.42
4717,2,3,4.04,4.44
4718,5,2,4.39,8.43
4718,2,2,4.04,4.44
4718,20,2,1.57,4.26
4719,6,1,3.92,7.83
4719,30,1,2.74,7.08
4719,21,1,3.99,6.86
4720,9,2,3.65,9.96
4720,1,3,1.88,8.3
4721,23,3,3.04,3.82
4721,30,2,2.74,7.08
4722,6,3,3.92,7.83
4722,23,2,3.04,3.82
4722,24,3,4.44,4.38
4723,7,2,1.32,5.64
4723,23,3,3.04,3.82
4723,17,1,1.92,3.29
4723,19,1,1.85,7.49
4724,19,2,1.85,7.49
4724,22,3,2.45,11.98
4724,21,3,3.99,6.86
4724,28,1,3.72,4.03
4725,10,3,4.42,10.8
4725,21,1,3.99,6.86
4725,2,2,4.04,4.44
4725,19,1,1.85,7.49
4726,1,2,1.88,8.3
4726,27,1,3.12,11.74
4726,19,1,1.85,7.49
4727,17,2,1.92,3.29
4727,25,3,4.17,6.8
4728,28,3,3.72,4.03
4729,30,2,2.74,7.08
4729,1,2,1.88,8.3
4729,11,1,2.11,8.72
4729,26,1,2.54,8.36
4730,5,2,4.39,8.43
4730,6,3,3.92,7.83
4730,5,2,4.39,8.43
4731,29,1,4.07,6.06
4732,17,2,1.92,3.29
4733,11,1,2.11,8.72
4733,26,2,2.54,8.36
4734,2,2,4.04,4.44
4734,24,2,4.44,4.38
4734,30,3,2.74,7.08
4735,16,2,3.74,10.59
4735,18,3,2.6,3.6
4736,6,1,3.92,7.83
4737,15,3,1.65,6.42
4737,28,3,3.72,4.03
4737,2,1,4.04,4.44
4737,22,2,2.45,11.98
4738,19,3,1.85,7.49
4738,30,1,2.74,7.08
4738,20,2,1.57,4.26
4738,19,3,1.85,7.49
4739,16,2,3.74,10.59
4739,22,3,2.45,11.98
4739,30,3,2.74,7.08
4739,20,1,1.57,4.26
4740,9,1,3.65,9.96
4740,15,1,1.65,6.42
4740,2,3,4.04,4.44
4741,5,2,4.39,8.43
4742,29,2,4.07,6.06
4742,8,3,3.31,9.34
4742,18,2,2.6,3.6
4742,3,3,2.36,4.4
4743,23,1,3.04,3.82
4743,11,1,2.11,8.72
4743,20,2,1.57,4.26
4743,14,1,3.44,4.54
4744,9,1,3.65,9.96
4745,26,1,2.54,8.36
4745,7,2,1.32,5.64
4745,29,2,4.07,6.06
4745,3,1,2.36,4.4
4746,7,2,1.32,5.64
4746,5,3,4.39,8.43
4746,6,3,3.92,7.83
4746,13,2,3.81,9.15
4747,10,1,4.42,10.8
4748,8,1,3.31,9.34
4749,10,1,4.42,10.8
4749,17,3,1.92,3.29
4749,10,1,4.42,10.8
4750,22,1,2.45,11.98
4750,21,3,3.99,6.86
4751,24,1,4.44,4.38
4752,16,3,3.74,10.59
4752,24,2,4.44,4.38
4752,16,2,3.74,10.59
4752,26,2,2.54,8.36
4753,13,2,3.81,9.15
4753,12,2,1.65,6.2
4753,10,2,4.42,10.8
4753,20,1,1.57,4.26
4754,26,3,2.54,8.36
4754,9,1,3.65,9.96
4754,12,3,1.65,6.2
4755,20,1,1.57,4.26
4755,19,2,1.85,7.49
4755,12,1,1.65,6.2
4755,8,1,3.31,9.34
4756,7,2,1.32,5.64
4757,24,1,4.44,4.38
4757,15,1,1.65,6.42
4757,5,2,4.39,8.43
4758,1,2,1.88,8.3
4758,15,2,1.65,6.42
4758,23,1,3.04,3.82
4758,11,3,2.11,8.72
4759,14,1,3.44,4.54
4759,4,2,1.41,6.42
4759,10,3,4.42,10.8
4759,8,3,3.31,9.34
4760,8,1,3.31,9.34
4760,6,3,3.92,7.83
4760,10,1,4.42,10.8
4760,14,3,3.44,4.54
4761,6,3,3.92,7.83
4761,2,1,4.04,4.44
4761,8,3,3.31,9.34
4762,15,1,1.65,6.42
4762,6,2,3.92,7.83
4762,18,1,2.6,3.6
4762,18,2,2.6,3.6
4763,19,3,1.85,7.49
4764,13,3,3.81,9.15
4765,11,2,2.11,8.72
4765,22,2,2.45,11.98
4765,10,2,4.42,10.8
4766,27,3,3.12,11.74
4766,1,1,1.88,8.3
4767,28,1,3.72,4.03
4767,29,3,4.07,6.06
4767,17,2,1.92,3.29
4768,16,1,3.74,10.59
4768,26,1,2.54,8.36
4768,17,3,1.92,3.29
4769,25,1,4.17,6.8
4769,4,3,1.41,6.42
4769,10,2,4.42,10.8
4770,14,2,3.44,4.54
4770,5,3,4.39,8.43
4771,2,3,4.04,4.44
4772,29,3,4.07,6.06
4772,2,3,4.04,4.44
4772,16,1,3.74,10.59
4772,9,3,3.65,9.96
4773,4,1,1.41,6.42
4773,22,2,2.45,11.98
4773,1,3,1.88,8.3
4773,16,3,3.74,10.59
4774,12,2,1.65,6.2
4774,11,1,2.11,8.72
4774,16,2,3.74,10.59
4775,28,1,3.72,4.03
4775,25,3,4.17,6.8
4776,12,3,1.65,6.2
4777,12,2,1.65,6.2
4778,22,2,2.45,11.98
4778,3,2,2.36,4.4
4778,14,3,3.44,4.54
4778,19,2,1.85,7.49
4779,13,2,3.81,9.15
4779,14,3,3.44,4.54
4780,4,3,1.41,6.42
4780,14,1,3.44,4.54
4780,28,1,3.72,4.03
4781,7,1,1.32,5.64
4781,5,2,4.39,8.43
4781,30,2,2.74,7.08
4781,30,1,2.74,7.08
4782,3,3,2.36,4.4
4782,5,1,4.39,8.43
4782,5,3,4.39,8.43
4782,23,2,3.04,3.82
4783,19,2,1.85,7.49
4783,18,2,2.6,3.6
4783,17,2,1.92,3.29
4783,19,3,1.85,7.49
4784,30,1,2.74,7.08
4784,2,2,4.04,4.44
4784,6,2,3.92,7.83
4784,21,1,3.99,6.86
4785,6,2,3.92,7.83
4785,27,3,3.12,11.74
4786,1,1,1.88,8.3
4786,5,2,4.39,8.43
4787,16,2,3.74,10.59
4788,19,3,1.85,7.49
4789,22,2,2.45,11.98
4789,8,2,3.31,9.34
4789,1,2,1.88,8.3
4790,7,2,1.32,5.64
4790,14,2,3.44,4.54
4790,7,3,1.32,5.64
4790,24,2,4.44,4.38
4791,6,3,3.92,7.83
4791,17,2,1.92,3.29
4791,26,1,2.54,8.36
4792,7,3,1.32,5.64
4793,25,1,4.17,6.8
4793,10,3,4.42,10.8
4794,7,3,1.32,5.64
4794,26,2,2.54,8.36
4794,5,3,4.39,8.43
4794,24,1,4.44,4.38
4795,18,3,2.6,3.6
4796,22,2,2.45,11.98
4797,18,2,2.6,3.6
4798,21,1,3.99,6.86
4799,26,3,2.54,8.36
4799,1,1,1.88,8.3
4799,21,2,3.99,6.86
4799,14,2,3.44,4.54
4800,16,1,3.74,10.59
4800,17,1,1.92,3.29
4800,21,1,3.99,6.86
4801,11,1,2.11,8.72
4801,7,1,1.32,5.64
4801,22,2,2.45,11.98
4802,1,1,1.88,8.3
4802,16,2,3.74,10.59
4802,7,2,1.32,5.64
4803,23,2,3.04,3.82
4803,24,2,4.44,4.38
4804,15,1,1.65,6.42
4804,19,3,1.85,7.49
4804,11,1,2.11,8.72
4804,27,3,3.12,11.74
4805,18,1,2.6,3.6
4805,15,1,1.65,6.42
4805,5,3,4.39,8.43
4805,28,2,3.72,4.03
4806,26,3,2.54,8.36
4806,20,1,1.57,4.26
4806,17,2,1.92,3.29
4807,17,3,1.92,3.29
4807,29,1,4.07,6.06
4808,9,3,3.65,9.96
4809,19,1,1.85,7.49
4809,8,2,3.31,9.34
4809,24,1,4.44,4.38
4810,27,2,3.12,11.74
4810,5,3,4.39,8.43
4810,29,1,4.07,6.06
4810,5,3,4.39,8.43
4811,23,3,3.04,3.82
4811,22,1,2.45,11.98
4811,29,1,4.07,6.06
4812,7,3,1.32,5.64
4812,28,3,3.72,4.03
4812,27,2,3.12,11.74
4813,3,3,2.36,4.4
4813,29,1,4.07,6.06
4813,30,3,2.74,7.08
4813,18,2,2.6,3.6
4814,23,3,3.04,3.82
4815,24,2,4.44,4.38
4815,24,2,4.44,4.38
4815,17,1,1.92,3.29
4816,30,3,2.74,7.08
4816,25,1,4.17,6.8
4816,13,1,3.81,9.15
4817,21,2,3.99,6.86
4817,1,2,1.88,8.3
4818,14,1,3.44,4.54
4818,23,3,3.04,3.82
4819,1,3,1.88,8.3
4819,5,1,4.39,8.43
4820,3,1,2.36,4.4
4821,13,2,3.81,9.15
4821,14,1,3.44,4.54
4821,15,1,1.65,6.42
4821,1,1,1.88,8.3
4822,29,2,4.07,6.06
4822,12,2,1.65,6.2
4823,12,2,1.65,6.2
4824,16,2,3.74,10.59
4824,2,2,4.04,4.44
4824,9,2,3.65,9.96
4824,27,2,3.12,11.74
4825,9,3,3.65,9.96
4825,20,1,1.57,4.26
4825,19,3,1.85,7.49
4825,11,2,2.11,8.72
4826,24,1,4.44,4.38
4826,23,3,3.04,3.82
4826,2,2,4.04,4.44
4826,17,3,1.92,3.29
4827,11,1,2.11,8.72
4827,4,1,1.41,6.42
4828,9,2,3.65,9.96
4828,25,3,4.17,6.8
4828,29,1,4.07,6.06
4829,10,1,4.42,10.8
4830,27,2,3.12,11.74
4831,3,3,2.36,4.4
4832,17,3,1.92,3.29
4832,11,2,2.11,8.72
4833,10,1,4.42,10.8
4833,28,2,3.72,4.03
4833,25,3,4.17,6.8
4833,8,3,3.31,9.34
4834,7,1,1.32,5.64
4835,3,3,2.36,4.4
4835,8,1,3.31,9.34
4835,4,1,1.41,6.42
4835,1,2,1.88,8.3
4836,12,3,1.65,6.2
4836,3,1,2.36,4.4
4837,25,2,4.17,6.8
4837,20,2,1.57,4.26
4838,3,1,2.36,4.4
4838,11,3,2.11,8.72
4838,15,3,1.65,6.42
4839,18,3,2.6,3.6
4839,23,2,3.04,3.82
4840,21,2,3.99,6.86
4841,29,1,4.07,6.06
4841,29,1,4.07,6.06
4841,25,2,4.17,6.8
4842,18,1,2.6,3.6
4842,18,2,2.6,3.6
4842,10,2,4.42,10.8
4842,22,3,2.45,11.98
4843,14,1,3.44,4.54
4843,6,3,3.92,7.83
4844,6,2,3.92,7.83
4845,16,1,3.74,10.59
4846,18,2,2.6,3.6
4847,27,2,3.12,11.74
4848,27,2,3.12,11.74
4848,13,2,3.81,9.15
4848,16,1,3.74,10.59
4848,19,1,1.85,7.49
4849,30,1,2.74,7.08
4850,9,1,3.65,9.96
4850,12,3,1.65,6.2
4850,20,1,1.57,4.26
4850,8,3,3.31,9.34
4851,15,2,1.65,6.42
4851,17,2,1.92,3.29
4851,4,3,1.41,6.42
4851,28,3,3.72,4.03
4852,13,2,3.81,9.15
4852,11,2,2.11,8.72
4853,16,2,3.74,10.59
4853,23,2,3.04,3.82
4853,4,3,1.41,6.42
4853,24,2,4.44,4.38
4854,12,2,1.65,6.2
4854,24,2,4.44,4.38
4855,28,2,3.72,4.03
4855,5,3,4.39,8.43
4856,23,1,3.04,3.82
4857,11,3,2.11,8.72
4858,3,2,2.36,4.4
4858,15,2,1.65,6.42
4858,10,3,4.42,10.8
4859,22,2,2.45,11.98
4860,17,3,1.92,3.29
4860,7,1,1.32,5.64
4861,6,2,3.92,7.83
4862,30,3,2.74,7.08
4862,10,3,4.42,10.8
4863,25,3,4.17,6.8
4863,19,1,1.85,7.49
4864,9,2,3.65,9.96
4864,15,1,1.65,6.42
4865,28,3,3.72,4.03
4865,21,1,3.99,6.86
4865,13,1,3.81,9.15
4865,18,3,2.6,3.6
4866,22,3,2.45,11.98
4866,28,1,3.72,4.03
4866,15,1,1.65,6.42
4867,23,3,3.04,3.82
4867,17,3,1.92,3.29
4868,14,3,3.44,4.54
4868,26,1,2.54,8.36
4868,29,1,4.07,6.06
4868,21,2,3.99,6.86
4869,16,3,3.74,10.59
4869,25,2,4.17,6.8
4869,25,3,4.17,6.8
4870,30,1,2.74,7.08
4870,26,3,2.54,8.36
4871,25,3,4.17,6.8
4872,28,2,3.72,4.03
4873,28,3,3.72,4.03
4873,4,3,1.41,6.42
4873,12,2,1.65,6.2
4874,11,3,2.11,8.72
4874,29,3,4.07,6.06
4875,29,1,4.07,6.06
4876,29,1,4.07,6.06
4876,17,1,1.92,3.29
4877,28,3,3.72,4.03
4877,1,2,1.88,8.3
4877,15,3,1.65,6.42
4878,27,3,3.12,11.74
4878,19,3,1.85,7.49
4878,14,3,3.44,4.54
4878,5,1,4.39,8.43
4879,6,3,3.92,7.83
4879,14,3,3.44,4.54
4879,11,2,2.11,8.72
4879,10,3,4.42,10.8
4880,22,3,2.45,11.98
4881,1,3,1.88,8.3
4881,6,2,3.92,7.83
4882,13,2,3.81,9.15
4882,30,3,2.74,7.08
4882,7,2,1.32,5.64
4883,1,3,1.88,8.3
4883,10,2,4.42,10.8
4884,29,1,4.07,6.06
4884,17,1,1.92,3.29
4884,8,1,3.31,9.34
4884,23,2,3.04,3.82
4885,26,3,2.54,8.36
4885,16,2,3.74,10.59
4885,19,1,1.85,7.49
4886,28,3,3.72,4.03
4886,2,1,4.04,4.44
4887,8,2,3.31,9.34
4887,14,1,3.44,4.54
4887,25,1,4.17,6.8
4887,17,2,1.92,3.29
4888,10,1,4.42,10.8
4889,6,3,3.92,7.83
4889,12,1,1.65,6.2
4890,17,2,1.92,3.29
4890,3,1,2.36,4.4
4890,13,3,3.81,9.15
4891,28,2,3.72,4.03
4891,29,1,4.07,6.06
4892,15,2,1.65,6.42
4893,30,3,2.74,7.08
4894,3,1,2.36,4.4
4894,14,2,3.44,4.54
4894,21,2,3.99,6.86
4895,30,1,2.74,7.08
4895,14,2,3.44,4.54
4896,29,1,4.07,6.06
4896,25,3,4.17,6.8
4897,15,1,1.65,6.42
4898,20,3,1.57,4.26
4898,12,1,1.65,6.2
4899,27,2,3.12,11.74
4900,8,1,3.31,9.34
4900,22,1,2.45,11.98
4900,25,1,4.17,6.8
4901,19,2,1.85,7.49
4901,12,2,1.65,6.2
4901,24,1,4.44,4.38
4901,6,3,3.92,7.83
4902,1,1,1.88,8.3
4902,17,3,1.92,3.29
4903,5,1,4.39,8.43
4903,28,2,3.72,4.03
4903,28,2,3.72,4.03
4904,6,2,3.92,7.83
4904,2,2,4.04,4.44
4904,25,1,4.17,6.8
4904,16,3,3.74,10.59
4905,8,3,3.31,9.34
4906,12,1,1.65,6.2
4906,24,1,4.44,4.38
4907,26,1,2.54,8.36
4907,18,1,2.6,3.6
4908,25,3,4.17,6.8
4909,7,3,1.32,5.64
4909,19,3,1.85,7.49
4909,9,1,3.65,9.96
4910,8,1,3.31,9.34
4910,17,2,1.92,3.29
4911,21,1,3.99,6.86
4911,27,1,3.12,11.74
4911,19,3,1.85,7.49
4911,2,3,4.04,4.44
4912,25,2,4.17,6.8
4913,19,1,1.85,7.49
4913,27,2,3.12,11.74
4913,4,3,1.41,6.42
4914,6,1,3.92,7.83
4914,2,3,4.04,4.44
4914,2,2,4.04,4.44
4914,9,2,3.65,9.96
4915,23,1,3.04,3.82
4916,1,1,1.88,8.3
4917,30,3,2.74,7.08
4917,13,2,3.81,9.15
4917,22,2,2.45,11.98
4918,13,2,3.81,9.15
4918,1,2,1.88,8.3
4918,5,1,4.39,8.43
4918,13,2,3.81,9.15
4919,4,1,1.41,6.42
4919,1,3,1.88,8.3
4919,4,3,1.41,6.42
4920,17,3,1.92,3.29
4920,5,2,4.39,8.43
4921,1,2,1.88,8.3
4921,7,3,1.32,5.64
4921,8,2,3.31,9.34
4922,20,3,1.57,4.26
4922,11,2,2.11,8.72
4922,15,2,1.65,6.42
4922,5,3,4.39,8.43
4923,7,3,1.32,5.64
4924,17,1,1.92,3.29
4924,15,2,1.65,6.42
4924,5,2,4.39,8.43
4924,27,3,3.12,11.74
4925,13,2,3.81,9.15
4925,6,3,3.92,7.83
4925,27,3,3.12,11.74
4925,8,3,3.31,9.34
4926,8,3,3.31,9.34
4926,12,1,1.65,6.2
4926,24,3,4.44,4.38
4927,7,1,1.32,5.64
4927,20,3,1.57,4.26
4927,27,2,3.12,11.74
4928,9,3,3.65,9.96
4929,9,3,3.65,9.96
4929,16,1,3.74,10.59
4929,22,3,2.45,11.98
4930,25,3,4.17,6.8
4930,20,1,1.57,4.26
4930,19,2,1.85,7.49
4931,12,2,1.65,6.2
4931,28,2,3.72,4.03
4931,19,2,1.85,7.49
4932,25,1,4.17,6.8
4933,16,1,3.74,10.59
4933,30,2,2.74,7.08
4933,18,3,2.6,3.6
4934,10,1,4.42,10.8
4935,29,1,4.07,6.06
4935,2,2,4.04,4.44
4935,28,3,3.72,4.03
4936,22,2,2.45,11.98
4936,26,1,2.54,8.36
4936,22,3,2.45,11.98
4936,14,3,3.44,4.54
4937,6,1,3.92,7.83
4937,14,1,3.44,4.54
4937,10,1,4.42,10.8
4937,4,1,1.41,6.42
4938,15,1,1.65,6.42
4938,5,2,4.39,8.43
4938,11,2,2.11,8.72
4938,23,1,3.04,3.82
4939,6,2,3.92,7.83
4940,20,2,1.57,4.26
4941,24,3,4.44,4.38
4942,7,2,1.32,5.64
4942,23,1,3.04,3.82
4942,2,3,4.04,4.44
4943,4,3,1.41,6.42
4943,11,2,2.11,8.72
4944,27,1,3.12,11.74
4944,14,3,3.44,4.54
4944,27,2,3.12,11.74
4944,9,3,3.65,9.96
4945,2,3,4.04,4.44
4946,2,1,4.04,4.44
4946,8,1,3.31,9.34
4946,2,3,4.04,4.44
4946,14,2,3.44,4.54
4947,19,2,1.85,7.49
4947,17,3,1.92,3.29
4948,24,2,4.44,4.38
4948,5,2,4.39,8.43
4948,30,1,2.74,7.08
4949,29,2,4.07,6.06
4949,4,3,1.41,6.42
4950,21,2,3.99,6.86
4950,9,2,3.65,9.96
4950,24,2,4.44,4.38
4950,17,2,1.92,3.29
4951,27,3,3.12,11.74
4952,21,3,3.99,6.86
4952,19,1,1.85,7.49
4952,26,2,2.54,8.36
4953,7,3,1.32,5.64
4953,13,1,3.81,9.15
4953,25,3,4.17,6.8
4954,9,1,3.65,9.96
4955,10,1,4.42,10.8
4956,28,2,3.72,4.03
4956,15,2,1.65,6.42
4956,5,2,4.39,8.43
4956,25,1,4.17,6.8
4957,4,2,1.41,6.42
4957,14,1,3.44,4.54
4957,24,2,4.44,4.38
4957,1,2,1.88,8.3
4958,23,2,3.04,3.82
4959,30,3,2.74,7.08
4959,14,2,3.44,4.54
4959,13,1,3.81,9.15
4959,30,1,2.74,7.08
4960,8,1,3.31,9.34
4960,13,3,3.81,9.15
4960,8,3,3.31,9.34
4961,9,2,3.65,9.96
4961,5,2,4.39,8.43
4961,14,1,3.44,4.54
4961,27,2,3.12,11.74
4962,21,1,3.99,6.86
4962,22,1,2.45,11.98
4963,11,3,2.11,8.72
4964,8,2,3.31,9.34
4965,3,1,2.36,4.4
4965,5,3,4.39,8.43
4966,14,2,3.44,4.54
4966,11,2,2.11,8.72
4966,21,1,3.99,6.86
4966,11,1,2.11,8.72
4967,19,2,1.85,7.49
4967,8,2,3.31,9.34
4967,8,3,3.31,9.34
4967,6,3,3.92,7.83
4968,12,3,1.65,6.2
4969,15,1,1.65,6.42
4969,6,1,3.92,7.83
4969,8,2,3.31,9.34
4970,10,2,4.42,10.8
4970,11,2,2.11,8.72
4970,5,2,4.39,8.43
4970,4,2,1.41,6.42
4971,22,2,2.45,11.98
4971,16,1,3.74,10.59
4971,12,1,1.65,6.2
4972,29,2,4.07,6.06
4972,10,1,4.42,10.8
4972,5,1,4.39,8.43
4972,11,3,2.11,8.72
4973,20,1,1.57,4.26
4973,28,2,3.72,4.03
4973,8,2,3.31,9.34
4973,14,1,3.44,4.54
4974,3,2,2.36,4.4
4974,3,2,2.36,4.4
4974,26,3,2.54,8.36
4975,16,3,3.74,10.59
4975,9,3,3.65,9.96
4976,26,1,2.54,8.36
4976,9,2,3.65,9.96
4976,26,2,2.54,8.36
4976,17,3,1.92,3.29
4977,14,3,3.44,4.54
4977,6,1,3.92,7.83
4977,7,2,1.32,5.64
4977,14,1,3.44,4.54
4978,5,3,4.39,8.43
4978,26,2,2.54,8.36
4978,25,2,4.17,6.8
4979,29,2,4.07,6.06
4979,2,3,4.04,4.44
4979,22,3,2.45,11.98
4980,6,3,3.92,7.83
4981,2,3,4.04,4.44
4981,20,3,1.57,4.26
4981,9,1,3.65,9.96
4982,26,1,2.54,8.36
4983,1,3,1.88,8.3
4983,1,3,1.88,8.3
4984,11,3,2.11,8.72
4985,1,1,1.88,8.3
4985,7,2,1.32,5.64
4985,23,1,3.04,3.82
4986,11,2,2.11,8.72
4987,21,1,3.99,6.86
4988,14,3,3.44,4.54
4989,29,1,4.07,6.06
4990,27,2,3.12,11.74
4990,25,2,4.17,6.8
4990,5,3,4.39,8.43
4990,4,1,1.41,6.42
4991,25,1,4.17,6.8
4991,2,2,4.04,4.44
4991,27,2,3.12,11.74
4991,20,3,1.57,4.26
4992,28,1,3.72,4.03
4993,8,1,3.31,9.34
4994,14,3,3.44,4.54
4994,12,2,1.65,6.2
4994,23,1,3.04,3.82
4995,7,1,1.32,5.64
4996,10,1,4.42,10.8
4997,13,2,3.81,9.15
4998,29,3,4.07,6.06
4998,23,3,3.04,3.82
4999,1,2,1.88,8.3
4999,5,2,4.39,8.43
5000,14,1,3.44,4.54
5000,29,1,4.07,6.06
