order_id,order_date,customer_id,store_id,channel
1,2025-05-25,387,4,web
2,2026-04-11,189,5,phone
3,2025-12-02,469,10,delivery
4,2025-11-06,333,7,dine-in
5,2025-04-29,50,4,phone
6,2026-03-06,301,3,web
7,2026-02-22,481,5,dine-in
8,2025-04-12,352,6,phone
9,2025-04-04,340,4,phone
10,2025-09-07,65,10,delivery
11,2025-08-01,301,4,delivery
12,2025-05-29,67,9,app
13,2025-05-15,8,6,delivery
14,2026-03-08,270,2,dine-in
15,2025-02-14,373,9,app
16,2025-04-21,252,8,dine-in
17,2025-06-01,34,3,app
18,2026-03-17,51,2,phone
19,2026-02-28,174,8,web
20,2025-06-06,352,8,dine-in
21,2025-04-06,222,2,app
22,2025-12-04,344,2,web
23,2025-02-22,496,5,phone
24,2026-05-09,115,2,app
25,2025-01-27,312,5,dine-in
26,2025-12-14,180,1,delivery
27,2025-05-26,380,1,dine-in
28,2025-06-11,190,5,app
29,2025-06-09,81,10,dine-in
30,2026-03-11,249,10,web
31,2025-10-18,348,10,web
32,2025-07-29,155,4,delivery
33,2026-03-17,90,3,web
34,2025-12-29,37,7,dine-in
35,2026-02-19,364,7,app
36,2025-11-29,88,10,web
37,2026-02-15,269,2,web
38,2025-03-20,262,2,phone
39,2025-06-01,121,2,delivery
40,2025-03-19,91,8,web
41,2025-11-20,78,8,dine-in
42,2025-03-17,159,8,web
43,2025-10-21,40,2,phone
44,2025-07-12,165,10,web
45,2025-03-28,259,3,dine-in
46,2026-06-20,313,3,app
47,2025-02-23,405,6,dine-in
48,2025-06-03,171,2,phone
49,2026-02-06,67,10,dine-in
50,2026-06-24,48,7,phone
51,2026-05-13,99,4,delivery
52,2026-06-04,395,9,phone
53,2025-05-15,306,7,delivery
54,2025-06-19,370,8,dine-in
55,2026-04-05,120,9,delivery
56,2026-03-28,237,5,web
57,2026-05-08,448,6,phone
58,2025-05-08,146,2,delivery
59,2026-04-07,453,6,dine-in
60,2025-08-18,15,6,dine-in
61,2025-05-23,389,8,web
62,2025-01-20,132,4,delivery
63,2026-04-14,33,2,web
64,2025-09-05,368,3,app
65,2025-03-29,269,6,dine-in
66,2025-02-14,326,7,app
67,2025-04-17,396,10,app
68,2025-06-29,426,8,web
69,2026-04-14,19,5,delivery
70,2025-02-12,162,5,phone
71,2026-01-01,442,1,app
72,2026-01-31,174,3,web
73,2025-07-04,280,5,app
74,2025-10-30,157,8,phone
75,2026-03-22,141,1,dine-in
76,2026-03-25,18,3,dine-in
77,2026-01-28,487,10,dine-in
78,2026-03-31,391,2,phone
79,2025-10-13,128,2,dine-in
80,2025-05-01,135,5,web
81,2025-07-24,63,3,dine-in
82,2025-12-22,364,2,phone
83,2025-06-28,407,6,phone
84,2025-08-31,405,8,dine-in
85,2025-05-13,314,2,dine-in
86,2026-02-24,422,10,dine-in
87,2026-04-23,349,9,app
88,2025-07-06,394,3,web
89,2026-06-15,79,5,delivery
90,2026-06-16,459,5,dine-in
91,2025-11-07,315,9,dine-in
92,2025-12-12,432,10,dine-in
93,2025-09-29,334,4,phone
94,2025-11-06,248,4,web
95,2026-03-02,248,8,delivery
96,2025-12-20,500,7,delivery
97,2025-05-06,137,8,delivery
98,2026-03-05,128,3,app
99,2025-11-12,255,1,dine-in
100,2025-10-16,254,10,web
101,2025-09-28,373,6,web
102,2026-01-07,284,5,dine-in
103,2025-05-02,66,2,web
104,2025-07-23,309,9,web
105,2025-05-21,366,6,web
106,2025-11-23,84,7,phone
107,2025-11-03,244,1,app
108,2025-01-28,306,8,app
109,2025-06-24,269,10,web
110,2025-04-23,98,1,web
111,2026-05-29,397,10,web
112,2026-06-16,107,9,app
113,2025-12-29,347,5,phone
114,2025-08-01,354,8,app
115,2026-01-24,459,7,app
116,2025-03-22,178,8,app
117,2025-05-21,56,10,phone
118,2025-08-20,327,4,dine-in
119,2026-04-29,52,3,dine-in
120,2026-05-04,334,4,app
121,2025-08-26,274,1,delivery
122,2025-07-10,480,5,dine-in
123,2025-04-20,476,6,app
124,2026-04-25,140,4,dine-in
125,2025-07-10,8,6,app
126,2026-02-20,424,7,phone
127,2026-05-04,166,4,dine-in
128,2025-01-12,134,6,delivery
129,2026-04-22,158,3,web
130,2025-08-15,113,3,web
131,2026-03-02,360,9,web
132,2025-03-25,270,8,phone
133,2026-06-02,104,10,phone
134,2026-03-29,60,4,phone
135,2026-04-13,289,1,phone
136,2025-08-12,297,2,dine-in
137,2025-02-02,147,7,delivery
138,2026-03-07,192,7,web
139,2025-12-23,61,3,phone
140,2025-11-02,238,9,web
141,2025-04-26,17,7,phone
142,2025-03-10,52,10,dine-in
143,2026-03-26,120,9,delivery
144,2025-10-24,120,10,app
145,2025-08-15,212,5,app
146,2025-06-29,321,7,phone
147,2026-03-03,210,3,app
148,2025-05-28,413,8,dine-in
149,2025-12-05,332,2,web
150,2026-01-22,345,10,phone
151,2025-07-12,412,10,phone
152,2025-11-07,490,1,delivery
153,2025-09-06,357,10,delivery
154,2026-01-03,158,5,app
155,2026-01-15,161,7,dine-in
156,2026-03-04,152,3,delivery
157,2025-12-12,132,8,web
158,2026-05-16,95,9,dine-in
159,2025-02-19,392,1,web
160,2025-06-04,5,4,phone
161,2026-05-15,9,1,phone
162,2026-05-30,417,7,delivery
163,2026-06-21,77,4,delivery
164,2026-02-20,236,10,delivery
165,2025-02-02,48,7,web
166,2026-05-27,433,7,app
167,2025-02-13,118,4,phone
168,2025-02-03,92,6,dine-in
169,2026-02-12,476,2,app
170,2025-12-06,197,3,dine-in
171,2025-12-15,310,10,phone
172,2025-12-31,284,7,web
173,2025-03-29,396,10,app
174,2025-06-07,195,3,web
175,2026-01-04,390,5,dine-in
176,2026-06-09,209,2,dine-in
177,2025-04-06,306,10,app
178,2025-09-06,293,9,delivery
179,2025-06-21,223,5,web
180,2026-05-23,305,10,delivery
181,2026-01-25,412,6,web
182,2025-07-25,246,6,delivery
183,2025-11-30,193,5,web
184,2025-01-28,488,8,delivery
185,2025-05-23,325,5,delivery
186,2025-03-17,230,10,web
187,2025-03-29,56,4,app
188,2026-02-14,496,6,web
189,2025-09-22,114,9,phone
190,2026-05-28,78,6,dine-in
191,2025-11-16,176,8,delivery
192,2025-03-10,154,1,dine-in
193,2025-04-22,347,3,delivery
194,2026-03-13,491,8,delivery
195,2025-07-22,231,10,web
196,2025-04-15,410,9,delivery
197,2026-05-17,271,6,phone
198,2025-06-26,417,5,phone
199,2025-11-17,61,4,app
200,2025-05-25,262,7,web
201,2026-05-14,326,9,delivery
202,2025-11-19,432,8,phone
203,2025-01-10,249,3,delivery
204,2026-03-31,251,3,dine-in
205,2025-10-27,17,5,delivery
206,2026-06-08,58,10,dine-in
207,2026-03-28,280,4,web
208,2025-09-11,153,1,web
209,2025-08-03,416,10,app
210,2025-12-26,273,5,phone
211,2025-10-01,488,9,dine-in
212,2025-10-11,444,3,delivery
213,2026-02-07,251,3,phone
214,2025-04-06,207,9,app
215,2025-04-06,375,8,app
216,2026-02-12,112,7,delivery
217,2026-05-12,404,6,dine-in
218,2026-04-16,9,2,delivery
219,2025-11-06,82,5,dine-in
220,2025-06-19,27,7,app
221,2025-04-08,1,4,web
222,2025-08-20,266,8,dine-in
223,2025-05-04,441,7,delivery
224,2026-01-12,452,5,delivery
225,2025-01-09,313,3,web
226,2026-03-30,441,4,dine-in
227,2026-01-29,180,7,app
228,2025-09-12,284,10,phone
229,2025-07-30,266,10,phone
230,2025-02-25,402,4,web
231,2026-01-05,479,6,delivery
232,2025-03-16,9,10,dine-in
233,2025-02-10,473,1,web
234,2026-02-16,43,9,phone
235,2026-06-08,472,4,delivery
236,2025-03-09,159,7,delivery
237,2026-03-21,60,8,phone
238,2025-06-29,62,1,delivery
239,2025-12-22,268,9,app
240,2025-05-01,395,1,app
241,2026-05-24,234,9,app
242,2025-06-20,189,3,app
243,2025-04-29,117,9,dine-in
244,2025-09-08,24,8,app
245,2026-03-06,115,6,delivery
246,2025-05-03,258,1,delivery
247,2025-03-12,450,8,app
248,2025-07-25,150,10,app
249,2025-07-20,376,9,delivery
250,2025-12-21,326,1,app
251,2026-01-21,435,5,dine-in
252,2025-03-03,498,3,app
253,2026-06-17,212,6,web
254,2026-06-02,69,7,dine-in
255,2025-05-14,122,5,app
256,2026-04-09,140,4,dine-in
257,2025-04-19,85,8,web
258,2026-04-08,158,8,app
259,2025-11-08,424,10,dine-in
260,2025-09-12,496,6,web
261,2025-09-24,420,3,dine-in
262,2025-04-15,412,3,dine-in
263,2025-05-14,102,7,app
264,2025-09-23,470,2,dine-in
265,2026-03-31,415,3,dine-in
266,2026-03-20,421,7,web
267,2026-03-13,89,6,delivery
268,2025-02-05,315,10,phone
269,2026-05-06,32,2,app
270,2025-01-20,196,6,web
271,2025-11-23,306,4,dine-in
272,2025-08-27,499,3,dine-in
273,2025-02-27,392,4,phone
274,2026-01-03,468,10,dine-in
275,2025-11-13,90,8,dine-in
276,2025-08-13,11,9,web
277,2025-07-26,413,3,app
278,2025-06-01,301,3,dine-in
279,2025-04-14,173,5,app
280,2026-05-14,333,6,delivery
281,2025-10-29,66,3,dine-in
282,2025-08-15,328,10,dine-in
283,2025-04-01,421,6,web
284,2025-09-13,355,2,app
285,2026-03-25,376,7,delivery
286,2025-08-19,84,8,dine-in
287,2025-11-23,134,2,dine-in
288,2025-04-06,174,10,phone
289,2025-06-10,28,2,app
290,2025-09-29,339,5,app
291,2026-05-18,79,1,app
292,2025-10-29,422,10,web
293,2025-10-26,42,8,dine-in
294,2025-09-29,47,9,web
295,2026-04-02,23,5,web
296,2025-04-10,44,6,phone
297,2026-03-05,495,9,web
298,2025-02-05,258,10,phone
299,2025-08-05,414,4,delivery
300,2026-03-22,104,3,phone
301,2026-02-11,283,6,app
302,2025-04-26,213,3,delivery
303,2025-04-14,403,5,phone
304,2026-04-30,20,3,app
305,2025-12-06,354,4,dine-in
306,2025-11-15,144,8,dine-in
307,2025-11-25,138,7,phone
308,2025-08-05,468,7,web
309,2026-06-03,207,3,phone
310,2025-07-25,429,1,delivery
311,2026-01-05,361,4,app
312,2025-02-01,124,6,web
313,2025-04-03,146,1,web
314,2025-08-08,439,4,delivery
315,2025-01-21,443,1,web
316,2025-08-18,130,10,app
317,2025-08-12,239,5,phone
318,2025-10-17,153,2,web
319,2025-11-29,442,5,app
320,2026-02-18,339,6,delivery
321,2025-10-30,133,7,web
322,2025-08-16,352,9,web
323,2025-07-05,151,2,web
324,2025-07-07,485,6,dine-in
325,2026-03-07,404,6,app
326,2025-03-14,242,4,phone
327,2026-01-26,272,5,web
328,2025-05-21,103,6,web
329,2025-07-01,161,1,dine-in
330,2025-05-13,315,7,web
331,2026-01-18,487,1,app
332,2025-09-12,116,6,app
333,2025-11-10,86,2,dine-in
334,2025-12-12,223,3,app
335,2025-05-15,109,1,phone
336,2025-02-08,193,5,phone
337,2025-04-21,335,1,dine-in
338,2026-01-25,64,9,app
339,2026-03-07,339,2,phone
340,2026-06-08,369,10,dine-in
341,2025-09-27,426,9,delivery
342,2026-05-24,467,4,web
343,2026-05-21,77,2,phone
344,2025-04-14,464,5,delivery
345,2025-10-25,185,6,web
346,2025-01-10,437,3,delivery
347,2025-04-06,191,6,delivery
348,2026-04-13,140,7,web
349,2025-04-17,214,10,web
350,2025-05-14,248,8,dine-in
351,2026-06-22,393,10,phone
352,2025-04-08,222,4,web
353,2025-02-25,6,3,phone
354,2025-12-05,497,5,dine-in
355,2025-08-29,41,8,web
356,2025-01-19,53,7,web
357,2025-01-01,423,2,phone
358,2026-04-13,487,6,app
359,2026-04-11,170,9,phone
360,2025-08-16,2,6,app
361,2025-06-18,253,3,web
362,2025-07-20,97,2,web
363,2025-04-21,388,7,dine-in
364,2026-04-14,338,10,phone
365,2025-02-19,284,7,phone
366,2025-05-12,54,7,phone
367,2025-09-12,141,7,app
368,2026-06-09,154,9,app
369,2025-10-25,352,6,delivery
370,2025-11-27,364,2,app
371,2025-10-20,450,7,dine-in
372,2025-05-29,28,1,delivery
373,2025-03-05,354,5,delivery
374,2025-04-15,316,9,delivery
375,2026-01-26,199,7,app
376,2025-09-15,104,10,web
377,2026-01-12,387,10,phone
378,2026-04-05,91,2,delivery
379,2025-02-11,220,5,phone
380,2026-04-23,364,3,dine-in
381,2025-11-05,252,10,phone
382,2026-06-18,35,9,delivery
383,2025-12-06,170,6,app
384,2025-01-10,59,6,web
385,2025-09-07,491,1,app
386,2026-06-14,421,6,phone
387,2025-04-09,86,9,phone
388,2025-08-04,344,4,web
389,2026-03-22,332,2,delivery
390,2025-12-06,20,2,dine-in
391,2025-03-14,295,4,app
392,2025-05-02,274,1,phone
393,2025-02-16,359,2,app
394,2025-11-05,311,2,app
395,2025-08-14,70,7,phone
396,2026-01-18,491,1,phone
397,2026-02-08,276,9,dine-in
398,2026-02-27,464,9,delivery
399,2025-07-18,59,3,phone
400,2026-04-18,331,9,dine-in
401,2026-05-14,488,6,app
402,2025-10-19,318,2,delivery
403,2025-06-06,290,10,app
404,2026-03-23,142,6,delivery
405,2026-05-14,283,2,delivery
406,2025-05-24,457,9,delivery
407,2026-06-04,324,1,phone
408,2026-04-29,335,3,app
409,2025-04-03,204,6,phone
410,2025-06-19,388,9,delivery
411,2026-05-11,481,6,dine-in
412,2025-09-28,190,4,dine-in
413,2026-04-11,452,1,dine-in
414,2025-09-27,297,9,phone
415,2025-03-21,265,5,web
416,2026-05-14,406,8,phone
417,2026-03-27,85,4,dine-in
418,2025-05-02,339,4,web
419,2025-08-04,303,3,web
420,2025-05-11,294,10,delivery
421,2025-05-31,29,3,app
422,2025-01-20,450,5,dine-in
423,2025-06-24,113,7,phone
424,2026-06-08,136,3,app
425,2025-01-17,104,9,phone
426,2025-02-09,450,9,phone
427,2025-05-14,462,10,phone
428,2026-03-18,268,7,app
429,2026-03-16,118,8,web
430,2026-03-12,69,5,web
431,2026-02-23,132,4,dine-in
432,2025-05-01,267,1,web
433,2025-04-20,80,7,phone
434,2025-10-10,349,7,delivery
435,2025-09-17,158,10,app
436,2025-06-15,52,4,phone
437,2025-02-23,83,7,dine-in
438,2026-04-28,475,10,web
439,2025-08-16,190,2,phone
440,2026-02-15,315,9,app
441,2026-05-22,225,1,delivery
442,2025-08-26,315,3,dine-in
443,2026-02-14,181,7,web
444,2025-03-12,471,2,phone
445,2025-10-11,116,10,delivery
446,2025-04-20,287,2,phone
447,2025-09-14,356,8,web
448,2025-01-29,247,2,app
449,2025-08-14,347,4,app
450,2025-04-06,205,6,dine-in
451,2025-10-03,94,4,web
452,2025-07-31,118,4,delivery
453,2026-05-20,315,1,phone
454,2026-01-16,318,6,web
455,2025-08-16,385,10,delivery
456,2026-05-05,482,9,dine-in
457,2026-06-15,236,6,dine-in
458,2026-01-24,298,2,app
459,2025-10-03,242,10,app
460,2026-01-17,187,7,app
461,2025-10-04,412,4,phone
462,2025-01-10,91,7,web
463,2025-11-20,403,8,app
464,2025-06-17,31,4,app
465,2026-01-04,287,9,app
466,2025-07-23,296,10,phone
467,2026-06-07,250,8,dine-in
468,2026-03-08,324,10,phone
469,2025-10-26,364,5,phone
470,2026-02-28,86,3,dine-in
471,2025-03-23,108,3,web
472,2026-04-30,281,1,dine-in
473,2026-02-04,159,4,delivery
474,2025-01-30,18,6,app
475,2025-07-01,303,10,web
476,2025-08-21,413,2,web
477,2025-01-01,268,3,app
478,2026-05-04,154,1,web
479,2025-07-13,211,9,web
480,2025-08-14,135,2,web
481,2025-10-06,146,9,app
482,2026-04-09,140,10,web
483,2025-01-23,96,2,app
484,2025-04-03,78,1,web
485,2026-01-16,238,1,app
486,2025-02-27,137,7,dine-in
487,2025-05-05,499,4,web
488,2026-06-18,341,4,web
489,2026-06-18,63,5,web
490,2025-08-12,499,2,delivery
491,2025-01-10,497,1,phone
492,2026-05-27,47,10,app
493,2025-06-07,360,9,dine-in
494,2025-12-22,413,8,delivery
495,2026-01-02,371,3,app
496,2026-03-25,287,5,phone
497,2025-10-09,445,10,phone
498,2025-10-30,420,5,phone
499,2025-07-09,453,1,phone
500,2026-02-01,98,9,web
501,2025-11-26,57,2,phone
502,2025-07-02,448,1,delivery
503,2025-04-12,17,10,web
504,2025-03-14,7,4,web
505,2025-03-04,185,9,web
506,2025-02-11,376,2,app
507,2025-04-10,52,4,phone
508,2026-03-02,383,2,phone
509,2025-06-20,406,3,phone
510,2025-11-19,282,6,app
511,2025-08-08,193,9,app
512,2025-10-19,306,1,phone
513,2025-08-16,110,6,dine-in
514,2025-06-08,49,1,web
515,2025-09-13,120,5,app
516,2025-08-11,376,2,app
517,2025-11-04,20,10,web
518,2025-12-09,179,7,web
519,2025-01-12,325,7,dine-in
520,2025-12-01,258,4,delivery
521,2026-02-07,498,8,phone
522,2025-10-24,403,7,delivery
523,2025-02-20,281,7,app
524,2026-03-21,397,3,delivery
525,2026-06-21,127,4,dine-in
526,2025-04-02,58,7,web
527,2025-01-25,395,5,delivery
528,2025-08-28,103,6,delivery
529,2025-02-25,125,10,delivery
530,2026-04-28,12,6,delivery
531,2026-05-10,319,3,dine-in
532,2025-07-25,405,10,app
533,2025-01-09,35,7,app
534,2026-01-31,119,7,phone
535,2026-05-12,444,10,phone
536,2026-05-28,495,8,phone
537,2026-06-27,157,6,web
538,2025-11-06,121,9,app
539,2026-02-01,456,1,phone
540,2025-03-31,374,7,phone
541,2026-03-13,497,5,phone
542,2025-07-27,442,3,app
543,2025-06-11,163,2,phone
544,2025-05-30,373,1,app
545,2025-10-08,78,4,dine-in
546,2025-10-01,311,10,phone
547,2025-01-27,184,2,web
548,2026-01-18,95,7,web
549,2025-10-04,487,7,delivery
550,2026-03-26,444,10,web
551,2025-02-12,312,7,app
552,2025-02-09,267,2,web
553,2025-02-10,286,7,phone
554,2026-03-27,204,5,app
555,2025-05-26,238,8,dine-in
556,2025-05-19,202,7,app
557,2026-04-11,47,5,app
558,2025-04-27,362,8,app
559,2026-01-29,373,9,phone
560,2025-06-24,468,6,phone
561,2025-02-22,215,5,app
562,2025-09-17,7,8,web
563,2026-05-03,233,7,web
564,2025-01-07,126,9,app
565,2025-12-24,19,3,dine-in
566,2025-06-15,345,5,phone
567,2025-02-06,48,5,app
568,2025-03-08,150,8,delivery
569,2025-12-04,270,7,phone
570,2025-04-22,293,9,dine-in
571,2025-09-23,270,10,phone
572,2026-05-25,253,3,phone
573,2025-05-02,13,8,dine-in
574,2025-02-16,171,6,phone
575,2025-10-16,131,2,app
576,2025-12-08,175,7,phone
577,2025-07-18,170,6,web
578,2025-12-10,237,7,dine-in
579,2025-01-20,107,10,app
580,2025-06-19,293,10,web
581,2025-11-19,364,1,app
582,2025-08-10,269,5,delivery
583,2025-07-26,468,2,web
584,2026-05-28,79,4,app
585,2025-05-16,106,1,web
586,2025-03-31,171,8,dine-in
587,2025-11-16,12,10,app
588,2025-10-11,273,6,web
589,2025-06-11,141,2,dine-in
590,2025-12-25,282,6,app
591,2025-06-25,37,5,phone
592,2025-02-21,55,7,dine-in
593,2025-07-03,361,10,phone
594,2025-03-22,499,8,phone
595,2026-04-12,159,8,web
596,2025-09-22,468,6,web
597,2026-04-10,250,1,dine-in
598,2025-05-11,261,2,web
599,2025-03-14,406,5,phone
600,2026-05-09,197,2,app
601,2026-03-22,291,6,phone
602,2026-05-14,59,10,phone
603,2025-04-22,351,10,web
604,2025-05-23,455,10,dine-in
605,2025-10-26,200,10,phone
606,2025-11-08,471,7,app
607,2026-06-07,207,3,app
608,2025-02-24,1,9,app
609,2025-02-01,121,7,phone
610,2025-08-05,340,3,web
611,2026-03-04,79,5,delivery
612,2025-05-28,370,8,web
613,2026-04-12,458,10,web
614,2026-04-06,197,6,delivery
615,2026-05-26,434,4,phone
616,2026-05-10,361,6,dine-in
617,2026-04-22,265,2,phone
618,2025-03-21,351,9,phone
619,2026-04-26,233,9,web
620,2025-02-06,356,10,app
621,2025-02-22,337,5,phone
622,2025-03-26,65,9,dine-in
623,2025-01-15,380,2,phone
624,2026-04-03,190,3,app
625,2025-02-03,176,2,delivery
626,2026-01-28,122,8,delivery
627,2025-02-25,329,5,dine-in
628,2026-02-13,244,5,web
629,2026-05-01,135,3,phone
630,2025-02-12,50,9,app
631,2025-09-19,336,10,web
632,2026-06-17,173,3,app
633,2025-03-11,7,7,dine-in
634,2025-12-26,113,5,app
635,2025-02-28,481,10,delivery
636,2025-03-30,439,10,delivery
637,2025-09-17,151,8,dine-in
638,2025-09-21,83,2,app
639,2025-12-07,31,5,app
640,2026-02-07,92,8,dine-in
641,2025-04-19,468,8,app
642,2025-03-14,293,5,web
643,2025-06-02,335,1,dine-in
644,2026-06-12,363,8,web
645,2026-05-09,63,10,phone
646,2025-04-03,188,9,app
647,2025-10-24,332,4,delivery
648,2025-07-15,154,7,dine-in
649,2025-07-14,72,1,delivery
650,2025-09-02,251,7,dine-in
651,2025-12-14,29,6,dine-in
652,2025-06-02,380,10,delivery
653,2025-05-25,251,1,web
654,2025-05-14,8,3,dine-in
655,2025-03-07,419,2,dine-in
656,2026-02-16,167,2,phone
657,2025-06-27,172,2,dine-in
658,2025-06-18,225,4,phone
659,2026-01-21,399,3,dine-in
660,2025-10-18,214,8,delivery
661,2026-04-07,211,4,delivery
662,2026-05-27,314,2,app
663,2026-06-27,49,10,app
664,2025-10-11,28,4,dine-in
665,2025-06-13,344,1,dine-in
666,2026-04-10,23,2,dine-in
667,2025-04-29,37,4,web
668,2025-08-24,399,2,app
669,2025-07-24,193,4,dine-in
670,2026-04-11,92,7,app
671,2026-01-03,500,5,delivery
672,2025-05-20,57,8,web
673,2025-06-24,296,9,delivery
674,2026-05-16,442,4,phone
675,2025-09-11,168,7,phone
676,2025-01-06,214,1,dine-in
677,2025-04-11,232,8,delivery
678,2026-02-21,487,4,delivery
679,2025-11-09,83,8,phone
680,2025-05-22,448,7,delivery
681,2025-03-14,198,6,phone
682,2025-10-04,358,10,phone
683,2025-12-10,377,1,phone
684,2025-02-11,188,6,delivery
685,2025-07-29,71,6,delivery
686,2025-08-03,386,4,app
687,2025-02-25,33,6,app
688,2026-06-30,461,5,web
689,2025-03-31,42,7,delivery
690,2025-06-01,255,3,delivery
691,2025-05-16,243,6,web
692,2026-06-17,331,6,web
693,2026-06-27,432,9,web
694,2026-01-16,498,5,dine-in
695,2025-06-14,365,9,app
696,2025-06-07,83,4,dine-in
697,2025-05-10,226,5,app
698,2025-11-21,177,3,app
699,2025-05-29,486,8,app
700,2025-12-06,332,5,web
701,2026-03-29,174,2,web
702,2025-04-30,158,1,web
703,2025-02-26,312,4,phone
704,2025-03-27,276,8,dine-in
705,2026-01-05,204,3,web
706,2025-11-12,229,9,dine-in
707,2026-03-30,148,3,web
708,2026-06-22,172,2,phone
709,2026-04-19,364,10,delivery
710,2026-05-18,22,5,phone
711,2025-01-03,79,5,app
712,2025-09-08,15,2,app
713,2025-09-22,322,8,dine-in
714,2025-06-16,298,1,delivery
715,2025-10-07,185,7,app
716,2026-06-27,328,2,phone
717,2025-06-21,279,6,app
718,2025-12-27,422,3,dine-in
719,2026-02-26,175,3,dine-in
720,2026-06-23,434,9,phone
721,2025-03-20,60,3,dine-in
722,2026-06-20,391,6,delivery
723,2025-05-26,353,4,app
724,2025-04-25,40,1,web
725,2025-03-02,241,2,app
726,2025-01-11,387,2,dine-in
727,2025-12-26,15,2,delivery
728,2025-09-05,259,10,dine-in
729,2025-01-15,271,4,delivery
730,2026-06-01,436,8,app
731,2025-12-30,195,7,delivery
732,2025-05-07,239,2,phone
733,2025-02-11,43,6,web
734,2026-04-13,308,5,web
735,2025-07-13,439,2,web
736,2026-02-10,225,9,dine-in
737,2026-02-15,356,10,dine-in
738,2025-07-25,305,7,dine-in
739,2025-10-13,392,10,phone
740,2026-02-19,249,9,app
741,2025-09-14,251,8,delivery
742,2025-03-11,256,1,delivery
743,2025-03-20,339,9,web
744,2025-12-18,415,9,phone
745,2026-03-17,451,2,web
746,2025-11-07,453,3,web
747,2026-05-18,338,9,phone
748,2026-05-22,303,7,phone
749,2025-02-16,66,6,app
750,2025-12-16,195,2,web
751,2025-09-11,121,5,phone
752,2025-03-09,445,5,dine-in
753,2026-03-09,291,9,web
754,2026-01-22,293,7,app
755,2025-04-13,354,4,app
756,2025-07-26,255,2,phone
757,2026-02-16,412,4,phone
758,2025-04-08,304,6,app
759,2026-05-02,219,4,app
760,2026-06-01,412,5,web
761,2026-04-10,344,9,delivery
762,2026-06-13,442,3,phone
763,2026-06-30,415,10,web
764,2026-01-09,237,3,delivery
765,2026-03-22,211,6,dine-in
766,2025-06-14,132,10,delivery
767,2026-04-21,249,9,web
768,2025-10-12,338,9,delivery
769,2025-01-21,29,2,app
770,2025-04-03,204,3,delivery
771,2026-05-28,478,2,phone
772,2025-12-04,427,10,web
773,2025-04-20,90,4,app
774,2025-04-26,163,9,web
775,2025-11-12,11,10,dine-in
776,2025-09-03,130,9,web
777,2025-08-31,440,8,web
778,2025-09-19,155,2,delivery
779,2026-02-21,405,1,app
780,2026-04-28,378,7,app
781,2025-12-27,216,10,phone
782,2025-07-08,323,8,delivery
783,2025-11-09,161,10,dine-in
784,2026-06-13,366,3,phone
785,2025-06-27,352,10,app
786,2026-01-22,484,10,delivery
787,2025-08-23,465,2,web
788,2025-02-20,206,10,web
789,2025-01-15,368,9,web
790,2025-09-30,148,8,web
791,2025-10-17,373,4,web
792,2025-09-26,121,10,web
793,2026-04-15,44,1,web
794,2025-08-06,366,7,web
795,2025-08-29,242,6,phone
796,2026-06-01,318,7,app
797,2025-06-23,258,8,app
798,2025-04-30,161,1,delivery
799,2025-09-28,265,6,web
800,2026-03-27,28,4,delivery
801,2025-02-06,241,5,delivery
802,2026-05-12,235,8,dine-in
803,2025-10-18,93,3,phone
804,2026-06-23,393,10,delivery
805,2025-01-27,146,2,web
806,2025-03-25,236,8,web
807,2026-04-09,167,10,delivery
808,2025-10-17,166,1,dine-in
809,2025-08-02,84,7,web
810,2026-03-19,377,5,phone
811,2026-06-09,103,8,web
812,2026-01-13,315,3,web
813,2025-06-08,477,8,phone
814,2026-03-24,41,8,app
815,2025-09-12,268,7,app
816,2025-02-16,263,2,phone
817,2025-12-30,131,10,dine-in
818,2026-04-19,92,3,web
819,2025-11-01,161,10,web
820,2025-09-23,447,2,web
821,2025-04-30,7,3,web
822,2025-11-07,317,10,app
823,2025-01-17,357,4,dine-in
824,2025-09-05,224,9,delivery
825,2025-06-01,243,7,dine-in
826,2026-04-01,494,8,web
827,2025-09-06,104,5,phone
828,2026-05-23,378,10,phone
829,2026-05-15,119,1,phone
830,2025-11-20,284,2,app
831,2026-03-23,11,3,app
832,2026-06-04,113,10,app
833,2026-01-04,408,8,delivery
834,2026-05-10,67,3,delivery
835,2026-05-21,156,4,delivery
836,2025-09-25,183,3,delivery
837,2025-12-12,221,2,phone
838,2025-09-22,175,6,dine-in
839,2025-04-17,362,1,web
840,2025-02-12,260,2,delivery
841,2026-01-06,81,5,web
842,2025-05-06,435,4,web
843,2025-03-29,137,6,web
844,2026-03-08,404,4,delivery
845,2026-01-06,484,1,web
846,2025-03-13,44,6,app
847,2025-06-04,463,10,dine-in
848,2025-11-08,370,6,app
849,2026-06-25,313,3,web
850,2025-12-20,455,7,delivery
851,2025-05-10,267,9,app
852,2026-06-18,175,3,dine-in
853,2025-09-22,124,5,web
854,2026-01-17,133,9,app
855,2025-05-08,230,5,phone
856,2025-08-30,413,10,phone
857,2025-05-24,366,7,phone
858,2025-07-17,422,6,web
859,2026-03-12,425,7,dine-in
860,2025-05-14,244,4,web
861,2026-06-23,207,10,phone
862,2026-05-17,375,7,delivery
863,2026-04-14,67,9,phone
864,2026-04-12,243,1,delivery
865,2026-01-14,293,5,dine-in
866,2025-11-07,151,8,dine-in
867,2025-11-09,456,5,delivery
868,2025-05-06,281,6,dine-in
869,2025-11-14,290,8,app
870,2026-04-17,390,8,web
871,2026-02-24,199,4,web
872,2025-04-01,444,3,dine-in
873,2025-07-17,490,10,phone
874,2025-07-13,385,8,phone
875,2026-06-29,93,1,app
876,2026-03-31,44,9,phone
877,2025-12-15,224,3,web
878,2025-11-21,196,5,dine-in
879,2025-06-22,147,3,delivery
880,2025-06-23,31,10,app
881,2026-02-04,51,6,delivery
882,2025-09-03,386,10,phone
883,2026-01-30,487,2,app
884,2026-02-21,34,8,dine-in
885,2025-04-14,127,9,delivery
886,2026-05-28,105,3,app
887,2026-04-08,22,1,web
888,2025-10-07,307,5,web
889,2025-10-16,24,3,phone
890,2026-02-09,358,2,delivery
891,2025-12-17,326,5,web
892,2025-12-03,9,3,dine-in
893,2026-05-16,391,7,phone
894,2025-03-21,276,1,web
895,2026-01-02,199,3,dine-in
896,2025-07-17,228,1,delivery
897,2026-01-02,99,2,phone
898,2025-02-07,144,8,phone
899,2026-02-10,57,5,phone
900,2025-06-29,34,10,delivery
901,2025-08-22,452,9,app
902,2026-06-30,315,5,phone
903,2026-03-19,433,7,app
904,2026-04-23,254,6,phone
905,2025-08-18,25,5,web
906,2025-01-26,378,4,web
907,2025-07-21,85,6,app
908,2025-04-10,15,8,web
909,2025-12-09,431,5,delivery
910,2025-12-15,427,1,app
911,2025-04-08,321,8,phone
912,2025-02-04,194,6,dine-in
913,2026-03-19,34,2,dine-in
914,2026-02-16,50,10,web
915,2025-01-11,233,7,web
916,2026-04-10,265,6,phone
917,2025-03-11,304,4,phone
918,2026-03-08,247,10,web
919,2025-03-03,66,5,phone
920,2025-05-30,76,8,app
921,2025-05-29,30,4,phone
922,2025-07-20,500,4,delivery
923,2026-05-03,356,8,phone
924,2026-03-05,169,3,dine-in
925,2025-08-24,239,10,delivery
926,2026-01-20,106,7,delivery
927,2025-03-17,184,1,phone
928,2026-03-27,100,10,app
929,2025-07-22,146,3,delivery
930,2025-07-20,12,3,app
931,2025-05-21,195,2,app
932,2026-01-17,339,3,phone
933,2025-07-16,273,7,app
934,2025-07-13,438,9,app
935,2025-10-14,447,3,phone
936,2025-06-21,261,7,phone
937,2026-01-18,270,8,web
938,2025-08-01,113,4,web
939,2026-01-22,293,3,app
940,2026-06-16,181,4,phone
941,2025-12-11,219,8,web
942,2025-07-03,227,4,app
943,2025-10-29,432,9,phone
944,2025-08-22,51,2,dine-in
945,2025-12-04,129,5,app
946,2025-09-25,5,5,app
947,2025-01-13,242,9,delivery
948,2026-04-25,370,8,app
949,2026-03-16,395,7,delivery
950,2025-11-09,483,1,web
951,2025-11-03,167,10,dine-in
952,2025-06-07,488,6,phone
953,2025-04-22,169,10,web
954,2025-02-02,424,10,web
955,2025-03-13,467,7,app
956,2025-03-13,233,1,app
957,2026-02-25,201,3,dine-in
958,2025-03-12,200,4,delivery
959,2026-05-02,82,10,phone
960,2025-10-10,104,1,delivery
961,2026-05-18,236,8,phone
962,2025-10-22,331,8,app
963,2025-07-03,461,10,web
964,2025-02-14,123,3,app
965,2026-05-21,211,9,dine-in
966,2025-06-18,130,4,phone
967,2025-03-16,328,8,web
968,2025-01-11,129,2,delivery
969,2025-03-26,281,4,web
970,2025-06-24,430,1,phone
971,2025-05-08,274,7,delivery
972,2025-10-07,79,8,app
973,2026-06-30,111,8,dine-in
974,2025-11-12,228,1,phone
975,2025-07-26,476,4,app
976,2025-01-29,8,6,delivery
977,2025-06-21,371,3,dine-in
978,2025-08-01,479,9,web
979,2026-02-16,335,6,dine-in
980,2026-01-13,23,2,delivery
981,2025-06-25,129,2,phone
982,2025-05-17,171,3,app
983,2026-06-08,328,4,phone
984,2025-05-08,159,4,web
985,2026-01-19,256,5,delivery
986,2025-09-01,473,10,web
987,2026-06-18,406,7,app
988,2025-12-06,176,4,delivery
989,2025-09-12,411,4,phone
990,2025-03-13,489,4,dine-in
991,2025-07-29,121,9,dine-in
992,2025-06-30,311,4,app
993,2025-03-23,487,6,web
994,2025-06-09,420,8,dine-in
995,2025-06-29,132,7,web
996,2025-03-15,171,3,web
997,2026-05-28,374,6,web
998,2025-03-14,210,1,dine-in
999,2025-12-23,261,8,app
1000,2026-03-11,377,4,delivery
1001,2025-06-01,134,10,web
1002,2025-06-15,7,2,dine-in
1003,2025-06-19,425,7,app
1004,2026-02-26,386,2,dine-in
1005,2026-02-12,358,5,dine-in
1006,2025-03-13,397,7,phone
1007,2025-05-18,102,8,delivery
1008,2025-08-06,96,4,dine-in
1009,2026-03-28,321,10,dine-in
1010,2025-05-08,142,2,app
1011,2026-05-05,249,2,dine-in
1012,2025-02-12,50,4,phone
1013,2026-06-17,493,5,web
1014,2025-11-19,419,4,app
1015,2025-01-04,234,7,delivery
1016,2026-06-28,144,4,app
1017,2025-01-04,327,6,dine-in
1018,2026-03-31,120,10,web
1019,2025-04-13,376,7,app
1020,2026-06-01,17,3,web
1021,2026-04-24,87,8,dine-in
1022,2025-04-02,55,7,dine-in
1023,2025-10-15,113,5,web
1024,2026-05-19,47,6,delivery
1025,2026-01-22,467,7,phone
1026,2025-04-02,175,10,delivery
1027,2025-05-11,437,6,web
1028,2025-07-14,434,7,web
1029,2026-06-17,340,10,phone
1030,2026-04-17,162,3,app
1031,2025-10-18,75,1,phone
1032,2026-05-05,324,4,web
1033,2025-08-04,435,4,dine-in
1034,2025-11-03,418,3,dine-in
1035,2026-06-25,373,5,app
1036,2025-05-15,166,10,dine-in
1037,2026-05-10,150,3,delivery
1038,2025-01-10,186,10,dine-in
1039,2025-02-27,50,6,web
1040,2025-12-13,304,7,delivery
1041,2025-06-26,335,7,dine-in
1042,2025-01-12,62,2,dine-in
1043,2026-06-06,116,1,phone
1044,2026-05-11,331,7,app
1045,2025-07-09,208,1,web
1046,2025-05-08,386,4,dine-in
1047,2025-01-06,285,8,app
1048,2025-07-31,335,3,dine-in
1049,2026-01-08,495,9,delivery
1050,2026-04-01,72,10,web
1051,2025-04-12,340,1,delivery
1052,2025-11-03,439,4,delivery
1053,2026-03-09,39,9,app
1054,2025-03-27,484,5,web
1055,2025-10-03,325,4,app
1056,2026-01-24,14,10,delivery
1057,2026-06-29,57,9,web
1058,2025-04-02,186,6,app
1059,2025-04-11,194,4,web
1060,2025-06-29,270,5,phone
1061,2025-04-12,460,1,delivery
1062,2026-06-29,283,10,web
1063,2025-05-10,74,7,phone
1064,2026-03-05,362,8,delivery
1065,2025-08-23,157,2,app
1066,2025-09-03,484,2,delivery
1067,2025-10-20,284,8,dine-in
1068,2026-06-30,358,2,web
1069,2025-01-08,366,7,phone
1070,2025-02-13,311,8,delivery
1071,2026-06-11,181,1,web
1072,2025-05-01,149,5,web
1073,2026-02-08,112,5,phone
1074,2026-05-15,30,6,dine-in
1075,2025-07-10,206,6,dine-in
1076,2025-07-22,44,9,phone
1077,2025-01-08,80,5,delivery
1078,2025-04-22,225,8,delivery
1079,2026-01-03,453,4,dine-in
1080,2026-03-08,381,6,dine-in
1081,2025-09-30,61,7,web
1082,2026-02-03,68,2,dine-in
1083,2025-12-19,257,1,delivery
1084,2026-03-16,500,10,dine-in
1085,2025-06-06,374,9,delivery
1086,2025-09-11,342,7,delivery
1087,2025-06-02,118,2,delivery
1088,2025-04-04,443,1,web
1089,2026-05-06,32,9,web
1090,2025-10-03,187,5,app
1091,2025-11-26,109,5,web
1092,2026-05-19,187,6,app
1093,2025-01-14,350,9,delivery
1094,2026-06-26,310,6,delivery
1095,2025-05-14,323,10,dine-in
1096,2025-07-15,99,8,dine-in
1097,2025-12-18,155,8,delivery
1098,2025-09-16,457,9,app
1099,2025-03-11,248,7,phone
1100,2025-10-08,357,3,app
1101,2025-07-14,380,7,web
1102,2026-06-06,197,9,web
1103,2025-01-10,451,9,web
1104,2025-05-02,88,4,dine-in
1105,2025-10-12,475,3,app
1106,2025-08-04,274,2,dine-in
1107,2025-09-28,370,3,web
1108,2025-08-13,375,5,delivery
1109,2026-01-27,485,5,phone
1110,2025-10-03,105,10,web
1111,2026-03-21,189,3,web
1112,2026-04-16,95,3,delivery
1113,2026-02-08,352,10,delivery
1114,2026-03-13,126,8,web
1115,2025-05-21,373,1,phone
1116,2025-01-22,57,1,dine-in
1117,2025-01-14,406,1,dine-in
1118,2026-03-31,418,3,app
1119,2025-10-01,322,9,dine-in
1120,2025-04-16,279,5,dine-in
1121,2025-05-31,181,5,delivery
1122,2025-04-15,490,5,app
1123,2025-05-02,185,2,dine-in
1124,2025-07-05,348,7,delivery
1125,2026-01-13,478,5,dine-in
1126,2025-05-31,164,3,web
1127,2025-10-13,75,2,app
1128,2026-05-22,218,8,web
1129,2026-05-25,276,9,web
1130,2026-03-08,270,10,delivery
1131,2025-01-03,105,1,app
1132,2025-05-28,428,9,web
1133,2025-05-22,61,3,web
1134,2026-01-16,28,2,phone
1135,2025-06-11,16,3,app
1136,2026-03-03,77,3,web
1137,2026-04-27,211,6,web
1138,2025-06-09,31,1,phone
1139,2026-03-10,349,8,phone
1140,2026-03-10,477,3,app
1141,2025-05-09,381,4,web
1142,2025-07-08,422,9,phone
1143,2026-04-25,245,6,web
1144,2025-04-22,54,2,app
1145,2025-03-08,109,10,dine-in
1146,2025-09-04,138,2,phone
1147,2025-02-16,25,6,dine-in
1148,2025-07-19,162,7,app
1149,2026-02-22,460,9,dine-in
1150,2026-05-04,301,1,app
1151,2025-04-06,488,4,delivery
1152,2026-06-13,374,10,phone
1153,2026-03-18,21,7,delivery
1154,2026-05-25,50,1,delivery
1155,2025-06-23,479,5,delivery
1156,2026-01-08,181,2,dine-in
1157,2025-09-20,391,8,delivery
1158,2025-02-10,187,5,web
1159,2025-11-18,192,2,web
1160,2025-01-09,80,2,app
1161,2025-04-06,179,8,web
1162,2025-07-24,206,6,dine-in
1163,2026-05-03,59,5,web
1164,2026-04-27,75,4,app
1165,2025-03-05,480,6,web
1166,2025-09-16,326,3,dine-in
1167,2025-11-02,448,8,web
1168,2025-04-05,459,7,app
1169,2025-06-14,495,7,app
1170,2025-05-29,166,6,dine-in
1171,2026-05-27,443,6,dine-in
1172,2025-04-10,19,4,delivery
1173,2025-08-03,488,4,phone
1174,2025-01-17,155,5,phone
1175,2026-04-12,212,7,app
1176,2025-04-27,475,3,web
1177,2025-10-19,433,7,app
1178,2025-04-02,333,1,phone
1179,2026-03-31,258,10,dine-in
1180,2026-01-26,59,4,web
1181,2026-02-27,465,7,dine-in
1182,2025-09-28,158,7,delivery
1183,2025-02-03,8,1,delivery
1184,2025-12-10,88,10,web
1185,2026-02-07,425,1,phone
1186,2026-06-14,82,7,delivery
1187,2026-06-01,61,10,web
1188,2025-04-06,14,7,dine-in
1189,2025-03-22,293,7,dine-in
1190,2025-07-11,123,4,app
1191,2025-09-24,338,1,app
1192,2025-01-24,327,10,dine-in
1193,2025-05-06,55,3,app
1194,2025-08-01,201,2,web
1195,2026-05-14,492,2,delivery
1196,2025-01-11,463,3,phone
1197,2025-12-22,248,10,phone
1198,2025-09-18,475,2,delivery
1199,2026-06-15,263,3,delivery
1200,2025-03-27,373,3,app
1201,2025-10-29,240,8,web
1202,2025-10-15,493,7,dine-in
1203,2026-03-10,306,5,app
1204,2026-03-16,103,10,app
1205,2025-02-04,491,9,app
1206,2025-04-28,93,6,web
1207,2026-01-16,191,3,app
1208,2025-01-12,368,6,delivery
1209,2025-08-06,270,4,dine-in
1210,2026-03-08,350,7,app
1211,2025-10-09,216,2,dine-in
1212,2025-10-19,10,10,dine-in
1213,2025-02-10,173,1,dine-in
1214,2026-02-14,41,9,app
1215,2025-05-05,432,6,phone
1216,2025-02-18,423,1,delivery
1217,2026-03-23,116,3,dine-in
1218,2025-01-06,479,1,app
1219,2025-11-08,39,5,app
1220,2025-11-23,442,3,phone
1221,2026-05-05,339,8,app
1222,2025-10-31,365,2,app
1223,2025-03-21,39,8,dine-in
1224,2026-01-30,97,8,dine-in
1225,2025-11-16,363,8,delivery
1226,2025-08-13,470,6,web
1227,2025-10-12,217,3,app
1228,2025-04-20,382,2,delivery
1229,2025-07-11,137,1,web
1230,2025-06-04,204,9,web
1231,2026-01-27,375,7,delivery
1232,2026-05-21,266,7,dine-in
1233,2025-04-24,113,2,dine-in
1234,2025-09-02,34,9,dine-in
1235,2026-02-07,52,4,app
1236,2025-10-22,376,1,dine-in
1237,2025-11-09,437,4,delivery
1238,2025-05-26,493,1,web
1239,2025-01-10,305,6,web
1240,2026-04-29,57,1,dine-in
1241,2025-04-07,52,5,app
1242,2026-01-09,235,1,app
1243,2026-05-11,58,5,phone
1244,2025-08-14,338,3,app
1245,2025-04-02,100,7,dine-in
1246,2026-06-24,90,5,app
1247,2025-02-12,297,9,app
1248,2025-12-22,148,2,dine-in
1249,2025-06-16,156,8,app
1250,2025-01-16,233,1,delivery
1251,2025-01-06,221,6,dine-in
1252,2025-12-25,450,5,phone
1253,2025-07-21,222,10,dine-in
1254,2026-01-31,217,7,dine-in
1255,2026-03-23,348,6,phone
1256,2026-03-03,284,4,app
1257,2025-07-07,193,7,dine-in
1258,2026-05-31,479,6,web
1259,2025-01-28,491,7,dine-in
1260,2026-06-09,192,3,phone
1261,2026-04-19,414,9,web
1262,2025-10-04,425,2,app
1263,2026-05-09,354,6,dine-in
1264,2026-06-08,379,1,delivery
1265,2025-08-17,459,3,app
1266,2025-07-25,59,2,dine-in
1267,2025-09-11,105,2,web
1268,2026-03-31,201,1,dine-in
1269,2025-09-24,421,10,web
1270,2025-01-23,95,3,delivery
1271,2025-07-25,244,8,app
1272,2025-10-09,201,7,dine-in
1273,2026-02-03,6,10,app
1274,2026-04-01,22,6,delivery
1275,2026-05-31,108,6,phone
1276,2025-12-14,236,3,app
1277,2026-04-29,311,3,phone
1278,2026-02-18,35,1,dine-in
1279,2026-05-27,479,8,app
1280,2025-04-18,461,3,web
1281,2025-03-16,227,6,phone
1282,2025-11-25,56,8,web
1283,2025-07-20,130,8,web
1284,2025-07-16,45,10,dine-in
1285,2025-05-24,458,1,app
1286,2026-06-25,255,4,delivery
1287,2025-03-10,225,7,web
1288,2025-05-11,401,9,app
1289,2025-08-25,27,10,phone
1290,2026-02-04,361,6,dine-in
1291,2025-09-05,437,9,phone
1292,2026-04-28,480,5,dine-in
1293,2025-09-25,103,6,dine-in
1294,2025-12-04,474,1,delivery
1295,2026-03-03,307,10,dine-in
1296,2025-08-19,333,6,web
1297,2026-01-24,350,1,phone
1298,2026-03-14,282,3,dine-in
1299,2025-03-01,122,4,dine-in
1300,2025-02-16,411,1,delivery
1301,2025-05-10,225,3,app
1302,2025-09-08,150,3,phone
1303,2025-07-30,254,6,delivery
1304,2025-10-01,164,9,phone
1305,2026-02-25,362,10,web
1306,2025-08-25,157,9,delivery
1307,2025-05-26,19,4,web
1308,2025-11-04,424,2,dine-in
1309,2026-01-29,228,1,delivery
1310,2026-06-30,27,5,dine-in
1311,2025-09-26,415,10,delivery
1312,2026-03-21,444,7,dine-in
1313,2025-10-22,440,9,web
1314,2025-09-01,68,1,app
1315,2026-02-09,20,10,app
1316,2025-01-13,64,5,phone
1317,2025-01-18,226,1,web
1318,2025-08-12,210,1,phone
1319,2025-11-18,489,2,web
1320,2025-05-11,117,3,delivery
1321,2025-02-09,95,9,web
1322,2025-09-23,500,5,dine-in
1323,2025-04-22,40,9,web
1324,2025-08-31,105,6,phone
1325,2025-10-17,74,1,app
1326,2025-10-29,319,1,delivery
1327,2025-01-27,55,10,delivery
1328,2025-12-19,482,4,web
1329,2025-06-03,196,2,dine-in
1330,2026-03-05,276,2,phone
1331,2026-06-22,267,8,app
1332,2026-01-06,119,8,app
1333,2026-04-01,376,7,app
1334,2026-06-02,40,6,web
1335,2025-05-09,474,9,delivery
1336,2025-12-16,161,2,dine-in
1337,2025-07-04,449,8,dine-in
1338,2026-04-27,381,2,delivery
1339,2025-01-25,354,3,dine-in
1340,2026-03-09,182,3,web
1341,2025-12-11,303,10,phone
1342,2025-03-17,379,6,web
1343,2025-07-07,371,10,phone
1344,2026-01-14,346,8,web
1345,2025-04-10,119,5,web
1346,2026-03-13,147,6,web
1347,2025-08-04,221,9,app
1348,2025-10-08,250,8,delivery
1349,2025-08-26,342,5,delivery
1350,2026-06-05,387,3,dine-in
1351,2025-07-19,4,8,dine-in
1352,2026-06-18,65,8,app
1353,2025-05-03,228,7,web
1354,2025-12-29,412,2,delivery
1355,2026-06-04,172,5,web
1356,2025-11-19,457,1,web
1357,2026-06-18,163,4,phone
1358,2025-01-09,126,3,phone
1359,2025-07-11,376,8,app
1360,2026-06-13,439,4,dine-in
1361,2026-03-05,353,5,phone
1362,2025-07-04,450,5,delivery
1363,2026-01-01,279,8,app
1364,2025-10-22,215,8,app
1365,2026-04-21,490,6,dine-in
1366,2026-05-16,308,7,delivery
1367,2026-06-04,111,7,dine-in
1368,2026-03-12,205,5,dine-in
1369,2025-11-12,230,7,delivery
1370,2025-04-23,486,10,phone
1371,2026-01-24,47,6,app
1372,2026-06-16,108,6,phone
1373,2025-08-23,149,3,app
1374,2025-02-06,433,1,phone
1375,2026-05-12,22,3,app
1376,2025-10-06,384,2,web
1377,2026-06-01,370,7,dine-in
1378,2025-06-05,49,10,web
1379,2025-11-28,218,9,dine-in
1380,2026-04-28,193,5,web
1381,2025-10-13,248,5,phone
1382,2026-02-08,488,6,phone
1383,2025-01-26,204,4,web
1384,2025-05-28,415,2,dine-in
1385,2025-03-27,73,7,phone
1386,2025-09-16,211,5,app
1387,2026-02-21,447,1,app
1388,2026-05-27,161,4,app
1389,2025-04-18,218,2,web
1390,2025-05-05,86,4,web
1391,2026-05-23,88,9,web
1392,2025-01-10,152,2,web
1393,2026-01-16,289,3,delivery
1394,2026-06-16,310,5,web
1395,2026-05-01,6,6,web
1396,2025-11-16,360,4,delivery
1397,2025-12-05,49,1,phone
1398,2025-12-20,322,1,delivery
1399,2026-02-17,479,5,phone
1400,2025-08-10,144,3,app
1401,2026-01-28,170,10,phone
1402,2025-08-03,87,1,delivery
1403,2025-06-18,244,1,app
1404,2025-05-21,262,8,web
1405,2026-01-30,362,8,app
1406,2025-08-08,490,3,app
1407,2026-05-17,356,5,dine-in
1408,2025-12-21,373,7,delivery
1409,2025-01-11,101,8,app
1410,2025-04-07,467,6,app
1411,2025-02-04,332,5,web
1412,2025-02-01,442,8,phone
1413,2025-04-17,20,6,dine-in
1414,2025-03-26,215,2,dine-in
1415,2025-01-18,171,6,delivery
1416,2025-03-04,34,4,phone
1417,2026-03-31,23,5,phone
1418,2025-01-04,160,5,phone
1419,2025-03-30,290,8,dine-in
1420,2025-07-06,374,2,delivery
1421,2025-08-11,327,6,web
1422,2025-09-10,158,4,delivery
1423,2025-05-24,290,6,web
1424,2025-07-01,152,5,web
1425,2026-06-20,231,3,dine-in
1426,2025-10-23,107,6,phone
1427,2026-04-24,134,1,dine-in
1428,2025-11-27,191,10,web
1429,2025-04-18,323,6,dine-in
1430,2025-04-13,96,6,app
1431,2026-03-26,415,10,web
1432,2025-12-12,248,7,app
1433,2026-06-04,56,7,web
1434,2025-06-20,473,5,phone
1435,2025-12-08,404,1,dine-in
1436,2025-06-19,236,1,delivery
1437,2025-03-24,95,4,delivery
1438,2025-01-06,245,3,app
1439,2026-02-08,358,4,web
1440,2025-11-22,391,3,web
1441,2026-02-08,274,2,app
1442,2026-01-13,186,6,phone
1443,2026-02-12,469,2,delivery
1444,2025-11-06,223,2,app
1445,2026-05-08,18,5,web
1446,2025-04-19,239,2,app
1447,2025-01-13,83,6,delivery
1448,2025-02-25,156,7,app
1449,2026-05-30,191,8,app
1450,2025-03-23,77,1,app
1451,2026-03-22,25,8,app
1452,2026-04-17,188,1,phone
1453,2025-10-01,92,5,app
1454,2026-01-01,375,1,phone
1455,2026-05-21,221,5,app
1456,2025-02-11,40,6,app
1457,2025-04-14,196,9,dine-in
1458,2025-01-23,95,5,dine-in
1459,2025-09-07,356,1,app
1460,2025-02-16,310,7,delivery
1461,2025-05-13,141,5,web
1462,2025-08-15,33,10,app
1463,2025-01-13,176,6,app
1464,2026-05-26,108,9,delivery
1465,2026-05-14,288,6,dine-in
1466,2025-10-26,385,6,web
1467,2026-03-18,213,1,app
1468,2025-04-10,203,4,delivery
1469,2025-07-02,443,3,web
1470,2025-04-19,341,6,phone
1471,2026-02-14,148,1,phone
1472,2026-01-28,298,7,web
1473,2026-05-31,42,10,phone
1474,2025-04-04,488,6,dine-in
1475,2025-09-03,90,8,delivery
1476,2026-04-18,236,4,phone
1477,2025-12-06,447,3,delivery
1478,2026-06-17,241,7,dine-in
1479,2025-01-25,225,8,dine-in
1480,2026-01-08,205,9,web
1481,2025-04-25,370,3,app
1482,2025-04-10,169,2,web
1483,2025-12-05,404,8,app
1484,2025-10-23,14,4,app
1485,2025-11-09,244,8,app
1486,2025-10-27,440,7,app
1487,2025-06-01,300,1,app
1488,2025-06-24,498,6,delivery
1489,2026-06-22,247,3,web
1490,2025-06-03,143,10,dine-in
1491,2025-01-13,431,9,delivery
1492,2025-04-12,488,6,phone
1493,2025-03-23,497,1,web
1494,2025-07-07,354,4,delivery
1495,2025-07-14,376,2,delivery
1496,2026-05-04,238,2,phone
1497,2025-03-16,101,8,dine-in
1498,2026-05-14,154,10,dine-in
1499,2026-04-13,1,5,web
1500,2026-06-11,146,5,app
1501,2026-05-31,159,8,dine-in
1502,2026-04-27,254,3,delivery
1503,2025-11-08,49,8,app
1504,2025-08-07,158,9,app
1505,2025-08-04,293,3,app
1506,2025-06-11,313,3,app
1507,2025-09-27,242,5,app
1508,2025-11-19,231,5,web
1509,2025-05-24,500,8,app
1510,2025-07-27,107,5,app
1511,2025-07-24,409,4,phone
1512,2026-05-07,483,10,web
1513,2026-02-04,353,8,delivery
1514,2025-12-17,142,9,app
1515,2026-02-28,423,3,delivery
1516,2025-12-02,294,9,app
1517,2025-11-18,491,6,web
1518,2026-04-17,186,6,delivery
1519,2026-02-25,219,7,web
1520,2025-03-03,468,9,app
1521,2025-02-02,492,9,app
1522,2025-04-05,499,9,dine-in
1523,2026-04-25,313,4,dine-in
1524,2025-12-05,38,3,phone
1525,2025-01-22,206,10,app
1526,2025-01-20,5,4,app
1527,2026-06-30,235,4,phone
1528,2025-06-01,106,5,delivery
1529,2025-02-10,400,3,phone
1530,2025-08-02,104,5,delivery
1531,2026-03-27,64,7,dine-in
1532,2026-03-26,205,4,delivery
1533,2025-05-05,84,4,dine-in
1534,2025-04-03,410,9,app
1535,2026-02-14,493,2,app
1536,2025-03-28,334,7,web
1537,2025-11-28,24,3,delivery
1538,2025-06-09,72,8,dine-in
1539,2025-10-28,191,10,web
1540,2025-06-05,380,3,app
1541,2025-01-31,255,4,app
1542,2025-12-06,15,8,dine-in
1543,2026-01-22,391,10,phone
1544,2025-08-17,48,7,dine-in
1545,2026-03-02,439,9,web
1546,2025-01-01,160,8,web
1547,2025-04-09,245,8,phone
1548,2025-05-27,116,2,dine-in
1549,2025-11-05,169,8,phone
1550,2025-05-29,297,1,web
1551,2025-07-06,8,3,dine-in
1552,2026-05-08,248,6,delivery
1553,2025-10-14,336,9,app
1554,2026-04-13,340,2,app
1555,2025-05-10,49,4,web
1556,2025-10-30,65,6,app
1557,2025-07-19,73,4,dine-in
1558,2025-06-05,289,9,phone
1559,2026-01-07,277,4,phone
1560,2025-06-19,326,10,delivery
1561,2025-10-13,26,7,app
1562,2025-11-04,1,2,app
1563,2026-02-25,72,3,web
1564,2026-03-06,201,10,delivery
1565,2025-10-10,72,7,dine-in
1566,2025-10-10,390,6,dine-in
1567,2026-06-21,53,10,web
1568,2026-04-11,79,2,app
1569,2026-04-23,219,10,delivery
1570,2026-01-07,124,8,web
1571,2025-09-15,328,9,app
1572,2025-09-06,300,8,delivery
1573,2026-01-20,311,9,web
1574,2025-04-11,295,2,dine-in
1575,2026-03-08,418,7,dine-in
1576,2025-02-08,482,7,web
1577,2025-07-05,13,6,dine-in
1578,2025-09-17,184,6,app
1579,2025-11-29,235,5,delivery
1580,2026-02-15,386,6,delivery
1581,2025-11-21,425,5,dine-in
1582,2025-11-17,319,8,delivery
1583,2026-01-06,387,3,delivery
1584,2025-10-31,388,9,phone
1585,2025-07-23,48,2,phone
1586,2025-05-17,472,7,dine-in
1587,2025-02-11,126,9,delivery
1588,2025-08-20,226,4,delivery
1589,2025-01-22,440,10,web
1590,2026-02-14,322,10,web
1591,2026-01-09,461,4,app
1592,2025-09-10,408,9,phone
1593,2025-11-18,54,10,delivery
1594,2026-04-22,138,10,dine-in
1595,2026-04-05,287,1,app
1596,2025-10-10,292,5,dine-in
1597,2025-11-14,276,5,app
1598,2025-11-19,442,1,phone
1599,2025-05-03,397,2,phone
1600,2025-06-15,376,4,delivery
1601,2026-05-22,374,2,app
1602,2026-02-01,413,7,web
1603,2026-03-17,451,5,web
1604,2026-02-16,103,4,app
1605,2025-04-07,269,5,dine-in
1606,2026-01-18,49,3,dine-in
1607,2026-01-29,157,1,phone
1608,2026-05-26,94,9,delivery
1609,2025-07-01,457,8,delivery
1610,2025-02-09,479,9,dine-in
1611,2026-06-15,86,2,web
1612,2026-04-11,476,9,web
1613,2025-09-03,492,8,delivery
1614,2025-04-12,435,9,dine-in
1615,2026-06-19,202,9,delivery
1616,2026-03-13,207,7,web
1617,2026-05-19,54,6,phone
1618,2025-02-26,271,1,delivery
1619,2025-06-27,329,6,dine-in
1620,2026-01-30,97,6,phone
1621,2026-03-21,379,9,phone
1622,2025-02-15,467,4,dine-in
1623,2025-07-31,293,10,dine-in
1624,2025-07-30,461,2,app
1625,2025-12-05,91,7,delivery
1626,2025-09-10,319,5,web
1627,2025-01-11,213,7,web
1628,2025-01-11,321,7,dine-in
1629,2025-06-12,462,8,dine-in
1630,2025-09-20,490,7,app
1631,2026-02-09,422,4,dine-in
1632,2025-08-23,20,7,delivery
1633,2025-03-11,124,7,phone
1634,2026-05-31,393,4,delivery
1635,2025-06-29,180,8,delivery
1636,2025-06-06,485,5,phone
1637,2025-07-19,172,8,dine-in
1638,2025-11-22,30,2,dine-in
1639,2026-01-15,20,3,dine-in
1640,2025-03-01,417,7,phone
1641,2025-02-06,289,9,dine-in
1642,2026-01-31,145,10,web
1643,2026-04-11,246,3,web
1644,2026-02-02,132,3,app
1645,2025-05-28,22,8,web
1646,2025-12-28,107,7,web
1647,2025-11-30,341,7,delivery
1648,2025-07-19,486,10,app
1649,2026-04-27,56,9,web
1650,2025-12-12,283,3,web
1651,2025-06-26,140,10,delivery
1652,2025-05-14,391,8,app
1653,2025-03-08,44,1,dine-in
1654,2025-11-17,477,6,delivery
1655,2026-01-07,320,6,phone
1656,2025-06-13,462,3,delivery
1657,2026-04-26,359,5,delivery
1658,2026-04-01,50,1,delivery
1659,2026-01-07,477,8,phone
1660,2025-12-19,454,6,dine-in
1661,2026-02-08,470,3,dine-in
1662,2025-03-27,182,10,web
1663,2026-03-04,87,6,app
1664,2026-05-17,164,3,dine-in
1665,2026-03-20,173,1,app
1666,2025-01-11,377,10,dine-in
1667,2025-02-06,356,5,web
1668,2025-12-17,68,6,app
1669,2026-04-06,471,2,app
1670,2025-04-20,125,2,delivery
1671,2025-03-19,5,1,app
1672,2026-04-17,324,6,dine-in
1673,2025-05-23,103,2,delivery
1674,2025-01-04,222,4,delivery
1675,2026-02-01,165,9,delivery
1676,2025-10-22,375,10,dine-in
1677,2025-07-13,359,2,dine-in
1678,2025-06-16,203,10,app
1679,2025-09-04,272,1,app
1680,2025-12-19,463,1,phone
1681,2025-04-01,164,10,app
1682,2025-11-23,231,6,web
1683,2025-07-14,117,10,delivery
1684,2026-02-24,239,8,app
1685,2026-03-06,487,1,delivery
1686,2026-03-21,406,3,delivery
1687,2026-04-29,77,5,app
1688,2025-11-07,425,9,app
1689,2026-05-27,222,7,delivery
1690,2025-10-24,73,4,phone
1691,2025-12-13,323,5,phone
1692,2026-01-18,414,3,app
1693,2025-08-28,466,6,web
1694,2025-05-11,495,6,phone
1695,2025-09-13,251,10,web
1696,2025-04-08,197,3,phone
1697,2025-09-30,35,8,web
1698,2026-01-08,435,1,web
1699,2025-12-31,423,10,web
1700,2025-11-18,310,9,delivery
1701,2025-10-30,376,1,delivery
1702,2025-11-02,134,4,delivery
1703,2025-03-22,189,8,delivery
1704,2025-04-21,480,5,web
1705,2025-05-12,166,1,dine-in
1706,2026-05-04,189,3,app
1707,2025-12-01,314,1,app
1708,2025-05-16,255,2,dine-in
1709,2025-08-29,48,6,app
1710,2025-03-05,269,7,web
1711,2026-04-05,82,2,app
1712,2025-01-25,27,4,web
1713,2025-08-27,487,3,delivery
1714,2025-01-20,262,5,web
1715,2026-03-01,282,2,dine-in
1716,2026-05-19,4,6,dine-in
1717,2025-01-08,469,10,app
1718,2025-09-20,172,4,app
1719,2026-04-02,309,9,web
1720,2025-04-20,381,4,delivery
1721,2025-11-07,185,8,dine-in
1722,2025-01-25,159,1,delivery
1723,2026-02-02,369,6,web
1724,2025-09-12,40,10,dine-in
1725,2025-02-21,439,1,app
1726,2026-01-26,374,10,delivery
1727,2025-08-09,331,4,web
1728,2025-02-05,461,2,app
1729,2025-05-04,471,1,web
1730,2025-08-29,234,10,phone
1731,2025-06-06,111,2,web
1732,2025-01-14,296,1,dine-in
1733,2025-01-25,344,5,delivery
1734,2025-02-15,448,10,web
1735,2026-01-12,234,8,phone
1736,2025-05-30,165,6,web
1737,2025-12-22,393,5,delivery
1738,2025-05-21,171,6,web
1739,2025-05-29,307,6,phone
1740,2026-02-10,42,7,dine-in
1741,2025-01-05,131,9,delivery
1742,2026-05-16,60,6,app
1743,2026-02-22,353,2,delivery
1744,2025-04-21,254,3,dine-in
1745,2025-04-09,488,4,dine-in
1746,2025-05-04,107,3,dine-in
1747,2025-05-02,217,6,web
1748,2025-11-04,176,7,app
1749,2026-05-05,326,10,phone
1750,2025-02-02,256,6,app
1751,2026-04-30,441,7,phone
1752,2025-12-26,486,8,dine-in
1753,2025-03-26,126,2,web
1754,2026-04-08,111,10,web
1755,2025-05-12,304,1,phone
1756,2025-02-19,130,10,dine-in
1757,2026-03-13,57,3,dine-in
1758,2026-02-01,398,3,web
1759,2025-08-17,175,10,web
1760,2025-04-29,52,3,delivery
1761,2026-03-25,255,6,web
1762,2026-01-13,326,9,dine-in
1763,2025-03-08,45,5,app
1764,2025-06-15,45,10,delivery
1765,2025-09-27,245,2,delivery
1766,2026-02-05,6,6,dine-in
1767,2025-09-30,300,9,dine-in
1768,2025-08-07,97,8,web
1769,2025-03-14,75,3,phone
1770,2025-03-16,290,3,delivery
1771,2026-03-19,22,6,web
1772,2026-01-18,201,8,phone
1773,2026-06-06,456,7,delivery
1774,2025-03-18,222,10,dine-in
1775,2025-02-10,190,5,web
1776,2025-12-01,471,5,web
1777,2025-05-21,241,6,dine-in
1778,2025-10-02,479,5,app
1779,2025-07-15,179,5,delivery
1780,2026-03-11,343,4,phone
1781,2026-01-06,365,9,phone
1782,2025-10-26,327,4,delivery
1783,2026-02-06,248,5,phone
1784,2026-01-21,417,9,web
1785,2025-09-18,476,8,web
1786,2026-03-14,322,8,phone
1787,2026-02-01,161,2,delivery
1788,2025-02-12,434,2,app
1789,2025-10-02,66,2,web
1790,2025-01-11,58,6,phone
1791,2025-10-01,476,9,app
1792,2025-11-21,391,4,delivery
1793,2025-10-04,415,8,dine-in
1794,2025-08-15,124,8,phone
1795,2025-10-14,55,1,delivery
1796,2026-04-02,110,4,dine-in
1797,2026-03-31,227,3,web
1798,2026-06-21,176,6,dine-in
1799,2025-03-21,308,7,delivery
1800,2025-10-25,461,4,web
1801,2026-04-09,366,1,web
1802,2026-04-02,466,7,dine-in
1803,2025-06-22,113,10,phone
1804,2025-02-19,390,4,dine-in
1805,2025-02-21,129,2,phone
1806,2025-10-13,446,3,delivery
1807,2025-06-30,148,9,web
1808,2025-03-20,35,2,app
1809,2026-01-13,371,3,delivery
1810,2025-10-06,263,1,phone
1811,2025-06-21,25,8,delivery
1812,2025-10-13,237,4,web
1813,2025-06-15,328,10,dine-in
1814,2025-01-01,148,8,phone
1815,2026-04-23,493,9,app
1816,2025-05-10,413,1,delivery
1817,2025-11-02,60,10,web
1818,2025-08-09,223,3,web
1819,2025-05-26,9,4,web
1820,2025-07-29,238,3,web
1821,2025-04-14,152,6,dine-in
1822,2025-03-21,307,5,app
1823,2025-06-19,6,2,delivery
1824,2026-01-16,13,8,web
1825,2025-10-19,189,1,phone
1826,2026-05-15,222,9,dine-in
1827,2025-12-05,339,8,app
1828,2026-01-29,142,7,delivery
1829,2025-01-13,489,3,delivery
1830,2025-08-04,1,2,delivery
1831,2026-05-10,403,2,delivery
1832,2026-04-16,416,6,phone
1833,2025-12-05,324,6,phone
1834,2026-06-17,350,5,phone
1835,2025-10-06,169,9,app
1836,2025-08-17,433,4,delivery
1837,2026-02-27,381,7,web
1838,2025-03-09,397,6,dine-in
1839,2025-05-02,158,4,web
1840,2025-10-21,125,10,delivery
1841,2025-04-14,43,2,dine-in
1842,2025-06-05,27,1,web
1843,2026-01-01,342,10,dine-in
1844,2025-12-05,52,1,phone
1845,2025-01-01,421,4,delivery
1846,2025-03-15,426,10,app
1847,2025-06-11,330,9,dine-in
1848,2025-06-16,356,8,web
1849,2026-03-05,414,4,app
1850,2025-02-07,41,1,phone
1851,2026-04-05,65,3,dine-in
1852,2026-05-09,223,7,dine-in
1853,2026-01-08,81,7,delivery
1854,2026-05-25,238,7,app
1855,2025-07-08,4,3,app
1856,2025-09-03,263,10,web
1857,2025-01-10,324,6,app
1858,2025-07-26,109,3,app
1859,2025-07-21,223,1,web
1860,2026-02-22,302,2,web
1861,2025-08-17,231,5,app
1862,2025-09-18,203,5,dine-in
1863,2025-09-02,204,1,web
1864,2026-03-03,9,9,app
1865,2025-08-07,274,9,app
1866,2026-02-03,288,6,delivery
1867,2025-12-03,332,4,web
1868,2025-09-22,87,5,app
1869,2025-11-13,278,9,dine-in
1870,2025-01-04,489,4,dine-in
1871,2026-05-28,393,9,web
1872,2025-10-12,403,2,app
1873,2026-02-02,413,4,phone
1874,2025-03-06,84,3,app
1875,2026-05-06,474,6,dine-in
1876,2026-02-17,109,3,delivery
1877,2026-05-22,286,8,web
1878,2025-07-12,2,10,app
1879,2025-12-13,213,1,app
1880,2025-05-20,243,8,phone
1881,2025-11-21,126,5,phone
1882,2025-09-22,418,7,delivery
1883,2026-05-26,158,5,web
1884,2025-12-02,95,2,delivery
1885,2025-04-08,500,5,app
1886,2025-03-22,119,1,app
1887,2025-11-01,465,9,app
1888,2025-02-11,160,7,dine-in
1889,2025-01-05,55,8,dine-in
1890,2025-09-11,42,6,delivery
1891,2025-01-18,241,4,delivery
1892,2026-02-22,3,9,app
1893,2026-03-17,109,10,web
1894,2025-05-20,208,10,web
1895,2025-09-19,332,10,web
1896,2025-07-15,383,5,delivery
1897,2025-09-12,68,1,delivery
1898,2026-02-09,69,4,app
1899,2025-08-04,368,2,dine-in
1900,2025-05-07,445,6,app
1901,2025-05-30,106,7,app
1902,2025-09-06,251,8,app
1903,2026-04-15,269,5,delivery
1904,2026-04-30,403,9,dine-in
1905,2026-05-04,494,7,app
1906,2025-01-18,400,4,web
1907,2026-01-15,268,5,dine-in
1908,2025-01-21,33,10,dine-in
1909,2026-06-27,472,3,web
1910,2025-12-02,394,9,web
1911,2025-11-10,370,7,app
1912,2026-01-01,50,7,web
1913,2025-12-11,183,8,delivery
1914,2025-03-20,53,10,delivery
1915,2026-02-27,274,2,dine-in
1916,2025-02-07,132,1,phone
1917,2025-04-06,175,4,phone
1918,2025-09-04,23,8,app
1919,2026-05-17,419,4,web
1920,2025-10-12,1,7,app
1921,2025-04-10,322,10,dine-in
1922,2025-02-16,376,3,delivery
1923,2025-03-04,339,8,delivery
1924,2025-07-29,188,5,web
1925,2026-05-01,194,1,delivery
1926,2025-04-22,44,3,delivery
1927,2025-04-22,223,4,delivery
1928,2026-06-28,487,10,phone
1929,2025-08-09,489,8,web
1930,2025-09-24,311,4,dine-in
1931,2026-04-22,475,2,phone
1932,2025-05-10,462,1,delivery
1933,2026-02-09,466,10,delivery
1934,2025-08-26,410,3,delivery
1935,2025-03-17,124,9,phone
1936,2025-04-06,133,5,app
1937,2026-05-18,436,4,delivery
1938,2025-06-01,320,8,dine-in
1939,2025-10-10,434,6,dine-in
1940,2025-01-28,397,1,dine-in
1941,2025-03-25,43,4,web
1942,2026-01-16,30,10,dine-in
1943,2025-04-28,407,9,app
1944,2026-05-04,148,8,phone
1945,2025-10-23,257,10,dine-in
1946,2025-01-27,23,10,dine-in
1947,2025-09-09,194,6,app
1948,2026-06-13,141,9,delivery
1949,2026-06-08,117,6,app
1950,2025-06-24,402,10,web
1951,2025-02-10,321,8,dine-in
1952,2025-12-30,403,1,phone
1953,2025-02-18,476,2,web
1954,2025-01-06,134,5,delivery
1955,2026-06-26,332,2,web
1956,2026-02-14,317,5,delivery
1957,2025-05-14,189,9,web
1958,2025-03-26,237,1,web
1959,2025-10-25,444,1,delivery
1960,2025-07-11,151,4,dine-in
1961,2025-11-12,211,5,app
1962,2025-04-22,189,4,phone
1963,2025-05-18,239,10,dine-in
1964,2025-09-02,105,4,delivery
1965,2025-05-06,203,4,delivery
1966,2026-04-11,270,8,dine-in
1967,2025-09-04,304,2,delivery
1968,2025-02-05,371,2,dine-in
1969,2026-06-22,457,1,dine-in
1970,2025-04-20,172,7,dine-in
1971,2025-09-08,353,7,app
1972,2025-05-03,492,7,dine-in
1973,2025-05-18,454,1,dine-in
1974,2025-10-21,56,9,app
1975,2025-12-18,430,1,phone
1976,2025-06-11,483,4,phone
1977,2025-12-10,173,7,dine-in
1978,2025-10-29,67,9,phone
1979,2025-09-01,253,7,web
1980,2025-05-12,219,1,dine-in
1981,2026-01-05,200,7,phone
1982,2026-01-31,79,8,dine-in
1983,2025-09-18,460,6,app
1984,2026-06-06,282,3,web
1985,2026-05-12,218,9,delivery
1986,2025-02-11,60,4,app
1987,2026-04-04,400,4,app
1988,2026-06-26,70,7,dine-in
1989,2025-05-08,28,2,app
1990,2025-03-08,412,5,app
1991,2025-09-19,299,3,web
1992,2026-04-13,46,9,app
1993,2025-09-12,76,6,phone
1994,2026-05-28,455,5,phone
1995,2025-08-17,151,3,web
1996,2026-04-30,80,7,dine-in
1997,2025-08-10,159,9,delivery
1998,2026-01-06,333,4,phone
1999,2025-10-19,424,1,app
2000,2026-03-21,175,1,phone
2001,2025-05-31,223,5,dine-in
2002,2025-01-16,288,8,web
2003,2025-05-30,393,4,phone
2004,2025-10-01,205,9,delivery
2005,2025-10-06,321,1,dine-in
2006,2026-06-11,223,10,web
2007,2025-07-17,417,10,app
2008,2026-01-20,271,1,phone
2009,2025-11-26,28,8,web
2010,2026-03-30,329,7,delivery
2011,2025-08-14,327,5,app
2012,2026-03-28,227,10,app
2013,2026-02-26,344,3,phone
2014,2026-05-19,372,8,web
2015,2025-03-10,394,5,dine-in
2016,2025-07-27,233,4,dine-in
2017,2025-06-25,104,6,web
2018,2025-03-23,238,1,delivery
2019,2025-06-17,1,7,dine-in
2020,2025-11-22,68,8,web
2021,2025-10-31,158,5,phone
2022,2025-11-27,25,3,web
2023,2025-10-19,28,4,web
2024,2026-02-12,241,9,dine-in
2025,2026-06-10,88,3,dine-in
2026,2025-04-05,450,8,phone
2027,2026-06-16,477,7,delivery
2028,2026-03-25,120,7,delivery
2029,2025-07-01,279,6,web
2030,2026-04-06,492,1,web
2031,2026-02-17,441,8,delivery
2032,2025-05-28,44,3,delivery
2033,2025-06-13,45,7,app
2034,2026-04-04,480,2,app
2035,2025-03-16,293,3,app
2036,2025-10-02,121,7,phone
2037,2025-02-08,436,6,dine-in
2038,2025-09-14,260,5,delivery
2039,2025-03-09,332,2,app
2040,2026-03-28,47,6,delivery
2041,2026-02-04,245,4,phone
2042,2026-01-25,400,2,phone
2043,2026-04-18,254,10,phone
2044,2025-06-07,429,3,app
2045,2026-06-29,163,9,dine-in
2046,2025-10-03,453,1,app
2047,2025-02-01,345,2,delivery
2048,2025-10-02,129,3,phone
2049,2025-10-29,96,4,delivery
2050,2025-04-16,175,7,delivery
2051,2025-12-12,370,8,delivery
2052,2025-08-15,445,4,app
2053,2026-02-05,190,6,dine-in
2054,2026-05-15,396,5,app
2055,2025-05-03,450,9,phone
2056,2026-05-08,307,8,delivery
2057,2025-12-08,298,4,app
2058,2025-08-04,202,5,dine-in
2059,2025-07-27,55,4,delivery
2060,2026-06-22,50,4,web
2061,2025-04-22,146,2,dine-in
2062,2026-06-21,243,9,dine-in
2063,2026-01-05,67,4,phone
2064,2026-03-15,214,1,app
2065,2025-05-22,253,6,phone
2066,2026-03-09,494,6,app
2067,2025-03-26,416,7,app
2068,2025-02-10,22,3,app
2069,2025-03-16,491,4,delivery
2070,2025-11-21,36,4,dine-in
2071,2026-03-12,285,3,dine-in
2072,2026-01-28,198,10,phone
2073,2026-03-28,369,5,web
2074,2026-06-12,379,3,app
2075,2025-04-19,378,3,delivery
2076,2025-05-27,450,1,app
2077,2025-01-09,454,2,phone
2078,2025-07-28,368,9,web
2079,2025-03-31,341,8,delivery
2080,2025-11-25,134,6,phone
2081,2025-02-03,167,3,phone
2082,2026-04-10,196,9,delivery
2083,2025-07-06,368,8,dine-in
2084,2025-08-11,475,10,phone
2085,2025-06-26,80,10,phone
2086,2025-04-14,376,7,app
2087,2025-08-30,284,9,delivery
2088,2026-01-08,360,4,phone
2089,2026-03-04,63,8,web
2090,2025-12-07,134,5,phone
2091,2026-03-26,2,3,phone
2092,2025-12-06,127,10,web
2093,2026-06-16,125,3,delivery
2094,2025-04-11,69,6,web
2095,2025-06-27,20,1,app
2096,2026-03-25,179,4,app
2097,2025-02-11,104,1,app
2098,2025-11-25,57,8,dine-in
2099,2025-01-24,399,3,phone
2100,2025-12-23,340,1,dine-in
2101,2026-06-08,99,1,phone
2102,2026-04-27,43,4,phone
2103,2025-06-05,60,4,delivery
2104,2026-04-17,210,8,delivery
2105,2025-04-02,60,2,web
2106,2025-02-02,229,3,app
2107,2025-10-28,293,4,web
2108,2025-11-05,398,9,dine-in
2109,2025-04-03,146,1,phone
2110,2025-12-01,69,3,phone
2111,2026-01-11,496,6,web
2112,2025-01-02,413,4,phone
2113,2025-04-10,118,8,dine-in
2114,2025-12-01,277,6,web
2115,2025-06-09,14,3,web
2116,2026-01-06,315,3,web
2117,2025-06-20,307,10,dine-in
2118,2025-08-22,67,3,app
2119,2025-09-25,488,3,dine-in
2120,2025-02-03,128,1,dine-in
2121,2026-02-20,490,8,phone
2122,2025-12-23,191,5,web
2123,2025-05-21,429,5,web
2124,2025-05-06,20,4,dine-in
2125,2026-05-16,83,7,phone
2126,2026-06-14,50,6,web
2127,2025-02-01,445,2,app
2128,2025-07-20,261,1,web
2129,2025-02-18,417,5,app
2130,2025-07-21,13,1,phone
2131,2026-03-16,306,5,web
2132,2025-01-06,171,4,delivery
2133,2026-03-24,422,3,dine-in
2134,2026-05-02,10,1,dine-in
2135,2025-01-26,387,2,dine-in
2136,2026-05-13,342,8,dine-in
2137,2025-08-30,279,9,dine-in
2138,2025-03-09,163,3,dine-in
2139,2025-11-01,332,10,web
2140,2025-07-23,238,10,web
2141,2026-01-27,309,9,app
2142,2025-04-12,77,4,web
2143,2025-08-27,426,3,app
2144,2025-10-24,299,10,dine-in
2145,2025-05-23,14,4,web
2146,2025-06-25,55,2,web
2147,2025-01-29,323,5,dine-in
2148,2026-06-10,305,9,phone
2149,2026-05-31,321,10,app
2150,2026-02-13,458,5,app
2151,2026-06-19,263,4,phone
2152,2025-09-23,277,1,web
2153,2026-01-25,289,2,app
2154,2025-10-04,406,3,phone
2155,2026-05-04,341,1,app
2156,2025-08-23,366,2,app
2157,2026-03-10,58,6,web
2158,2025-09-12,91,8,app
2159,2025-04-20,399,8,phone
2160,2025-10-17,428,10,web
2161,2025-09-30,232,9,app
2162,2025-12-13,53,7,delivery
2163,2026-02-21,141,9,phone
2164,2025-09-30,274,7,phone
2165,2025-05-21,133,7,web
2166,2025-03-11,218,1,phone
2167,2025-03-17,110,2,phone
2168,2025-06-17,421,4,web
2169,2026-05-02,369,7,dine-in
2170,2026-06-08,49,7,app
2171,2026-01-04,465,5,app
2172,2025-02-02,447,4,app
2173,2026-04-27,387,8,dine-in
2174,2025-02-12,280,9,dine-in
2175,2026-02-28,265,2,delivery
2176,2025-09-29,280,7,phone
2177,2026-03-27,160,9,web
2178,2025-11-18,412,1,dine-in
2179,2025-07-04,30,8,app
2180,2025-02-15,180,2,dine-in
2181,2026-02-09,107,7,app
2182,2025-04-13,264,10,app
2183,2025-02-20,13,10,phone
2184,2025-07-03,25,5,web
2185,2026-03-18,255,7,dine-in
2186,2025-11-19,217,6,web
2187,2025-11-23,494,4,delivery
2188,2025-09-06,439,6,app
2189,2025-12-11,359,5,dine-in
2190,2025-12-09,310,10,app
2191,2026-03-12,83,3,dine-in
2192,2026-03-15,494,8,web
2193,2026-02-04,15,2,dine-in
2194,2026-01-17,467,9,app
2195,2026-06-13,203,8,web
2196,2026-01-02,228,1,app
2197,2025-03-19,76,2,delivery
2198,2025-09-15,118,8,app
2199,2026-01-31,444,9,dine-in
2200,2025-06-29,159,3,dine-in
2201,2026-01-06,409,5,dine-in
2202,2025-09-18,157,6,app
2203,2025-07-18,79,8,app
2204,2025-07-31,125,5,delivery
2205,2025-03-16,460,8,app
2206,2025-03-04,411,2,phone
2207,2026-01-31,312,4,app
2208,2025-12-05,435,4,app
2209,2025-04-17,264,2,web
2210,2025-12-20,89,5,app
2211,2025-02-24,423,9,delivery
2212,2026-04-07,361,9,dine-in
2213,2025-11-25,124,10,dine-in
2214,2025-09-19,448,9,web
2215,2025-11-10,162,8,phone
2216,2026-04-06,349,3,app
2217,2026-01-26,364,5,delivery
2218,2026-04-06,84,9,delivery
2219,2026-05-27,16,7,delivery
2220,2025-02-20,365,10,phone
2221,2025-04-30,8,3,delivery
2222,2026-06-19,198,8,web
2223,2026-05-08,367,7,dine-in
2224,2025-10-30,97,6,web
2225,2025-08-29,460,9,app
2226,2025-02-18,403,8,app
2227,2025-11-20,427,2,dine-in
2228,2025-01-18,235,7,delivery
2229,2025-12-04,488,10,web
2230,2026-03-20,498,7,web
2231,2025-11-03,445,2,dine-in
2232,2025-11-28,52,7,phone
2233,2025-01-16,189,9,delivery
2234,2026-02-19,82,7,phone
2235,2026-06-17,460,10,dine-in
2236,2025-02-01,190,10,web
2237,2026-04-11,460,7,dine-in
2238,2026-03-18,452,6,web
2239,2025-01-06,390,10,app
2240,2026-06-07,161,2,web
2241,2025-10-31,198,10,delivery
2242,2025-05-29,144,2,phone
2243,2025-12-09,263,10,dine-in
2244,2025-05-16,54,9,app
2245,2026-06-02,65,1,phone
2246,2025-01-19,481,1,dine-in
2247,2025-06-25,109,3,app
2248,2025-10-14,3,1,dine-in
2249,2026-04-09,124,2,delivery
2250,2025-03-09,31,6,phone
2251,2026-01-16,500,1,phone
2252,2025-03-30,162,3,web
2253,2026-01-07,117,8,dine-in
2254,2025-03-14,415,7,phone
2255,2025-03-30,450,9,phone
2256,2025-05-25,409,10,phone
2257,2025-09-21,143,8,dine-in
2258,2026-05-01,104,5,phone
2259,2025-03-14,19,5,app
2260,2026-02-17,114,3,dine-in
2261,2025-09-05,173,3,web
2262,2026-03-22,20,7,web
2263,2025-09-15,457,5,phone
2264,2025-08-22,196,5,web
2265,2025-02-24,229,8,app
2266,2026-04-05,318,6,app
2267,2025-06-13,106,10,delivery
2268,2025-12-08,462,6,dine-in
2269,2025-11-13,375,1,phone
2270,2025-04-13,487,2,dine-in
2271,2025-12-03,413,5,web
2272,2026-01-15,471,4,app
2273,2025-05-19,94,8,app
2274,2025-02-21,41,6,dine-in
2275,2025-09-23,226,10,app
2276,2025-02-14,490,8,dine-in
2277,2025-12-29,363,10,app
2278,2025-03-09,25,1,web
2279,2025-01-13,105,10,dine-in
2280,2025-05-10,481,1,delivery
2281,2025-11-04,321,10,dine-in
2282,2025-06-28,492,9,app
2283,2025-12-15,76,1,app
2284,2025-01-20,204,10,web
2285,2026-02-01,368,8,web
2286,2025-10-01,356,3,delivery
2287,2026-01-19,442,4,dine-in
2288,2026-04-15,194,3,app
2289,2025-03-16,253,4,web
2290,2025-04-19,236,9,app
2291,2025-06-03,113,4,app
2292,2025-02-10,330,7,dine-in
2293,2026-06-07,130,4,dine-in
2294,2026-02-07,228,4,delivery
2295,2025-12-09,491,8,app
2296,2026-03-10,160,3,web
2297,2026-03-06,344,3,dine-in
2298,2025-07-11,40,5,web
2299,2025-04-28,47,6,delivery
2300,2025-07-13,221,3,dine-in
2301,2025-05-08,268,10,web
2302,2025-04-07,223,2,dine-in
2303,2025-11-17,292,8,web
2304,2026-06-14,23,1,app
2305,2025-08-10,35,9,web
2306,2026-06-06,142,6,app
2307,2026-06-11,71,3,web
2308,2025-08-07,315,5,phone
2309,2025-06-09,31,5,dine-in
2310,2025-05-15,474,9,dine-in
2311,2025-07-20,359,1,delivery
2312,2025-08-01,26,5,delivery
2313,2026-03-26,255,6,delivery
2314,2025-07-18,22,3,phone
2315,2025-02-18,209,5,web
2316,2025-12-19,367,10,delivery
2317,2025-08-18,68,2,dine-in
2318,2025-03-17,241,5,web
2319,2026-06-28,112,2,dine-in
2320,2026-02-01,201,3,delivery
2321,2025-05-02,215,8,dine-in
2322,2026-01-13,497,7,web
2323,2025-03-28,293,9,web
2324,2025-11-04,336,1,web
2325,2026-03-03,177,1,app
2326,2026-03-21,452,2,dine-in
2327,2025-12-18,482,9,app
2328,2025-02-10,274,8,phone
2329,2026-02-22,76,4,app
2330,2026-01-25,135,4,delivery
2331,2026-04-17,499,3,app
2332,2025-08-30,116,4,app
2333,2025-09-04,40,2,app
2334,2026-02-04,470,10,app
2335,2025-12-10,485,4,app
2336,2025-10-05,202,7,phone
2337,2025-07-01,176,5,app
2338,2025-01-09,294,6,phone
2339,2025-05-27,166,6,phone
2340,2025-01-14,233,5,delivery
2341,2025-09-30,93,7,dine-in
2342,2025-07-20,127,3,web
2343,2025-11-13,110,1,web
2344,2025-01-19,16,9,dine-in
2345,2026-04-03,48,9,app
2346,2025-06-30,222,9,web
2347,2025-04-26,255,4,delivery
2348,2026-02-25,408,6,delivery
2349,2025-05-16,296,7,web
2350,2025-10-13,467,1,dine-in
2351,2025-03-06,13,6,app
2352,2025-06-05,248,3,delivery
2353,2025-11-24,238,4,dine-in
2354,2025-08-11,391,7,phone
2355,2025-02-05,102,2,delivery
2356,2025-06-30,465,1,phone
2357,2025-09-10,177,3,app
2358,2025-06-01,87,3,web
2359,2025-06-28,1,5,app
2360,2025-08-21,217,7,dine-in
2361,2026-04-16,24,9,delivery
2362,2025-07-24,196,1,dine-in
2363,2025-06-09,203,2,app
2364,2025-07-07,362,2,web
2365,2026-05-05,103,6,web
2366,2025-05-26,488,3,phone
2367,2025-10-27,130,3,app
2368,2025-07-08,92,6,web
2369,2025-12-12,109,6,dine-in
2370,2025-04-28,273,1,app
2371,2025-11-19,118,9,app
2372,2025-11-28,77,1,dine-in
2373,2025-02-28,261,5,web
2374,2026-01-10,198,2,app
2375,2025-03-16,410,3,dine-in
2376,2025-12-17,169,7,app
2377,2025-04-04,296,7,phone
2378,2026-05-24,184,3,dine-in
2379,2025-06-12,342,1,dine-in
2380,2025-07-26,293,4,web
2381,2026-06-20,243,4,dine-in
2382,2025-08-25,41,10,delivery
2383,2025-01-29,236,6,phone
2384,2025-11-13,104,2,phone
2385,2025-12-03,159,4,dine-in
2386,2025-05-04,301,2,app
2387,2026-05-13,414,7,app
2388,2025-02-21,1,3,web
2389,2025-11-01,294,8,phone
2390,2026-03-13,354,1,app
2391,2025-08-14,241,4,dine-in
2392,2025-04-23,452,10,app
2393,2025-11-25,106,1,app
2394,2025-06-14,237,7,delivery
2395,2025-12-10,314,7,app
2396,2025-09-26,448,5,delivery
2397,2025-05-05,203,10,phone
2398,2025-09-22,142,10,web
2399,2025-09-28,9,9,phone
2400,2025-12-03,257,7,delivery
2401,2025-10-04,52,4,delivery
2402,2026-04-02,67,1,delivery
2403,2025-02-14,246,6,app
2404,2026-01-15,173,8,phone
2405,2025-01-11,22,5,app
2406,2025-02-25,422,1,delivery
2407,2026-04-18,171,7,app
2408,2025-01-03,285,7,dine-in
2409,2025-11-02,97,5,app
2410,2025-02-19,454,4,app
2411,2025-05-19,18,4,delivery
2412,2025-04-21,10,5,delivery
2413,2026-02-10,401,9,dine-in
2414,2025-11-18,364,3,phone
2415,2025-04-02,332,8,web
2416,2025-08-01,431,6,dine-in
2417,2025-02-18,84,3,phone
2418,2025-06-13,102,4,delivery
2419,2025-01-17,69,6,web
2420,2025-01-11,118,1,delivery
2421,2025-03-11,376,2,web
2422,2025-12-22,385,6,delivery
2423,2026-01-15,108,1,dine-in
2424,2025-09-22,418,8,delivery
2425,2025-05-15,24,3,phone
2426,2025-01-17,47,8,delivery
2427,2026-01-18,30,8,web
2428,2026-05-03,329,8,app
2429,2025-09-28,26,7,app
2430,2026-04-26,323,3,app
2431,2025-11-21,307,1,phone
2432,2025-09-18,469,9,delivery
2433,2026-04-08,294,2,delivery
2434,2025-03-30,25,2,phone
2435,2025-02-21,343,2,web
2436,2025-10-26,356,1,delivery
2437,2025-09-15,356,6,delivery
2438,2025-05-26,464,8,web
2439,2025-01-22,185,5,delivery
2440,2025-11-25,351,5,phone
2441,2025-07-20,104,5,app
2442,2026-05-27,261,10,phone
2443,2025-01-11,441,6,phone
2444,2025-07-14,404,8,web
2445,2025-08-03,82,10,app
2446,2025-06-24,82,6,phone
2447,2025-12-24,278,2,delivery
2448,2025-06-11,78,10,app
2449,2026-02-25,112,1,delivery
2450,2026-03-23,126,8,delivery
2451,2026-01-22,39,6,app
2452,2025-12-14,50,4,delivery
2453,2025-02-11,23,5,phone
2454,2025-03-27,91,3,dine-in
2455,2025-10-31,262,2,app
2456,2026-05-27,206,5,dine-in
2457,2025-04-23,272,6,app
2458,2025-11-09,385,3,dine-in
2459,2025-07-01,292,9,web
2460,2026-02-02,327,7,app
2461,2025-05-13,112,5,delivery
2462,2026-03-23,415,3,delivery
2463,2025-01-18,157,2,dine-in
2464,2025-10-16,376,8,phone
2465,2026-04-03,79,7,phone
2466,2026-06-11,358,4,dine-in
2467,2026-03-19,217,7,dine-in
2468,2025-12-23,480,4,delivery
2469,2025-01-04,165,1,app
2470,2025-08-29,282,1,app
2471,2025-06-25,338,10,phone
2472,2026-02-12,274,7,delivery
2473,2025-07-31,452,9,phone
2474,2025-12-11,326,2,phone
2475,2025-04-22,1,2,delivery
2476,2025-07-25,461,4,phone
2477,2025-08-18,179,3,web
2478,2025-11-30,363,1,web
2479,2026-01-15,423,10,delivery
2480,2026-06-20,52,5,delivery
2481,2026-04-24,311,8,web
2482,2025-04-24,181,10,web
2483,2026-05-25,92,1,delivery
2484,2025-12-29,295,2,delivery
2485,2025-06-16,176,6,delivery
2486,2025-11-02,454,3,phone
2487,2026-05-02,74,10,web
2488,2025-01-23,288,1,phone
2489,2025-10-19,208,5,dine-in
2490,2025-11-06,58,7,web
2491,2025-12-18,106,7,phone
2492,2025-01-29,136,5,app
2493,2025-06-20,340,9,web
2494,2025-05-02,428,1,delivery
2495,2025-03-04,10,9,delivery
2496,2025-01-01,285,9,phone
2497,2025-12-04,248,5,phone
2498,2025-09-26,427,2,phone
2499,2026-01-15,469,1,dine-in
2500,2025-12-20,369,7,web
2501,2025-12-31,331,4,dine-in
2502,2025-07-16,423,8,phone
2503,2025-01-20,335,2,phone
2504,2025-07-28,219,6,dine-in
2505,2025-10-30,156,5,delivery
2506,2025-10-08,341,6,web
2507,2025-04-30,166,6,phone
2508,2025-07-08,481,3,dine-in
2509,2025-08-09,478,5,web
2510,2025-11-11,246,7,app
2511,2026-03-24,168,3,dine-in
2512,2026-05-16,426,2,delivery
2513,2025-02-27,2,4,web
2514,2026-04-29,122,3,web
2515,2025-09-10,317,6,phone
2516,2025-07-05,300,5,delivery
2517,2025-04-29,258,6,web
2518,2025-02-23,271,1,app
2519,2025-10-03,242,4,app
2520,2026-06-26,375,5,dine-in
2521,2025-09-24,149,10,delivery
2522,2026-05-16,262,9,dine-in
2523,2026-03-08,43,2,delivery
2524,2025-07-06,219,1,phone
2525,2025-06-28,246,9,web
2526,2026-03-22,95,6,dine-in
2527,2025-12-01,426,4,app
2528,2026-06-09,290,2,app
2529,2026-05-06,227,7,delivery
2530,2025-09-21,455,7,web
2531,2025-01-30,354,1,dine-in
2532,2025-12-15,246,4,phone
2533,2025-12-15,84,2,dine-in
2534,2025-10-11,377,9,phone
2535,2026-01-15,225,3,phone
2536,2025-12-23,387,9,delivery
2537,2025-02-22,92,3,dine-in
2538,2025-03-17,420,3,app
2539,2025-03-25,237,1,app
2540,2025-09-30,407,4,web
2541,2025-08-11,327,1,delivery
2542,2025-09-09,313,8,phone
2543,2025-01-12,455,1,phone
2544,2025-02-18,190,6,delivery
2545,2025-11-17,382,9,phone
2546,2026-04-21,493,1,app
2547,2025-05-05,63,10,delivery
2548,2026-06-30,65,10,web
2549,2025-09-07,371,7,dine-in
2550,2025-12-02,424,9,dine-in
2551,2025-12-02,32,3,app
2552,2025-03-13,464,6,phone
2553,2025-12-24,261,10,web
2554,2025-03-03,361,1,app
2555,2026-04-07,341,4,dine-in
2556,2026-05-15,291,3,app
2557,2026-02-07,490,10,dine-in
2558,2026-04-28,249,3,web
2559,2026-03-08,393,7,web
2560,2025-10-30,91,9,dine-in
2561,2025-03-20,18,2,phone
2562,2025-11-03,210,5,dine-in
2563,2025-01-02,70,8,delivery
2564,2026-05-14,215,4,web
2565,2025-09-27,325,5,app
2566,2025-01-23,295,7,phone
2567,2026-02-16,134,10,dine-in
2568,2026-06-06,233,5,app
2569,2026-04-10,70,8,dine-in
2570,2025-04-19,388,7,app
2571,2025-08-02,303,9,phone
2572,2025-07-30,281,8,web
2573,2025-10-18,390,8,web
2574,2025-04-07,120,1,phone
2575,2025-12-24,99,9,web
2576,2025-05-11,203,3,app
2577,2025-06-24,442,4,dine-in
2578,2025-12-31,231,8,delivery
2579,2025-03-09,11,1,web
2580,2025-09-03,431,9,dine-in
2581,2025-11-13,51,3,delivery
2582,2026-05-02,78,7,app
2583,2025-05-28,95,5,dine-in
2584,2026-03-06,52,2,phone
2585,2025-11-09,196,9,web
2586,2025-08-09,26,8,dine-in
2587,2025-06-23,29,3,dine-in
2588,2025-08-31,201,7,delivery
2589,2025-07-21,210,9,phone
2590,2026-04-22,244,10,app
2591,2026-05-22,125,3,app
2592,2025-08-10,316,8,dine-in
2593,2025-06-25,83,2,dine-in
2594,2026-06-06,242,2,web
2595,2025-10-14,381,7,dine-in
2596,2026-04-11,132,5,delivery
2597,2025-07-08,185,3,dine-in
2598,2025-05-26,489,1,phone
2599,2025-07-04,193,10,dine-in
2600,2025-12-28,162,2,delivery
2601,2026-04-22,309,5,phone
2602,2025-10-04,486,6,app
2603,2025-04-24,164,9,phone
2604,2026-02-19,388,5,phone
2605,2025-05-10,110,8,web
2606,2026-05-28,270,5,app
2607,2025-04-01,290,2,phone
2608,2025-05-14,44,7,app
2609,2026-06-26,478,4,web
2610,2025-08-24,143,9,app
2611,2026-06-25,211,6,app
2612,2026-05-19,352,3,dine-in
2613,2025-01-03,32,1,dine-in
2614,2025-04-24,314,1,dine-in
2615,2025-05-02,208,1,dine-in
2616,2025-06-05,421,4,delivery
2617,2026-04-16,379,10,dine-in
2618,2026-03-12,246,5,web
2619,2026-06-12,142,4,delivery
2620,2026-06-20,452,2,app
2621,2026-01-14,356,5,app
2622,2025-06-03,499,1,delivery
2623,2025-11-28,391,4,app
2624,2025-09-14,146,10,app
2625,2025-05-22,137,1,delivery
2626,2025-06-05,472,3,delivery
2627,2026-06-28,178,9,dine-in
2628,2025-07-17,211,5,delivery
2629,2025-10-29,45,3,phone
2630,2025-05-23,283,6,dine-in
2631,2025-03-13,322,3,app
2632,2025-04-28,453,1,dine-in
2633,2025-02-25,44,3,phone
2634,2025-01-31,46,3,delivery
2635,2026-03-14,36,6,dine-in
2636,2026-06-30,367,6,dine-in
2637,2025-11-16,196,1,app
2638,2025-08-13,437,5,web
2639,2025-04-01,171,4,dine-in
2640,2025-11-13,252,3,app
2641,2026-05-18,210,9,delivery
2642,2025-05-10,423,8,delivery
2643,2025-12-26,478,7,delivery
2644,2026-03-29,453,7,phone
2645,2025-06-13,297,1,delivery
2646,2025-11-07,257,10,web
2647,2025-08-03,158,1,app
2648,2025-03-30,173,7,app
2649,2025-01-18,497,7,app
2650,2026-05-20,397,4,phone
2651,2026-04-20,128,1,web
2652,2025-10-22,257,9,delivery
2653,2025-10-11,301,7,phone
2654,2025-09-23,444,1,app
2655,2025-02-14,94,2,delivery
2656,2025-07-10,127,1,dine-in
2657,2026-05-24,73,2,phone
2658,2026-04-03,282,10,phone
2659,2025-10-10,17,1,delivery
2660,2026-05-24,383,2,phone
2661,2026-02-02,453,3,app
2662,2025-09-22,51,10,app
2663,2025-03-20,106,8,app
2664,2025-05-03,12,8,delivery
2665,2025-08-21,240,2,web
2666,2026-06-09,57,10,web
2667,2026-01-29,129,8,web
2668,2026-05-12,174,4,dine-in
2669,2025-01-16,345,9,app
2670,2025-09-21,343,5,delivery
2671,2025-05-05,201,10,dine-in
2672,2025-09-23,204,8,dine-in
2673,2025-05-02,126,10,app
2674,2025-04-29,430,7,app
2675,2025-01-10,112,4,app
2676,2026-06-20,393,5,delivery
2677,2025-08-16,296,3,app
2678,2025-04-20,379,7,phone
2679,2025-11-20,440,4,dine-in
2680,2026-01-22,244,6,phone
2681,2025-12-04,120,5,phone
2682,2025-11-30,9,2,app
2683,2026-03-11,439,2,app
2684,2025-03-20,464,8,web
2685,2026-05-25,260,2,app
2686,2026-04-18,83,4,web
2687,2025-10-27,223,6,app
2688,2025-04-15,14,8,delivery
2689,2026-04-20,63,6,web
2690,2026-05-08,341,1,delivery
2691,2025-11-11,117,9,dine-in
2692,2025-11-05,258,6,web
2693,2025-06-26,171,5,web
2694,2026-03-03,220,5,delivery
2695,2026-01-22,350,4,delivery
2696,2026-05-03,214,3,app
2697,2026-06-01,428,8,phone
2698,2025-01-31,409,5,phone
2699,2025-08-29,133,1,app
2700,2025-05-29,243,4,phone
2701,2025-01-10,161,4,app
2702,2026-05-27,364,6,app
2703,2025-01-29,124,9,app
2704,2026-02-17,384,3,web
2705,2025-06-29,484,3,web
2706,2026-04-21,426,6,web
2707,2025-06-11,316,9,app
2708,2026-02-18,296,9,delivery
2709,2025-04-17,428,7,phone
2710,2025-07-03,96,1,delivery
2711,2026-02-12,138,8,dine-in
2712,2025-01-26,445,2,web
2713,2026-04-02,455,1,app
2714,2025-07-23,107,3,web
2715,2026-03-28,82,10,app
2716,2025-02-03,380,7,app
2717,2025-11-29,56,10,delivery
2718,2026-05-21,93,9,dine-in
2719,2025-08-16,179,1,app
2720,2025-12-06,422,3,web
2721,2025-07-30,302,8,app
2722,2026-03-22,155,1,web
2723,2025-04-16,290,3,phone
2724,2025-03-21,463,6,app
2725,2025-02-05,300,4,delivery
2726,2025-06-27,4,3,delivery
2727,2025-12-06,177,1,dine-in
2728,2025-02-04,116,7,phone
2729,2025-07-17,449,3,app
2730,2025-05-16,4,9,dine-in
2731,2025-05-06,65,5,app
2732,2025-02-28,228,6,phone
2733,2025-09-06,496,8,web
2734,2026-01-16,143,3,dine-in
2735,2025-10-02,329,2,phone
2736,2025-04-11,301,3,delivery
2737,2026-02-15,66,7,app
2738,2025-04-16,460,3,dine-in
2739,2025-06-12,338,9,app
2740,2025-04-19,33,6,delivery
2741,2025-05-23,52,10,dine-in
2742,2026-05-12,470,10,web
2743,2026-01-19,355,5,delivery
2744,2025-09-18,322,6,phone
2745,2025-01-08,155,9,web
2746,2025-08-29,388,3,phone
2747,2025-10-24,492,7,app
2748,2025-12-08,326,9,app
2749,2025-11-25,359,7,web
2750,2026-06-05,137,7,web
2751,2026-01-07,157,4,app
2752,2025-06-26,94,6,dine-in
2753,2025-12-28,374,7,delivery
2754,2025-09-15,451,3,dine-in
2755,2025-06-16,126,5,dine-in
2756,2026-03-04,202,3,web
2757,2026-02-13,1,5,app
2758,2026-03-17,100,3,dine-in
2759,2025-03-18,26,2,phone
2760,2025-07-01,69,3,app
2761,2026-03-06,495,1,phone
2762,2025-11-25,205,5,web
2763,2026-03-05,426,1,web
2764,2025-12-29,6,1,phone
2765,2025-04-03,228,7,delivery
2766,2026-02-25,59,1,phone
2767,2025-07-24,367,2,web
2768,2025-07-02,238,8,web
2769,2025-08-02,405,5,phone
2770,2025-03-13,243,6,app
2771,2026-03-28,11,2,web
2772,2025-02-12,452,3,app
2773,2025-03-21,394,8,delivery
2774,2025-07-21,257,7,phone
2775,2025-10-28,396,9,app
2776,2025-02-12,144,8,delivery
2777,2025-09-30,33,1,dine-in
2778,2026-05-09,380,5,delivery
2779,2025-10-13,121,6,phone
2780,2025-08-14,245,9,dine-in
2781,2026-02-25,378,2,app
2782,2025-09-26,142,4,web
2783,2026-01-20,43,9,web
2784,2025-05-15,348,7,delivery
2785,2026-01-17,419,9,phone
2786,2026-04-09,244,3,phone
2787,2025-11-12,172,1,web
2788,2025-02-07,117,4,web
2789,2025-01-28,203,8,web
2790,2025-05-04,281,3,delivery
2791,2025-10-15,398,2,phone
2792,2026-04-08,261,9,web
2793,2025-02-17,199,8,delivery
2794,2026-05-31,388,8,web
2795,2025-11-27,435,1,app
2796,2025-03-02,135,9,web
2797,2026-03-30,16,7,web
2798,2026-02-16,391,3,phone
2799,2025-07-01,393,9,phone
2800,2025-06-13,252,2,phone
2801,2025-08-27,238,2,web
2802,2025-11-12,313,5,delivery
2803,2025-08-29,498,2,delivery
2804,2025-04-26,145,6,phone
2805,2026-03-26,98,1,app
2806,2026-06-09,381,5,delivery
2807,2025-03-19,239,9,dine-in
2808,2025-10-05,340,4,dine-in
2809,2025-04-16,195,5,phone
2810,2025-12-03,1,4,web
2811,2025-02-25,480,10,delivery
2812,2026-06-10,323,9,dine-in
2813,2026-02-16,77,9,delivery
2814,2025-12-01,386,1,dine-in
2815,2026-04-24,324,5,dine-in
2816,2025-01-03,217,10,dine-in
2817,2025-02-03,272,3,dine-in
2818,2025-06-29,473,7,delivery
2819,2026-01-26,323,3,app
2820,2025-03-25,92,1,app
2821,2025-08-09,209,10,dine-in
2822,2025-08-17,235,6,delivery
2823,2025-09-30,292,8,web
2824,2026-01-21,333,8,dine-in
2825,2025-11-22,69,5,dine-in
2826,2025-03-23,359,9,web
2827,2025-10-06,431,9,phone
2828,2026-04-08,256,4,phone
2829,2025-05-11,119,7,dine-in
2830,2025-03-17,67,6,phone
2831,2025-05-19,384,1,app
2832,2025-06-19,493,7,phone
2833,2025-03-16,495,8,phone
2834,2025-06-08,302,10,phone
2835,2026-05-04,443,7,phone
2836,2025-01-13,155,2,delivery
2837,2025-09-10,49,6,delivery
2838,2025-05-10,207,1,dine-in
2839,2025-10-24,153,1,web
2840,2025-08-21,437,1,app
2841,2025-05-02,9,4,phone
2842,2025-02-03,303,10,phone
2843,2025-05-19,152,1,app
2844,2025-12-11,426,4,dine-in
2845,2026-02-15,65,10,phone
2846,2026-02-16,274,3,dine-in
2847,2026-01-09,126,1,web
2848,2025-06-06,388,5,dine-in
2849,2025-06-17,163,4,dine-in
2850,2026-02-19,50,1,dine-in
2851,2025-03-05,116,7,dine-in
2852,2025-03-14,303,4,phone
2853,2025-10-28,437,5,app
2854,2025-01-27,228,9,web
2855,2025-01-06,355,8,web
2856,2026-01-01,46,8,delivery
2857,2025-03-22,138,6,web
2858,2025-12-29,261,1,app
2859,2025-11-25,459,8,app
2860,2025-04-30,472,7,dine-in
2861,2025-01-13,368,5,app
2862,2025-06-03,92,2,phone
2863,2026-01-27,202,3,dine-in
2864,2026-02-13,351,5,dine-in
2865,2025-12-13,47,7,app
2866,2026-03-04,68,4,dine-in
2867,2025-01-22,258,9,dine-in
2868,2025-06-22,22,2,phone
2869,2025-10-16,444,4,dine-in
2870,2025-05-29,416,7,web
2871,2025-10-10,284,6,phone
2872,2026-02-13,124,3,dine-in
2873,2026-02-17,17,5,web
2874,2026-04-27,348,1,web
2875,2025-02-28,443,9,delivery
2876,2025-10-24,200,2,phone
2877,2026-02-01,209,3,web
2878,2026-01-20,473,1,app
2879,2025-03-17,379,9,app
2880,2026-05-13,417,9,web
2881,2026-06-14,206,1,app
2882,2025-02-12,203,7,delivery
2883,2025-03-31,332,7,app
2884,2025-05-04,6,4,phone
2885,2025-06-18,31,4,dine-in
2886,2025-09-26,174,3,delivery
2887,2025-04-25,295,3,web
2888,2026-03-17,23,3,web
2889,2025-09-21,416,5,phone
2890,2025-10-16,356,5,app
2891,2025-01-17,323,9,dine-in
2892,2025-12-05,204,7,delivery
2893,2025-05-07,253,10,web
2894,2026-02-22,195,1,delivery
2895,2026-04-04,6,5,web
2896,2025-01-17,68,4,app
2897,2026-01-09,14,2,app
2898,2025-08-24,348,2,web
2899,2025-03-05,192,3,delivery
2900,2025-11-11,227,10,app
2901,2025-09-28,375,6,delivery
2902,2026-04-24,299,1,app
2903,2026-06-29,204,7,app
2904,2025-07-19,452,6,phone
2905,2026-01-19,352,8,dine-in
2906,2026-05-01,411,2,phone
2907,2025-07-10,84,1,phone
2908,2026-05-06,109,3,delivery
2909,2025-11-26,123,3,web
2910,2026-03-26,243,4,phone
2911,2025-05-25,24,3,delivery
2912,2025-01-01,34,7,phone
2913,2025-10-28,71,4,app
2914,2025-01-10,410,8,app
2915,2025-05-10,460,7,dine-in
2916,2025-08-15,64,1,dine-in
2917,2025-06-04,468,3,web
2918,2026-06-03,359,1,web
2919,2026-01-06,27,4,web
2920,2025-11-17,87,10,phone
2921,2026-04-30,406,5,dine-in
2922,2026-03-21,243,6,phone
2923,2026-01-16,292,1,web
2924,2026-02-19,98,9,app
2925,2025-10-01,162,10,web
2926,2026-05-12,384,10,phone
2927,2026-06-03,219,1,phone
2928,2025-08-01,74,7,web
2929,2025-09-21,458,7,dine-in
2930,2025-03-18,339,2,app
2931,2025-03-16,94,8,web
2932,2026-06-28,361,5,web
2933,2026-04-18,383,9,web
2934,2026-05-29,270,3,delivery
2935,2026-05-10,30,6,phone
2936,2025-03-20,375,4,app
2937,2025-10-05,201,1,app
2938,2025-09-05,498,1,phone
2939,2025-05-25,214,2,web
2940,2026-04-06,351,9,web
2941,2025-12-02,385,6,web
2942,2025-01-06,4,1,web
2943,2025-10-26,350,1,app
2944,2025-12-28,131,6,dine-in
2945,2025-09-24,36,9,phone
2946,2026-02-21,468,9,web
2947,2025-11-22,421,8,dine-in
2948,2025-09-09,210,4,dine-in
2949,2026-02-26,32,3,dine-in
2950,2025-08-17,16,10,app
2951,2025-01-13,299,7,dine-in
2952,2025-12-11,79,9,app
2953,2026-02-03,313,5,phone
2954,2025-02-13,238,4,app
2955,2026-05-26,328,4,phone
2956,2025-02-16,72,7,dine-in
2957,2025-05-31,334,1,delivery
2958,2025-05-24,171,9,app
2959,2025-11-16,79,1,delivery
2960,2026-03-27,341,8,web
2961,2025-04-27,337,5,dine-in
2962,2025-01-04,257,9,delivery
2963,2025-10-11,55,10,web
2964,2025-06-22,498,7,dine-in
2965,2025-06-19,236,7,web
2966,2025-07-17,359,1,web
2967,2025-04-05,416,9,dine-in
2968,2026-01-06,421,6,phone
2969,2026-03-07,476,3,delivery
2970,2026-05-01,61,8,phone
2971,2025-08-22,242,10,dine-in
2972,2025-11-20,422,5,phone
2973,2025-11-27,361,5,dine-in
2974,2025-02-10,432,8,delivery
2975,2025-03-01,286,10,app
2976,2025-06-21,208,9,delivery
2977,2025-01-24,441,3,dine-in
2978,2025-07-04,59,10,dine-in
2979,2026-06-20,330,7,dine-in
2980,2025-01-08,469,7,web
2981,2025-02-18,233,10,delivery
2982,2025-05-28,199,9,phone
2983,2026-06-08,340,7,app
2984,2025-12-02,236,9,phone
2985,2025-12-29,354,8,dine-in
2986,2025-08-12,52,6,app
2987,2025-02-03,184,3,dine-in
2988,2025-10-14,135,1,app
2989,2025-03-07,158,8,dine-in
2990,2025-08-21,332,6,dine-in
2991,2025-11-29,322,7,phone
2992,2026-03-25,450,8,phone
2993,2025-10-01,183,7,phone
2994,2025-01-26,469,4,web
2995,2026-05-07,112,8,phone
2996,2026-05-26,188,8,delivery
2997,2026-06-06,202,9,delivery
2998,2025-04-01,170,9,app
2999,2025-11-04,47,7,app
3000,2025-09-18,276,4,phone
3001,2026-01-29,434,8,app
3002,2025-10-18,333,2,web
3003,2025-01-04,173,1,delivery
3004,2026-02-19,290,9,dine-in
3005,2026-05-07,198,1,phone
3006,2025-10-22,14,3,phone
3007,2025-09-05,498,4,dine-in
3008,2025-01-31,295,10,web
3009,2026-03-02,194,8,web
3010,2026-01-22,213,7,web
3011,2025-11-17,383,7,delivery
3012,2025-08-14,138,10,phone
3013,2026-03-25,498,7,phone
3014,2025-01-17,49,8,web
3015,2025-11-08,142,7,dine-in
3016,2025-12-25,33,8,app
3017,2025-04-23,282,7,delivery
3018,2026-01-26,458,10,app
3019,2026-03-26,193,5,dine-in
3020,2025-11-28,2,3,app
3021,2025-10-23,474,5,phone
3022,2025-01-01,154,8,delivery
3023,2025-10-10,194,2,app
3024,2025-09-24,357,10,web
3025,2025-01-15,299,6,app
3026,2026-03-12,49,9,delivery
3027,2026-01-18,258,1,dine-in
3028,2026-05-07,495,4,dine-in
3029,2025-09-14,118,7,web
3030,2026-04-13,50,1,phone
3031,2025-02-24,209,9,dine-in
3032,2025-07-22,126,2,app
3033,2025-02-04,28,3,delivery
3034,2026-03-19,448,6,app
3035,2025-05-22,87,5,dine-in
3036,2025-01-28,207,7,web
3037,2025-03-19,132,6,phone
3038,2026-03-11,458,4,delivery
3039,2025-10-12,20,1,app
3040,2025-06-30,25,6,web
3041,2025-02-17,436,2,dine-in
3042,2025-08-17,295,2,delivery
3043,2026-06-14,194,2,delivery
3044,2025-12-10,427,7,app
3045,2025-11-02,396,5,phone
3046,2025-07-17,138,3,dine-in
3047,2026-04-30,321,4,app
3048,2025-04-05,172,3,web
3049,2025-06-11,190,4,phone
3050,2026-03-03,154,2,app
3051,2025-06-13,148,8,app
3052,2026-02-22,66,10,phone
3053,2026-02-02,253,10,delivery
3054,2026-04-14,443,7,delivery
3055,2025-10-21,211,9,app
3056,2025-05-31,152,10,web
3057,2025-03-21,213,2,app
3058,2026-02-08,460,9,delivery
3059,2026-01-24,31,8,delivery
3060,2026-03-10,418,8,phone
3061,2026-01-31,375,5,phone
3062,2026-02-12,402,4,phone
3063,2025-10-12,430,3,phone
3064,2026-02-20,106,4,phone
3065,2025-11-04,6,4,web
3066,2026-02-28,360,7,app
3067,2025-08-18,112,6,delivery
3068,2026-02-03,56,3,app
3069,2025-09-10,291,10,app
3070,2025-07-19,116,4,app
3071,2025-07-30,490,5,phone
3072,2025-09-29,46,1,dine-in
3073,2025-04-04,54,7,dine-in
3074,2025-03-27,396,1,dine-in
3075,2026-03-04,437,7,dine-in
3076,2025-09-10,150,3,dine-in
3077,2025-12-04,155,9,app
3078,2025-03-18,218,1,web
3079,2025-04-13,106,9,web
3080,2026-05-08,51,2,web
3081,2025-04-11,299,5,dine-in
3082,2025-06-15,497,9,phone
3083,2025-05-03,68,9,web
3084,2025-03-18,396,10,delivery
3085,2025-07-12,310,2,delivery
3086,2026-05-27,155,10,dine-in
3087,2025-12-23,146,1,dine-in
3088,2025-02-22,211,10,web
3089,2025-09-17,417,6,app
3090,2026-05-24,379,5,dine-in
3091,2026-01-08,145,8,dine-in
3092,2026-01-03,219,7,phone
3093,2026-01-14,55,10,app
3094,2025-10-31,454,3,delivery
3095,2026-01-06,208,6,dine-in
3096,2025-03-26,151,5,dine-in
3097,2026-03-08,441,3,app
3098,2026-06-09,228,2,dine-in
3099,2026-02-23,278,10,dine-in
3100,2025-01-08,242,7,delivery
3101,2025-12-26,446,3,delivery
3102,2025-06-29,285,3,app
3103,2026-04-28,168,3,phone
3104,2025-11-01,17,1,app
3105,2025-10-02,232,10,dine-in
3106,2025-09-10,178,1,app
3107,2025-06-18,393,9,phone
3108,2025-10-24,61,6,web
3109,2026-06-21,124,1,delivery
3110,2025-01-25,459,5,dine-in
3111,2025-12-07,447,3,phone
3112,2025-09-26,148,8,phone
3113,2025-02-07,90,2,phone
3114,2026-05-25,468,9,dine-in
3115,2025-05-30,50,4,phone
3116,2025-11-23,417,6,phone
3117,2025-11-10,358,1,phone
3118,2026-03-17,291,1,app
3119,2026-03-16,8,7,dine-in
3120,2026-03-07,236,4,delivery
3121,2025-11-22,74,8,web
3122,2026-03-05,340,9,dine-in
3123,2025-01-21,263,5,delivery
3124,2025-10-30,138,5,web
3125,2025-09-04,381,3,app
3126,2025-02-02,141,2,web
3127,2025-12-17,127,7,phone
3128,2025-12-13,162,8,app
3129,2026-05-26,289,7,dine-in
3130,2025-03-04,123,4,delivery
3131,2025-10-26,184,3,delivery
3132,2025-05-23,269,7,delivery
3133,2025-05-24,310,7,web
3134,2025-04-03,227,3,dine-in
3135,2025-03-31,209,8,phone
3136,2025-09-04,303,3,web
3137,2025-02-03,498,4,dine-in
3138,2025-11-06,273,6,dine-in
3139,2025-02-19,55,10,delivery
3140,2026-05-17,310,8,dine-in
3141,2025-01-23,95,10,app
3142,2025-10-15,359,8,dine-in
3143,2025-05-27,117,1,app
3144,2026-01-30,334,8,web
3145,2026-01-21,149,8,app
3146,2025-05-02,315,5,app
3147,2025-03-24,344,8,web
3148,2026-04-28,332,7,dine-in
3149,2025-03-30,421,6,web
3150,2025-03-17,409,10,dine-in
3151,2025-04-27,201,8,phone
3152,2025-09-09,70,3,delivery
3153,2026-01-23,420,9,app
3154,2025-10-20,434,3,phone
3155,2026-04-10,426,6,delivery
3156,2025-03-16,107,3,app
3157,2025-08-02,65,8,phone
3158,2026-05-24,212,6,phone
3159,2025-08-04,471,9,delivery
3160,2025-10-09,342,1,web
3161,2026-03-18,228,4,app
3162,2026-05-15,94,5,app
3163,2025-11-18,477,7,phone
3164,2025-06-13,85,5,phone
3165,2026-02-21,321,3,app
3166,2025-05-13,497,10,web
3167,2025-05-27,420,1,web
3168,2026-05-20,92,10,delivery
3169,2025-09-21,351,5,delivery
3170,2025-04-23,155,7,app
3171,2025-07-20,150,8,web
3172,2026-05-20,371,10,web
3173,2025-10-26,358,1,web
3174,2026-06-27,69,2,app
3175,2025-06-09,356,1,phone
3176,2026-04-01,7,7,delivery
3177,2025-01-05,58,2,delivery
3178,2026-06-15,150,9,app
3179,2025-07-28,105,4,web
3180,2026-02-20,256,2,delivery
3181,2026-03-22,449,10,delivery
3182,2026-03-06,144,10,dine-in
3183,2025-05-30,134,10,app
3184,2025-08-09,192,1,dine-in
3185,2025-10-26,201,2,web
3186,2025-03-03,277,1,delivery
3187,2025-03-11,32,5,dine-in
3188,2025-12-15,39,4,app
3189,2025-10-09,264,4,web
3190,2025-02-13,320,1,dine-in
3191,2025-09-26,19,2,phone
3192,2025-04-16,208,10,phone
3193,2025-04-06,55,6,phone
3194,2026-01-30,225,6,phone
3195,2025-03-09,244,1,app
3196,2025-08-01,192,4,app
3197,2025-12-02,226,3,phone
3198,2026-06-06,84,5,delivery
3199,2025-02-14,35,6,phone
3200,2025-08-02,3,4,dine-in
3201,2025-06-11,462,8,delivery
3202,2025-11-21,36,6,dine-in
3203,2026-01-15,484,5,web
3204,2026-04-24,419,4,dine-in
3205,2025-06-20,487,8,web
3206,2025-11-23,66,8,phone
3207,2025-05-30,38,1,delivery
3208,2025-08-10,455,1,app
3209,2026-03-14,479,2,phone
3210,2026-02-17,395,8,web
3211,2026-06-21,438,4,delivery
3212,2026-01-11,78,3,app
3213,2026-01-09,101,8,phone
3214,2025-03-19,390,5,delivery
3215,2026-01-06,355,5,web
3216,2025-12-09,253,10,dine-in
3217,2025-02-08,382,2,dine-in
3218,2025-06-05,215,1,dine-in
3219,2025-12-24,287,10,delivery
3220,2025-07-28,113,6,app
3221,2025-07-11,56,5,phone
3222,2026-06-02,474,7,web
3223,2025-04-04,483,8,delivery
3224,2025-12-08,136,10,delivery
3225,2025-05-25,11,9,web
3226,2026-01-22,405,1,app
3227,2025-12-13,144,4,delivery
3228,2025-07-22,121,6,web
3229,2025-01-14,46,1,dine-in
3230,2026-06-23,421,10,phone
3231,2025-04-27,373,1,app
3232,2025-08-25,172,5,dine-in
3233,2025-02-21,319,4,dine-in
3234,2025-04-01,125,7,web
3235,2025-03-26,72,3,web
3236,2025-11-07,400,8,app
3237,2025-04-01,19,6,phone
3238,2026-03-20,255,4,phone
3239,2025-11-12,72,7,phone
3240,2025-01-30,388,2,web
3241,2025-05-09,337,9,phone
3242,2026-06-23,464,6,dine-in
3243,2026-02-11,451,3,web
3244,2026-06-12,426,9,dine-in
3245,2026-02-09,419,6,delivery
3246,2025-01-01,238,5,phone
3247,2025-04-19,70,6,app
3248,2026-01-25,152,1,phone
3249,2026-06-29,13,6,dine-in
3250,2025-10-25,64,8,dine-in
3251,2025-12-27,445,7,app
3252,2026-03-28,42,2,app
3253,2025-07-08,135,5,phone
3254,2025-12-24,328,8,dine-in
3255,2025-07-20,10,2,dine-in
3256,2026-06-04,201,1,web
3257,2025-12-19,77,3,delivery
3258,2025-08-04,421,2,phone
3259,2025-02-12,7,8,delivery
3260,2025-06-26,464,7,web
3261,2026-04-08,187,4,web
3262,2025-04-05,414,5,app
3263,2026-01-25,278,8,delivery
3264,2025-12-05,371,2,app
3265,2025-12-29,475,9,delivery
3266,2025-08-23,339,6,phone
3267,2026-02-06,425,5,phone
3268,2026-04-30,187,9,web
3269,2025-10-25,125,3,web
3270,2025-09-07,447,7,phone
3271,2025-11-09,164,1,app
3272,2026-06-29,138,7,web
3273,2025-07-21,144,3,phone
3274,2026-04-03,117,8,delivery
3275,2025-01-05,124,9,dine-in
3276,2025-12-10,287,6,dine-in
3277,2025-01-05,154,6,dine-in
3278,2025-12-18,117,2,delivery
3279,2025-08-18,385,8,phone
3280,2025-04-25,73,4,app
3281,2026-02-15,184,3,web
3282,2025-12-19,57,1,phone
3283,2025-12-25,179,5,app
3284,2026-03-18,21,10,dine-in
3285,2025-11-08,177,6,app
3286,2026-03-04,70,8,delivery
3287,2025-07-24,127,8,app
3288,2026-01-19,494,7,delivery
3289,2025-05-02,262,8,web
3290,2026-03-11,293,4,dine-in
3291,2025-03-17,224,8,dine-in
3292,2025-05-27,470,3,web
3293,2026-06-28,471,9,phone
3294,2025-12-19,436,2,app
3295,2025-09-06,206,5,app
3296,2025-05-29,284,3,delivery
3297,2025-05-16,242,6,app
3298,2025-12-06,150,10,dine-in
3299,2025-07-27,332,5,delivery
3300,2025-06-10,341,10,web
3301,2025-04-28,486,8,phone
3302,2026-04-08,110,3,phone
3303,2025-05-25,351,10,dine-in
3304,2026-05-16,118,10,delivery
3305,2026-02-11,291,2,app
3306,2026-01-03,71,10,phone
3307,2025-03-24,192,4,dine-in
3308,2025-01-07,68,7,phone
3309,2025-02-05,455,4,app
3310,2026-02-14,232,7,dine-in
3311,2025-07-30,140,7,web
3312,2025-05-30,123,7,phone
3313,2025-09-07,426,9,delivery
3314,2026-01-20,31,2,phone
3315,2025-06-23,186,4,delivery
3316,2025-07-21,351,2,web
3317,2026-02-25,114,7,dine-in
3318,2025-03-30,333,8,delivery
3319,2026-05-13,220,8,delivery
3320,2025-12-29,67,2,app
3321,2026-05-01,468,1,web
3322,2025-10-03,288,6,dine-in
3323,2026-01-16,42,2,phone
3324,2025-11-08,186,5,app
3325,2025-04-28,308,3,web
3326,2026-05-29,257,7,delivery
3327,2026-01-26,473,8,phone
3328,2025-08-01,235,2,delivery
3329,2025-10-23,342,7,dine-in
3330,2026-03-11,105,4,dine-in
3331,2025-11-02,90,2,app
3332,2026-02-11,273,7,delivery
3333,2026-02-01,304,9,web
3334,2025-08-25,2,1,app
3335,2025-08-22,206,4,dine-in
3336,2025-04-27,339,3,web
3337,2025-08-17,144,2,dine-in
3338,2025-04-07,42,9,web
3339,2026-05-07,64,9,delivery
3340,2025-04-27,229,10,web
3341,2025-12-09,347,8,phone
3342,2026-04-05,320,10,dine-in
3343,2025-10-13,280,7,app
3344,2025-04-15,482,1,web
3345,2025-11-17,209,4,dine-in
3346,2026-04-05,419,3,web
3347,2025-11-09,312,7,delivery
3348,2026-06-23,437,10,phone
3349,2025-06-20,358,1,dine-in
3350,2026-03-13,253,6,delivery
3351,2025-07-19,216,2,delivery
3352,2026-06-24,169,5,phone
3353,2025-11-14,353,10,dine-in
3354,2026-01-01,384,5,app
3355,2025-05-07,79,8,app
3356,2025-11-26,398,6,dine-in
3357,2025-03-10,323,5,web
3358,2025-07-12,208,1,dine-in
3359,2025-09-15,163,4,dine-in
3360,2025-01-09,459,8,phone
3361,2026-03-15,357,5,app
3362,2025-06-30,360,2,web
3363,2026-06-05,33,2,delivery
3364,2026-04-09,15,8,delivery
3365,2025-08-20,362,5,dine-in
3366,2025-06-24,377,5,dine-in
3367,2025-09-09,95,4,web
3368,2025-11-14,149,5,delivery
3369,2025-02-01,81,5,delivery
3370,2025-12-26,360,2,dine-in
3371,2025-10-19,53,5,web
3372,2025-07-17,240,1,app
3373,2025-04-06,351,10,dine-in
3374,2025-01-28,330,4,app
3375,2025-02-06,325,3,delivery
3376,2025-06-27,397,3,phone
3377,2025-09-14,48,2,phone
3378,2025-08-25,402,5,delivery
3379,2026-01-23,218,3,phone
3380,2025-11-04,346,9,phone
3381,2026-01-15,53,9,web
3382,2025-10-22,90,5,delivery
3383,2025-12-04,176,1,web
3384,2025-06-17,499,9,phone
3385,2025-01-09,128,10,web
3386,2026-02-19,169,1,app
3387,2025-12-15,141,3,phone
3388,2026-01-22,265,7,web
3389,2025-04-20,235,1,web
3390,2026-03-27,465,2,dine-in
3391,2026-06-21,134,8,dine-in
3392,2025-11-30,1,6,dine-in
3393,2025-07-05,105,5,delivery
3394,2025-01-20,453,5,app
3395,2026-02-23,210,10,delivery
3396,2025-07-02,408,9,web
3397,2025-06-21,461,6,web
3398,2025-05-14,170,1,delivery
3399,2026-01-21,448,5,phone
3400,2025-09-13,265,5,phone
3401,2025-02-23,344,7,delivery
3402,2025-01-23,395,2,delivery
3403,2025-08-02,1,5,phone
3404,2026-01-21,389,8,dine-in
3405,2025-02-22,485,4,web
3406,2025-08-05,322,10,app
3407,2025-04-18,276,2,delivery
3408,2026-03-08,46,8,dine-in
3409,2026-01-01,237,8,web
3410,2026-02-02,126,7,web
3411,2026-05-16,417,8,app
3412,2025-10-20,430,9,app
3413,2026-04-02,384,8,app
3414,2026-05-03,200,8,web
3415,2025-12-30,42,5,phone
3416,2025-08-01,334,4,dine-in
3417,2025-02-17,293,5,dine-in
3418,2025-10-25,370,5,app
3419,2026-03-09,188,4,app
3420,2025-05-14,483,7,web
3421,2025-01-14,442,1,app
3422,2025-11-12,300,6,web
3423,2026-05-29,291,10,web
3424,2026-05-30,111,8,app
3425,2025-04-06,262,7,phone
3426,2026-02-14,344,7,phone
3427,2026-01-17,365,3,app
3428,2025-03-11,142,3,delivery
3429,2025-07-10,255,7,app
3430,2026-05-08,349,4,phone
3431,2025-04-01,273,7,web
3432,2025-11-11,231,4,delivery
3433,2026-05-28,174,3,app
3434,2025-09-26,145,2,dine-in
3435,2026-05-08,331,4,app
3436,2026-02-21,212,5,web
3437,2025-07-12,5,3,app
3438,2025-03-22,179,4,phone
3439,2025-12-02,176,10,phone
3440,2026-06-20,156,2,delivery
3441,2025-12-20,389,10,delivery
3442,2025-08-14,160,9,phone
3443,2025-02-12,375,1,delivery
3444,2026-01-30,97,5,delivery
3445,2026-01-14,295,8,delivery
3446,2025-04-15,89,2,phone
3447,2025-03-31,152,7,dine-in
3448,2025-12-31,186,4,dine-in
3449,2025-02-09,98,1,app
3450,2025-04-13,458,1,phone
3451,2026-02-21,380,7,delivery
3452,2025-04-11,73,7,phone
3453,2025-03-26,479,10,dine-in
3454,2026-01-27,329,7,phone
3455,2026-06-24,326,3,delivery
3456,2026-03-04,423,9,delivery
3457,2025-12-31,476,7,delivery
3458,2025-10-05,255,10,dine-in
3459,2025-08-24,72,6,web
3460,2026-04-12,26,4,delivery
3461,2026-04-20,468,5,phone
3462,2026-04-20,481,2,delivery
3463,2025-02-15,170,9,dine-in
3464,2025-01-17,413,7,dine-in
3465,2026-03-05,401,6,app
3466,2025-01-24,132,2,phone
3467,2025-04-07,462,7,app
3468,2026-06-28,261,9,web
3469,2026-02-03,338,1,web
3470,2025-01-24,453,2,dine-in
3471,2026-05-09,426,10,app
3472,2025-01-18,107,6,dine-in
3473,2025-06-22,487,10,app
3474,2025-02-18,491,6,delivery
3475,2025-04-06,491,7,web
3476,2025-12-06,374,4,delivery
3477,2026-02-18,418,9,web
3478,2026-01-12,397,9,delivery
3479,2025-01-02,390,2,phone
3480,2025-02-12,224,9,phone
3481,2026-05-12,465,7,web
3482,2025-10-13,166,9,delivery
3483,2025-05-31,41,4,app
3484,2025-12-04,308,3,phone
3485,2025-10-26,498,9,web
3486,2025-05-01,405,10,phone
3487,2025-11-22,37,6,web
3488,2026-03-14,122,1,dine-in
3489,2025-03-04,428,2,web
3490,2025-12-02,295,8,delivery
3491,2026-06-21,144,9,delivery
3492,2026-02-25,284,1,phone
3493,2026-06-03,498,1,app
3494,2025-07-21,466,5,phone
3495,2025-08-13,225,4,app
3496,2025-10-07,214,1,app
3497,2025-02-11,315,7,web
3498,2025-05-22,254,3,dine-in
3499,2025-03-06,55,10,delivery
3500,2025-06-07,412,9,app
3501,2026-01-01,497,6,delivery
3502,2026-04-10,175,6,phone
3503,2026-03-03,134,4,phone
3504,2026-02-09,2,8,phone
3505,2025-12-18,43,10,phone
3506,2025-03-08,234,8,app
3507,2025-11-03,50,5,phone
3508,2026-03-16,470,5,phone
3509,2026-06-14,400,6,phone
3510,2025-02-07,247,1,app
3511,2025-08-04,327,5,delivery
3512,2025-06-28,487,3,dine-in
3513,2025-09-04,153,2,app
3514,2025-05-08,27,1,dine-in
3515,2025-09-16,237,8,delivery
3516,2025-09-26,356,9,web
3517,2026-05-28,173,7,app
3518,2025-10-04,332,8,app
3519,2025-12-03,449,6,web
3520,2025-09-01,441,3,phone
3521,2025-12-19,249,10,app
3522,2026-06-28,396,5,dine-in
3523,2025-11-06,228,1,app
3524,2025-09-15,206,10,web
3525,2026-05-20,343,10,web
3526,2025-11-24,293,6,dine-in
3527,2026-02-17,19,2,web
3528,2026-02-02,52,1,dine-in
3529,2026-03-25,384,1,web
3530,2025-07-02,484,9,app
3531,2026-01-09,297,4,phone
3532,2026-05-14,123,6,app
3533,2025-08-08,139,2,delivery
3534,2025-07-18,314,1,dine-in
3535,2025-06-18,253,5,phone
3536,2025-08-19,161,8,phone
3537,2025-01-12,341,1,web
3538,2026-03-24,432,6,phone
3539,2025-12-17,93,7,delivery
3540,2026-06-20,200,7,phone
3541,2025-05-12,490,4,delivery
3542,2025-06-20,166,3,web
3543,2026-05-16,405,9,phone
3544,2025-11-10,202,6,web
3545,2025-08-08,93,6,app
3546,2026-06-30,341,6,dine-in
3547,2025-01-19,352,6,delivery
3548,2025-04-13,354,10,delivery
3549,2026-05-24,481,2,app
3550,2025-09-07,102,4,app
3551,2025-08-01,467,7,dine-in
3552,2025-10-26,240,8,dine-in
3553,2026-05-10,223,2,phone
3554,2026-01-18,2,8,web
3555,2025-02-12,145,9,phone
3556,2025-08-16,23,4,delivery
3557,2026-03-16,240,5,dine-in
3558,2025-11-27,368,4,phone
3559,2025-02-03,495,10,web
3560,2025-05-14,173,2,phone
3561,2025-04-13,97,7,phone
3562,2026-04-19,142,3,dine-in
3563,2026-02-12,374,3,app
3564,2025-04-26,217,10,dine-in
3565,2026-01-12,280,4,phone
3566,2025-01-05,210,6,web
3567,2026-05-07,160,6,app
3568,2025-06-16,377,2,app
3569,2025-06-04,467,9,delivery
3570,2026-06-10,488,10,web
3571,2025-12-14,414,10,web
3572,2025-03-25,439,8,dine-in
3573,2026-04-08,465,1,phone
3574,2025-12-04,48,7,app
3575,2025-11-25,107,4,web
3576,2026-03-23,440,1,dine-in
3577,2026-04-11,347,4,dine-in
3578,2026-03-07,384,8,app
3579,2025-10-15,460,9,dine-in
3580,2025-04-05,177,7,dine-in
3581,2026-01-04,419,10,app
3582,2026-02-06,158,8,app
3583,2025-06-03,263,10,web
3584,2025-08-04,152,9,app
3585,2026-06-04,133,7,phone
3586,2025-07-06,473,7,dine-in
3587,2026-05-03,18,10,web
3588,2025-07-30,292,10,web
3589,2025-07-08,451,8,dine-in
3590,2025-09-02,184,2,delivery
3591,2025-06-21,148,4,delivery
3592,2025-02-23,404,3,delivery
3593,2026-02-15,417,1,web
3594,2025-12-19,336,3,delivery
3595,2025-11-09,47,3,phone
3596,2025-09-29,130,9,phone
3597,2025-04-30,493,10,phone
3598,2026-01-06,180,5,delivery
3599,2026-03-31,211,5,delivery
3600,2026-06-27,327,8,phone
3601,2025-06-22,63,4,dine-in
3602,2026-03-01,473,4,phone
3603,2026-05-11,82,9,web
3604,2025-06-11,413,5,phone
3605,2026-05-01,469,10,web
3606,2025-07-07,278,9,phone
3607,2025-01-20,166,2,dine-in
3608,2025-03-23,77,1,delivery
3609,2025-03-26,371,8,app
3610,2026-05-26,318,3,dine-in
3611,2026-02-20,213,3,web
3612,2026-02-20,349,10,web
3613,2026-02-12,29,8,phone
3614,2026-01-17,260,8,delivery
3615,2025-01-11,219,1,dine-in
3616,2026-02-15,249,2,app
3617,2025-01-08,49,6,dine-in
3618,2026-05-24,312,8,delivery
3619,2025-12-25,38,10,delivery
3620,2025-06-08,282,6,delivery
3621,2026-04-06,431,1,app
3622,2026-06-02,83,10,dine-in
3623,2025-05-08,40,7,delivery
3624,2025-11-06,357,2,app
3625,2025-09-01,299,7,delivery
3626,2025-03-13,92,5,phone
3627,2026-05-07,88,5,app
3628,2025-12-17,441,5,phone
3629,2025-04-23,173,7,app
3630,2025-02-14,428,3,phone
3631,2025-10-04,476,9,dine-in
3632,2025-02-21,321,1,dine-in
3633,2026-05-10,117,8,web
3634,2025-05-22,65,6,app
3635,2025-08-25,28,10,dine-in
3636,2025-06-01,239,4,dine-in
3637,2025-07-08,420,3,web
3638,2026-03-08,293,1,dine-in
3639,2025-05-09,471,10,delivery
3640,2025-10-07,230,5,delivery
3641,2025-11-27,316,7,web
3642,2025-01-21,405,3,delivery
3643,2026-02-17,167,1,dine-in
3644,2025-02-08,361,1,web
3645,2025-11-16,155,3,web
3646,2025-10-18,91,4,dine-in
3647,2026-03-20,227,6,app
3648,2026-02-14,301,1,app
3649,2025-12-22,90,9,web
3650,2026-06-08,51,4,delivery
3651,2025-08-27,142,6,delivery
3652,2025-11-14,52,3,delivery
3653,2026-01-19,98,8,delivery
3654,2025-12-22,23,6,dine-in
3655,2026-05-15,363,2,app
3656,2025-10-01,325,1,app
3657,2025-11-03,485,6,web
3658,2026-01-17,439,2,delivery
3659,2025-03-19,301,2,delivery
3660,2025-11-14,313,5,dine-in
3661,2025-05-05,458,7,web
3662,2025-05-15,143,7,delivery
3663,2025-05-04,382,7,delivery
3664,2026-01-09,457,7,delivery
3665,2025-03-16,161,1,app
3666,2026-01-30,257,6,web
3667,2025-01-25,468,9,dine-in
3668,2025-03-22,470,5,web
3669,2025-08-10,308,3,web
3670,2025-08-01,20,5,web
3671,2026-06-20,59,7,phone
3672,2025-12-28,478,7,phone
3673,2025-02-06,339,10,web
3674,2025-06-30,269,1,dine-in
3675,2025-04-25,345,5,web
3676,2025-12-27,216,5,dine-in
3677,2025-02-20,394,7,phone
3678,2025-04-16,329,5,app
3679,2025-09-24,199,8,app
3680,2026-06-24,264,7,web
3681,2025-03-28,218,5,app
3682,2025-08-01,156,4,dine-in
3683,2026-03-26,108,10,delivery
3684,2025-05-18,179,9,app
3685,2025-01-19,347,4,dine-in
3686,2026-03-02,56,6,app
3687,2025-05-22,489,6,app
3688,2025-02-02,260,1,phone
3689,2026-04-15,122,9,phone
3690,2025-10-16,128,9,delivery
3691,2025-03-23,150,4,app
3692,2025-01-19,252,5,dine-in
3693,2025-06-06,263,10,web
3694,2026-01-22,81,3,app
3695,2025-02-27,3,3,delivery
3696,2025-02-09,191,7,web
3697,2025-02-14,423,5,dine-in
3698,2025-12-11,36,7,web
3699,2025-05-11,250,9,phone
3700,2026-01-26,410,4,web
3701,2026-05-01,201,10,app
3702,2025-09-23,356,9,delivery
3703,2025-03-14,126,8,delivery
3704,2026-06-30,17,3,web
3705,2025-09-12,343,10,web
3706,2025-01-26,136,8,dine-in
3707,2025-05-09,376,6,web
3708,2026-02-24,287,9,delivery
3709,2025-04-06,102,2,phone
3710,2025-04-17,160,1,app
3711,2025-08-26,81,6,dine-in
3712,2026-05-30,185,7,dine-in
3713,2025-10-31,339,9,web
3714,2025-09-26,415,6,web
3715,2026-04-29,308,5,dine-in
3716,2026-06-22,231,1,phone
3717,2025-08-23,202,10,app
3718,2026-02-19,494,5,dine-in
3719,2025-01-18,115,3,web
3720,2026-05-16,474,7,delivery
3721,2025-03-25,14,9,phone
3722,2025-08-20,203,1,web
3723,2026-02-14,238,10,app
3724,2026-06-05,130,9,dine-in
3725,2026-04-12,409,8,dine-in
3726,2025-08-16,335,8,app
3727,2026-03-31,271,2,dine-in
3728,2026-03-10,427,1,dine-in
3729,2025-10-28,45,6,app
3730,2025-11-07,340,10,web
3731,2025-01-28,420,4,delivery
3732,2025-07-04,197,7,app
3733,2026-05-05,332,8,delivery
3734,2025-11-07,391,7,delivery
3735,2025-12-24,434,9,web
3736,2026-02-02,284,8,dine-in
3737,2025-07-25,406,2,web
3738,2025-04-14,245,4,app
3739,2025-01-26,202,10,phone
3740,2026-02-07,155,7,delivery
3741,2026-05-13,3,4,phone
3742,2025-04-12,371,9,web
3743,2025-02-26,169,1,phone
3744,2025-03-24,402,2,dine-in
3745,2026-03-11,38,7,dine-in
3746,2026-06-11,42,3,dine-in
3747,2026-06-09,72,4,phone
3748,2026-02-19,245,3,delivery
3749,2025-09-26,271,2,web
3750,2026-03-06,36,10,delivery
3751,2025-05-24,11,7,delivery
3752,2026-02-12,421,5,dine-in
3753,2025-06-09,98,7,app
3754,2026-03-23,312,4,web
3755,2025-03-09,212,8,web
3756,2025-03-11,366,10,delivery
3757,2025-06-02,454,7,web
3758,2025-09-04,237,10,app
3759,2026-03-01,390,5,app
3760,2026-03-16,393,9,web
3761,2025-03-18,159,4,delivery
3762,2025-01-25,310,9,dine-in
3763,2025-11-21,360,6,phone
3764,2026-02-02,358,3,web
3765,2025-06-05,9,5,web
3766,2025-07-02,454,7,web
3767,2025-07-14,166,9,app
3768,2025-06-29,319,6,app
3769,2026-01-03,251,10,app
3770,2026-04-08,138,2,dine-in
3771,2025-08-10,201,8,dine-in
3772,2025-12-30,202,8,web
3773,2026-01-09,486,9,app
3774,2025-02-13,186,7,delivery
3775,2025-05-30,296,3,app
3776,2025-04-24,21,8,phone
3777,2025-08-24,367,7,app
3778,2025-05-17,4,2,phone
3779,2025-03-13,224,3,web
3780,2025-12-02,181,6,dine-in
3781,2025-03-24,17,9,dine-in
3782,2025-05-12,220,3,delivery
3783,2026-03-05,6,8,delivery
3784,2026-06-26,119,1,delivery
3785,2026-04-13,170,4,phone
3786,2025-05-25,435,9,dine-in
3787,2026-02-10,114,2,web
3788,2025-01-10,128,4,dine-in
3789,2026-02-03,51,7,web
3790,2025-10-22,149,6,phone
3791,2025-04-08,251,7,app
3792,2025-06-24,265,1,phone
3793,2025-01-07,163,1,phone
3794,2025-05-06,169,3,app
3795,2025-02-19,167,9,phone
3796,2025-11-08,121,6,app
3797,2025-11-10,255,7,delivery
3798,2025-04-20,45,2,app
3799,2026-03-22,428,3,web
3800,2025-03-26,228,5,phone
3801,2025-09-18,466,6,phone
3802,2026-04-28,61,9,web
3803,2025-05-15,92,10,delivery
3804,2026-01-09,306,3,dine-in
3805,2026-04-01,254,10,phone
3806,2025-07-12,403,8,phone
3807,2026-04-24,211,3,web
3808,2026-01-01,496,9,phone
3809,2025-07-05,60,4,delivery
3810,2025-07-20,140,8,web
3811,2026-06-04,326,10,phone
3812,2025-10-15,200,2,dine-in
3813,2026-05-06,296,10,delivery
3814,2025-08-14,109,9,web
3815,2026-06-09,204,9,dine-in
3816,2025-09-06,27,10,dine-in
3817,2026-05-24,301,5,phone
3818,2025-09-16,446,5,app
3819,2026-04-08,207,10,delivery
3820,2026-04-08,426,6,phone
3821,2025-02-01,480,5,delivery
3822,2026-06-13,169,10,dine-in
3823,2026-04-07,260,4,web
3824,2026-05-04,270,5,delivery
3825,2026-03-30,334,2,web
3826,2025-01-27,329,1,web
3827,2025-07-15,102,9,app
3828,2025-12-15,67,9,app
3829,2025-08-18,45,3,web
3830,2025-12-05,415,2,app
3831,2025-09-09,138,8,web
3832,2025-12-04,454,1,phone
3833,2025-12-19,356,8,dine-in
3834,2026-04-27,129,2,delivery
3835,2026-02-06,57,3,dine-in
3836,2025-06-01,245,1,web
3837,2025-06-22,446,3,phone
3838,2026-01-09,198,5,app
3839,2026-01-15,190,6,app
3840,2026-03-15,4,8,web
3841,2025-05-21,250,7,delivery
3842,2026-02-25,19,1,phone
3843,2026-02-14,290,7,delivery
3844,2026-03-31,192,6,dine-in
3845,2025-01-25,470,2,app
3846,2025-02-27,107,10,delivery
3847,2026-05-03,458,3,dine-in
3848,2025-08-25,302,2,phone
3849,2025-05-31,58,1,app
3850,2025-06-27,471,7,dine-in
3851,2025-05-09,453,3,phone
3852,2025-10-14,94,8,dine-in
3853,2026-04-01,405,3,phone
3854,2025-06-12,355,9,dine-in
3855,2025-02-24,462,5,app
3856,2025-10-05,252,7,dine-in
3857,2026-03-27,80,5,app
3858,2026-04-22,356,5,web
3859,2025-10-07,214,6,web
3860,2026-04-10,489,3,phone
3861,2025-05-20,263,3,web
3862,2026-01-22,132,2,web
3863,2025-07-20,444,8,dine-in
3864,2025-01-11,407,4,dine-in
3865,2025-05-28,239,10,phone
3866,2025-09-26,69,9,app
3867,2025-03-27,430,7,dine-in
3868,2025-03-29,316,9,app
3869,2025-01-03,477,2,web
3870,2026-02-14,249,2,app
3871,2025-04-16,371,1,web
3872,2026-01-17,375,8,phone
3873,2025-02-24,168,2,dine-in
3874,2025-01-01,27,8,dine-in
3875,2026-01-06,15,3,dine-in
3876,2026-04-30,84,4,phone
3877,2025-06-26,318,8,app
3878,2025-08-24,445,10,web
3879,2025-06-21,178,3,web
3880,2026-02-19,146,2,app
3881,2026-01-11,48,4,delivery
3882,2026-02-09,380,10,phone
3883,2026-06-27,164,6,web
3884,2025-11-05,307,1,app
3885,2025-10-09,140,10,phone
3886,2025-08-05,490,6,phone
3887,2025-09-29,170,1,phone
3888,2026-03-28,378,10,dine-in
3889,2025-04-03,355,1,phone
3890,2026-02-25,347,7,phone
3891,2026-01-01,424,10,web
3892,2025-08-03,27,8,delivery
3893,2025-06-01,337,7,app
3894,2025-05-18,5,6,app
3895,2025-04-15,368,10,delivery
3896,2026-04-27,498,5,phone
3897,2025-09-11,479,8,dine-in
3898,2025-03-24,135,7,dine-in
3899,2025-07-05,217,8,web
3900,2025-12-04,263,5,web
3901,2025-05-20,370,10,delivery
3902,2026-04-10,171,2,phone
3903,2026-06-13,309,1,dine-in
3904,2025-10-21,404,5,web
3905,2025-12-24,209,2,dine-in
3906,2025-05-16,360,4,dine-in
3907,2025-11-20,496,4,dine-in
3908,2025-09-05,128,1,delivery
3909,2026-02-28,326,3,app
3910,2025-04-18,67,2,delivery
3911,2025-07-10,286,8,phone
3912,2026-03-03,40,6,app
3913,2025-08-26,182,7,app
3914,2026-06-19,91,6,delivery
3915,2026-06-20,361,9,web
3916,2026-06-23,390,5,delivery
3917,2025-02-06,169,3,dine-in
3918,2025-06-21,418,10,phone
3919,2025-08-01,445,7,web
3920,2026-02-03,70,7,phone
3921,2026-01-23,15,4,delivery
3922,2026-04-05,288,4,app
3923,2025-08-16,137,6,app
3924,2026-04-09,256,1,dine-in
3925,2026-04-27,112,1,delivery
3926,2025-12-19,418,8,dine-in
3927,2025-06-06,170,6,app
3928,2025-08-17,297,8,web
3929,2025-04-17,213,8,phone
3930,2026-03-08,327,5,web
3931,2025-10-13,264,5,web
3932,2025-06-16,146,9,phone
3933,2025-01-11,338,7,delivery
3934,2025-10-13,491,3,web
3935,2025-11-27,106,1,dine-in
3936,2026-06-08,15,2,delivery
3937,2025-02-24,165,9,dine-in
3938,2025-01-18,485,2,app
3939,2025-11-30,207,8,dine-in
3940,2025-06-19,262,8,dine-in
3941,2026-01-12,237,10,app
3942,2026-01-15,500,6,dine-in
3943,2025-05-18,289,2,web
3944,2026-01-09,449,5,dine-in
3945,2025-11-17,68,6,delivery
3946,2026-06-27,331,9,delivery
3947,2025-11-17,50,2,phone
3948,2026-05-19,152,5,app
3949,2025-05-19,243,7,phone
3950,2025-05-25,154,1,delivery
3951,2025-06-22,378,5,app
3952,2025-06-27,299,4,web
3953,2025-09-14,47,3,dine-in
3954,2025-06-18,182,8,phone
3955,2026-05-05,312,5,dine-in
3956,2025-11-29,155,7,dine-in
3957,2025-03-31,489,2,delivery
3958,2026-01-11,243,2,delivery
3959,2025-06-30,457,8,web
3960,2025-06-04,14,3,phone
3961,2025-07-28,258,2,delivery
3962,2025-11-09,287,1,delivery
3963,2026-06-25,365,2,phone
3964,2025-04-21,347,10,phone
3965,2025-03-13,344,4,delivery
3966,2026-03-29,492,3,delivery
3967,2025-03-12,467,8,dine-in
3968,2025-08-11,354,9,phone
3969,2026-06-03,407,8,app
3970,2025-04-25,123,4,delivery
3971,2025-10-06,488,5,phone
3972,2026-05-02,395,7,app
3973,2026-05-23,233,6,delivery
3974,2026-01-22,388,4,dine-in
3975,2025-04-06,334,1,app
3976,2025-03-03,218,7,web
3977,2025-10-15,207,10,web
3978,2026-04-18,31,1,web
3979,2025-11-22,268,1,dine-in
3980,2025-09-13,94,4,app
3981,2025-12-12,456,9,web
3982,2025-07-17,320,3,delivery
3983,2025-05-26,269,6,phone
3984,2025-10-08,183,6,dine-in
3985,2026-03-07,401,1,delivery
3986,2025-07-31,281,8,delivery
3987,2025-01-18,17,5,delivery
3988,2026-06-14,221,8,app
3989,2026-05-18,393,2,delivery
3990,2025-04-19,235,6,app
3991,2025-02-08,63,5,app
3992,2025-09-17,410,2,app
3993,2026-01-24,457,2,dine-in
3994,2025-07-23,450,7,dine-in
3995,2025-06-20,205,1,app
3996,2025-09-22,90,7,phone
3997,2025-08-26,256,8,dine-in
3998,2025-10-07,324,6,app
3999,2025-01-30,5,4,dine-in
4000,2026-02-28,330,3,delivery
4001,2025-05-09,354,2,web
4002,2026-01-12,337,1,phone
4003,2025-07-18,133,1,phone
4004,2026-01-05,17,9,dine-in
4005,2025-09-23,439,1,delivery
4006,2025-07-13,447,8,web
4007,2026-03-07,89,8,phone
4008,2025-05-08,157,3,phone
4009,2025-12-04,151,3,dine-in
4010,2025-12-18,87,9,dine-in
4011,2025-03-10,332,8,delivery
4012,2025-11-23,300,3,delivery
4013,2025-08-22,422,3,web
4014,2025-04-04,352,1,dine-in
4015,2026-04-22,285,2,delivery
4016,2025-09-03,21,5,phone
4017,2025-06-27,321,4,app
4018,2025-08-07,248,3,phone
4019,2025-05-08,338,4,dine-in
4020,2026-04-13,487,8,dine-in
4021,2025-05-14,453,2,phone
4022,2025-01-03,250,10,dine-in
4023,2025-03-19,154,7,app
4024,2026-06-01,124,1,phone
4025,2025-08-06,492,9,phone
4026,2026-05-10,497,5,phone
4027,2025-05-31,175,4,delivery
4028,2025-02-01,282,3,delivery
4029,2026-02-26,373,1,delivery
4030,2026-01-05,236,2,web
4031,2025-01-02,425,1,delivery
4032,2026-05-15,267,1,phone
4033,2025-02-07,256,1,phone
4034,2025-06-08,345,7,web
4035,2025-06-30,316,7,app
4036,2025-10-21,345,5,app
4037,2025-10-10,46,10,phone
4038,2025-10-05,256,8,phone
4039,2025-06-02,32,3,web
4040,2025-08-10,65,7,app
4041,2025-02-03,237,5,dine-in
4042,2025-06-02,140,8,web
4043,2025-01-26,32,6,delivery
4044,2025-08-25,112,5,delivery
4045,2025-06-13,396,9,delivery
4046,2025-08-01,53,1,delivery
4047,2025-02-24,4,9,phone
4048,2025-07-29,381,8,dine-in
4049,2026-06-11,108,9,app
4050,2026-05-14,457,9,dine-in
4051,2026-01-16,386,2,web
4052,2025-10-30,190,6,app
4053,2025-08-16,238,10,delivery
4054,2025-07-22,332,10,web
4055,2025-08-07,326,10,dine-in
4056,2026-04-25,468,9,delivery
4057,2025-09-01,85,2,phone
4058,2026-01-07,400,2,dine-in
4059,2026-03-21,449,9,web
4060,2026-04-14,115,5,web
4061,2026-06-29,220,4,delivery
4062,2026-06-25,172,3,app
4063,2025-06-06,53,6,app
4064,2025-08-22,306,10,app
4065,2025-12-23,165,5,web
4066,2026-04-27,30,9,web
4067,2025-04-04,9,3,web
4068,2025-06-21,180,7,web
4069,2025-06-24,485,4,app
4070,2025-01-06,409,2,phone
4071,2025-01-11,155,9,phone
4072,2025-06-07,212,5,app
4073,2026-04-26,264,6,phone
4074,2025-01-24,307,4,web
4075,2025-10-27,469,6,phone
4076,2025-12-25,385,8,delivery
4077,2025-08-07,353,4,phone
4078,2026-05-29,484,10,dine-in
4079,2026-03-30,278,5,web
4080,2025-09-09,418,5,app
4081,2026-06-05,164,10,delivery
4082,2025-11-28,30,3,delivery
4083,2026-02-04,144,7,phone
4084,2026-01-02,129,9,web
4085,2026-02-03,17,4,phone
4086,2026-03-06,319,5,web
4087,2026-03-28,142,8,web
4088,2025-03-25,219,2,delivery
4089,2026-02-19,358,6,app
4090,2025-02-15,22,5,dine-in
4091,2025-05-15,433,9,web
4092,2025-01-01,393,1,delivery
4093,2025-02-01,36,3,app
4094,2025-02-26,198,2,phone
4095,2026-02-15,321,6,dine-in
4096,2025-08-16,427,10,web
4097,2025-01-12,329,5,phone
4098,2026-01-10,9,8,dine-in
4099,2025-10-14,296,6,delivery
4100,2025-02-12,341,1,delivery
4101,2025-12-24,198,3,web
4102,2025-07-05,464,7,delivery
4103,2025-03-02,199,10,app
4104,2026-05-18,345,2,delivery
4105,2026-03-18,25,2,phone
4106,2025-05-15,443,4,phone
4107,2026-01-01,299,9,web
4108,2025-08-15,59,5,app
4109,2025-01-21,452,10,web
4110,2025-02-19,496,5,app
4111,2025-04-02,34,3,dine-in
4112,2025-05-06,208,5,dine-in
4113,2026-02-21,430,1,phone
4114,2026-05-27,465,2,app
4115,2025-08-30,140,7,phone
4116,2025-01-12,303,6,phone
4117,2026-04-13,135,6,web
4118,2025-02-11,250,5,delivery
4119,2025-01-17,149,10,app
4120,2025-10-22,233,7,web
4121,2025-12-20,100,1,dine-in
4122,2026-04-26,151,7,phone
4123,2026-04-02,491,7,dine-in
4124,2026-02-01,71,9,web
4125,2026-02-27,248,1,dine-in
4126,2025-10-30,23,3,dine-in
4127,2025-06-01,166,3,app
4128,2026-02-04,426,1,dine-in
4129,2026-02-04,450,2,web
4130,2025-12-14,396,3,dine-in
4131,2025-03-31,97,2,phone
4132,2025-08-24,148,3,delivery
4133,2025-05-07,4,10,dine-in
4134,2025-08-20,372,2,app
4135,2026-05-13,263,4,app
4136,2025-06-04,353,5,dine-in
4137,2025-05-31,117,2,delivery
4138,2026-05-30,56,1,dine-in
4139,2026-03-22,416,4,app
4140,2025-05-11,214,4,app
4141,2025-06-02,162,5,app
4142,2025-12-01,60,2,web
4143,2025-09-13,129,6,app
4144,2026-06-08,493,8,delivery
4145,2026-02-11,243,7,web
4146,2025-11-25,362,9,web
4147,2025-05-13,29,8,app
4148,2026-02-04,285,6,phone
4149,2025-05-20,203,3,dine-in
4150,2025-03-26,132,5,delivery
4151,2025-01-16,413,7,dine-in
4152,2026-01-27,477,5,app
4153,2026-05-06,50,2,app
4154,2026-04-07,85,10,web
4155,2025-11-06,116,5,app
4156,2026-02-28,321,2,phone
4157,2026-06-09,207,1,delivery
4158,2025-06-07,256,10,app
4159,2026-06-12,66,8,app
4160,2025-08-08,61,3,delivery
4161,2025-02-11,476,8,dine-in
4162,2026-06-22,112,7,phone
4163,2026-04-16,10,4,web
4164,2025-05-23,83,9,delivery
4165,2025-05-11,62,10,delivery
4166,2025-05-17,219,5,delivery
4167,2026-01-04,330,10,web
4168,2026-02-15,338,7,dine-in
4169,2025-09-16,335,5,delivery
4170,2025-04-04,58,9,app
4171,2025-08-29,240,9,dine-in
4172,2026-01-21,130,9,dine-in
4173,2025-12-13,297,6,app
4174,2026-05-27,294,4,dine-in
4175,2026-02-08,173,10,web
4176,2026-06-17,253,8,web
4177,2025-08-02,427,5,dine-in
4178,2025-01-25,492,9,phone
4179,2025-07-16,103,10,phone
4180,2026-02-20,59,6,dine-in
4181,2025-03-25,115,10,dine-in
4182,2025-07-23,212,5,web
4183,2025-01-14,45,1,phone
4184,2025-01-19,160,10,phone
4185,2025-08-18,272,1,web
4186,2025-07-05,19,10,web
4187,2025-07-18,235,3,web
4188,2026-02-01,291,10,web
4189,2026-04-26,54,6,app
4190,2025-12-10,158,10,dine-in
4191,2025-01-05,419,10,web
4192,2026-03-07,387,2,dine-in
4193,2026-01-23,496,8,phone
4194,2025-10-08,140,8,dine-in
4195,2026-02-10,430,8,web
4196,2026-06-15,228,7,web
4197,2025-03-22,179,6,delivery
4198,2025-02-06,368,3,app
4199,2025-09-05,227,8,delivery
4200,2025-10-07,348,9,phone
4201,2025-08-31,226,6,app
4202,2026-06-22,4,6,delivery
4203,2026-02-17,298,4,delivery
4204,2026-01-24,156,9,dine-in
4205,2025-02-26,496,5,dine-in
4206,2025-09-21,430,1,app
4207,2025-05-25,209,6,phone
4208,2026-03-19,106,4,app
4209,2026-03-19,382,1,delivery
4210,2025-07-21,421,10,phone
4211,2025-10-18,419,2,dine-in
4212,2026-05-16,224,1,web
4213,2025-12-02,59,7,app
4214,2025-07-27,266,4,delivery
4215,2025-09-27,129,4,app
4216,2025-08-04,438,6,dine-in
4217,2025-07-10,390,8,dine-in
4218,2025-03-29,326,9,dine-in
4219,2026-02-13,473,2,delivery
4220,2026-05-19,237,5,app
4221,2026-05-26,211,9,web
4222,2026-06-02,399,1,web
4223,2026-02-19,433,6,dine-in
4224,2025-10-01,21,8,dine-in
4225,2026-06-28,375,5,phone
4226,2026-06-14,431,6,web
4227,2025-01-08,445,5,app
4228,2025-01-11,97,2,web
4229,2025-09-20,126,2,web
4230,2025-09-25,137,1,phone
4231,2025-02-04,237,6,web
4232,2025-12-17,80,7,phone
4233,2026-01-06,82,4,dine-in
4234,2026-02-16,196,4,delivery
4235,2025-09-09,184,7,app
4236,2025-05-01,412,6,app
4237,2026-04-20,107,3,dine-in
4238,2026-01-01,111,2,phone
4239,2026-06-29,72,1,web
4240,2025-05-08,401,1,phone
4241,2025-11-01,272,5,web
4242,2026-05-13,308,8,delivery
4243,2025-12-02,122,9,dine-in
4244,2025-07-12,392,9,delivery
4245,2026-06-01,176,3,app
4246,2026-06-23,339,2,app
4247,2025-05-07,295,7,phone
4248,2026-02-01,53,6,dine-in
4249,2025-11-30,378,1,phone
4250,2025-10-25,22,4,app
4251,2026-01-05,178,6,phone
4252,2025-03-21,440,1,phone
4253,2025-12-04,154,8,web
4254,2025-05-01,65,4,phone
4255,2026-04-27,316,1,dine-in
4256,2025-11-14,292,7,web
4257,2025-05-16,102,10,app
4258,2025-12-18,462,1,delivery
4259,2025-05-07,401,3,delivery
4260,2025-10-17,419,6,dine-in
4261,2025-02-20,29,6,app
4262,2025-12-11,455,6,web
4263,2025-08-08,105,6,web
4264,2025-11-05,412,10,dine-in
4265,2025-02-22,151,4,dine-in
4266,2025-06-12,48,10,web
4267,2025-02-17,399,10,delivery
4268,2026-03-07,19,9,phone
4269,2026-01-16,405,9,delivery
4270,2026-01-14,431,4,delivery
4271,2025-10-19,25,1,phone
4272,2025-08-11,482,10,web
4273,2025-01-03,341,4,phone
4274,2026-06-25,153,5,web
4275,2026-04-09,222,7,delivery
4276,2025-11-03,263,2,delivery
4277,2026-05-08,143,3,web
4278,2025-07-18,393,3,web
4279,2025-04-06,350,9,web
4280,2026-06-24,229,2,app
4281,2025-12-09,128,2,app
4282,2025-07-20,315,5,dine-in
4283,2025-01-12,434,9,phone
4284,2025-03-07,491,2,phone
4285,2025-09-06,341,3,app
4286,2025-08-01,118,8,phone
4287,2026-06-12,212,8,app
4288,2025-12-04,168,10,web
4289,2026-01-16,423,8,phone
4290,2025-05-15,470,7,web
4291,2025-06-19,240,1,app
4292,2025-07-01,22,1,app
4293,2026-03-30,129,8,dine-in
4294,2025-04-05,293,9,app
4295,2026-02-23,192,2,delivery
4296,2025-03-31,321,5,delivery
4297,2026-05-28,445,8,web
4298,2025-02-18,400,5,delivery
4299,2026-02-16,21,9,phone
4300,2025-02-14,20,6,delivery
4301,2025-12-24,236,5,phone
4302,2025-07-04,180,10,phone
4303,2025-07-18,23,5,dine-in
4304,2025-02-11,220,2,dine-in
4305,2026-04-12,148,6,delivery
4306,2025-09-09,43,10,delivery
4307,2025-12-26,204,1,delivery
4308,2025-12-31,174,9,dine-in
4309,2026-03-08,234,3,dine-in
4310,2025-02-28,74,8,app
4311,2025-12-31,463,7,phone
4312,2025-07-02,43,9,dine-in
4313,2025-07-12,295,4,delivery
4314,2025-10-07,272,5,phone
4315,2026-03-29,298,5,delivery
4316,2025-08-21,17,3,app
4317,2026-06-26,402,6,app
4318,2025-05-27,370,1,app
4319,2025-03-08,166,5,phone
4320,2025-04-11,26,10,delivery
4321,2025-09-11,115,7,delivery
4322,2026-01-13,359,5,delivery
4323,2025-05-03,208,5,delivery
4324,2025-01-11,425,5,web
4325,2025-12-16,361,10,delivery
4326,2026-04-27,48,8,phone
4327,2026-04-01,192,1,app
4328,2025-08-31,496,10,delivery
4329,2025-03-12,30,6,app
4330,2025-07-13,127,2,web
4331,2026-05-27,15,9,phone
4332,2025-10-31,476,6,delivery
4333,2026-05-25,437,7,app
4334,2026-02-06,93,1,web
4335,2025-04-24,298,3,web
4336,2026-01-28,404,2,dine-in
4337,2026-03-23,430,1,phone
4338,2025-01-04,418,9,dine-in
4339,2025-06-22,271,1,app
4340,2026-04-21,69,7,phone
4341,2025-12-10,219,10,web
4342,2025-11-22,493,10,app
4343,2025-12-29,444,2,delivery
4344,2026-04-16,409,5,phone
4345,2026-01-01,55,7,web
4346,2025-07-13,186,9,dine-in
4347,2026-05-24,135,9,web
4348,2025-12-08,336,9,app
4349,2026-04-26,385,2,delivery
4350,2025-03-05,357,7,app
4351,2025-04-02,292,7,phone
4352,2025-02-08,109,2,delivery
4353,2026-06-12,409,8,app
4354,2025-07-02,217,3,dine-in
4355,2026-05-18,130,8,phone
4356,2025-06-11,207,10,phone
4357,2026-04-08,119,10,delivery
4358,2026-03-28,331,8,phone
4359,2026-03-26,192,1,app
4360,2025-03-22,235,5,delivery
4361,2025-11-05,109,5,app
4362,2025-03-20,36,6,web
4363,2025-10-06,264,1,delivery
4364,2025-07-10,452,10,app
4365,2026-01-22,456,8,dine-in
4366,2025-08-22,397,10,app
4367,2025-11-04,75,8,phone
4368,2025-01-02,55,9,dine-in
4369,2025-09-09,190,8,app
4370,2025-03-21,52,2,app
4371,2025-04-05,446,7,app
4372,2025-11-28,146,7,delivery
4373,2025-05-07,426,4,app
4374,2025-05-28,340,4,phone
4375,2025-09-10,342,5,delivery
4376,2025-12-15,427,5,web
4377,2025-02-21,214,1,delivery
4378,2026-01-02,56,7,delivery
4379,2025-03-29,379,3,dine-in
4380,2026-05-15,174,7,dine-in
4381,2025-03-29,271,6,app
4382,2025-07-21,223,7,app
4383,2025-12-15,482,10,dine-in
4384,2026-03-26,332,10,dine-in
4385,2025-12-04,91,5,phone
4386,2025-04-29,330,2,app
4387,2025-10-04,258,2,app
4388,2025-03-28,111,9,app
4389,2026-02-27,165,3,dine-in
4390,2025-02-01,56,8,app
4391,2026-06-03,332,5,app
4392,2025-11-01,279,2,phone
4393,2025-05-08,127,7,web
4394,2025-05-07,466,6,delivery
4395,2025-01-27,457,2,dine-in
4396,2025-08-11,53,6,web
4397,2025-09-14,479,1,delivery
4398,2025-09-15,203,3,web
4399,2025-11-17,127,5,delivery
4400,2026-04-04,243,7,dine-in
4401,2026-05-21,328,7,web
4402,2025-03-18,21,8,app
4403,2025-02-23,11,4,delivery
4404,2025-03-16,10,10,web
4405,2025-12-19,142,3,web
4406,2026-06-29,304,4,phone
4407,2025-08-28,298,9,app
4408,2025-06-23,408,9,phone
4409,2025-06-20,398,8,phone
4410,2025-08-26,181,8,delivery
4411,2026-01-12,297,4,dine-in
4412,2025-07-11,346,2,delivery
4413,2025-12-21,4,8,dine-in
4414,2025-10-17,338,10,phone
4415,2025-05-09,394,2,delivery
4416,2026-01-03,38,10,app
4417,2026-01-15,299,6,app
4418,2025-02-05,381,6,phone
4419,2025-04-09,298,7,delivery
4420,2026-02-25,255,5,app
4421,2026-03-16,118,7,app
4422,2025-02-01,129,2,web
4423,2025-09-25,69,7,web
4424,2025-04-25,72,9,dine-in
4425,2025-12-28,484,5,web
4426,2026-03-28,384,6,phone
4427,2025-07-30,123,2,dine-in
4428,2025-09-23,345,1,dine-in
4429,2025-01-20,125,7,app
4430,2025-05-13,35,9,delivery
4431,2026-04-04,24,3,phone
4432,2026-06-30,229,4,delivery
4433,2026-05-05,442,1,delivery
4434,2025-11-15,341,8,app
4435,2025-05-13,54,1,web
4436,2025-01-02,34,1,app
4437,2025-08-29,173,6,app
4438,2025-05-11,348,4,phone
4439,2026-05-16,194,2,phone
4440,2026-03-25,470,6,dine-in
4441,2025-03-20,66,4,phone
4442,2025-08-17,315,8,delivery
4443,2026-05-03,116,1,app
4444,2026-05-29,210,9,dine-in
4445,2025-02-01,256,10,web
4446,2025-04-20,179,8,app
4447,2025-11-30,123,7,delivery
4448,2025-11-10,308,4,delivery
4449,2025-11-20,129,1,web
4450,2026-04-13,5,3,dine-in
4451,2025-10-13,96,1,app
4452,2025-11-24,137,5,dine-in
4453,2026-05-31,448,9,phone
4454,2025-05-19,500,2,dine-in
4455,2025-01-10,474,5,dine-in
4456,2025-04-19,353,8,app
4457,2026-03-14,210,8,dine-in
4458,2025-03-02,357,5,phone
4459,2025-01-15,119,4,delivery
4460,2025-08-18,403,1,web
4461,2026-03-10,396,9,phone
4462,2025-09-25,409,4,phone
4463,2026-03-29,320,10,phone
4464,2025-06-14,146,8,dine-in
4465,2025-07-16,31,2,phone
4466,2026-01-01,353,7,app
4467,2025-06-20,238,6,phone
4468,2025-02-28,12,4,app
4469,2025-06-08,182,7,web
4470,2025-11-19,47,3,delivery
4471,2025-09-22,56,2,dine-in
4472,2025-01-29,195,1,web
4473,2026-02-16,333,10,delivery
4474,2026-01-05,447,3,delivery
4475,2025-09-29,84,7,web
4476,2025-09-29,343,3,app
4477,2025-11-15,139,3,web
4478,2025-12-04,162,4,web
4479,2026-01-13,31,9,dine-in
4480,2025-07-07,410,4,delivery
4481,2025-08-24,423,6,phone
4482,2025-12-08,449,3,phone
4483,2026-05-23,162,1,web
4484,2026-04-07,414,4,app
4485,2025-10-15,361,8,web
4486,2025-09-09,18,5,web
4487,2026-06-29,448,9,delivery
4488,2026-01-09,411,4,web
4489,2026-01-24,11,10,dine-in
4490,2025-01-25,240,3,app
4491,2025-02-14,48,7,dine-in
4492,2026-04-25,16,8,phone
4493,2025-04-17,362,8,app
4494,2025-08-11,68,6,dine-in
4495,2025-11-01,127,10,phone
4496,2025-06-09,352,4,web
4497,2025-09-28,292,7,app
4498,2025-12-29,432,8,phone
4499,2025-07-17,372,2,web
4500,2026-03-26,374,2,phone
4501,2025-10-14,462,1,delivery
4502,2025-05-13,244,7,dine-in
4503,2025-10-12,373,7,app
4504,2026-06-01,41,2,dine-in
4505,2025-06-15,20,8,app
4506,2026-03-29,400,7,web
4507,2025-09-29,112,4,web
4508,2026-06-17,494,4,phone
4509,2025-01-13,71,7,dine-in
4510,2026-06-19,198,10,web
4511,2026-05-03,128,2,dine-in
4512,2025-03-09,285,8,delivery
4513,2026-01-06,27,8,phone
4514,2025-08-22,54,3,phone
4515,2025-06-13,351,8,app
4516,2026-02-26,279,1,dine-in
4517,2025-06-26,15,9,web
4518,2025-05-05,268,10,app
4519,2026-02-28,396,1,delivery
4520,2026-06-13,370,8,app
4521,2026-04-02,405,10,dine-in
4522,2026-06-23,276,1,web
4523,2025-10-17,481,2,web
4524,2025-08-15,478,1,dine-in
4525,2026-05-12,167,6,phone
4526,2025-11-07,172,1,app
4527,2025-05-12,229,3,phone
4528,2025-11-12,407,4,phone
4529,2025-09-23,465,7,delivery
4530,2025-09-25,340,4,app
4531,2025-04-20,218,7,web
4532,2026-03-06,289,9,app
4533,2025-02-25,203,7,web
4534,2026-04-04,320,4,phone
4535,2025-03-16,496,3,app
4536,2025-09-30,183,10,phone
4537,2025-01-15,139,8,dine-in
4538,2025-12-19,35,9,web
4539,2025-05-23,388,1,delivery
4540,2025-05-01,73,6,web
4541,2026-04-14,338,9,phone
4542,2025-11-09,93,6,web
4543,2025-12-08,470,8,phone
4544,2025-07-30,16,4,app
4545,2026-02-20,174,4,delivery
4546,2026-03-31,444,8,dine-in
4547,2025-04-12,426,5,delivery
4548,2025-10-12,376,10,dine-in
4549,2026-01-26,123,9,web
4550,2025-11-05,427,1,app
4551,2025-06-02,149,9,web
4552,2025-08-28,322,2,app
4553,2026-05-31,257,8,delivery
4554,2025-06-14,70,4,delivery
4555,2025-01-15,237,2,delivery
4556,2025-10-07,486,9,app
4557,2025-09-30,57,8,web
4558,2025-03-28,457,2,web
4559,2026-04-06,385,7,app
4560,2025-02-17,288,6,delivery
4561,2025-12-17,436,3,phone
4562,2026-01-08,32,5,phone
4563,2026-01-05,154,5,delivery
4564,2026-01-06,355,1,web
4565,2025-08-26,331,9,web
4566,2026-03-01,441,7,delivery
4567,2025-03-31,132,4,dine-in
4568,2025-09-02,124,1,dine-in
4569,2026-06-05,135,1,web
4570,2026-05-26,164,6,delivery
4571,2025-03-18,142,4,web
4572,2025-03-16,480,8,phone
4573,2025-04-02,337,4,app
4574,2025-07-28,414,9,phone
4575,2025-03-11,238,9,delivery
4576,2025-04-24,397,7,delivery
4577,2026-04-27,216,3,phone
4578,2025-10-18,71,7,phone
4579,2026-03-21,247,10,phone
4580,2025-05-15,336,8,dine-in
4581,2025-11-17,439,3,dine-in
4582,2025-04-14,469,3,dine-in
4583,2025-12-27,375,7,delivery
4584,2025-06-04,19,2,web
4585,2025-08-06,348,6,dine-in
4586,2026-01-28,66,6,delivery
4587,2025-08-29,28,8,app
4588,2025-03-09,345,5,delivery
4589,2026-06-26,153,4,app
4590,2026-01-13,8,10,delivery
4591,2026-04-22,13,3,app
4592,2025-01-13,240,8,dine-in
4593,2025-09-05,481,3,web
4594,2026-03-28,204,2,web
4595,2025-12-12,165,5,phone
4596,2025-04-10,93,7,web
4597,2025-05-11,311,5,delivery
4598,2025-04-11,107,5,delivery
4599,2026-04-29,317,9,phone
4600,2026-04-30,97,4,phone
4601,2025-02-14,114,8,dine-in
4602,2025-12-21,307,4,phone
4603,2025-03-28,405,2,web
4604,2026-02-05,439,6,phone
4605,2025-10-10,428,5,delivery
4606,2026-03-05,302,2,app
4607,2025-01-08,324,1,web
4608,2026-05-28,123,6,delivery
4609,2025-11-24,343,8,dine-in
4610,2025-07-12,277,6,delivery
4611,2025-02-14,461,1,web
4612,2026-03-11,331,8,web
4613,2026-05-06,85,9,app
4614,2025-08-14,95,5,web
4615,2025-12-09,152,7,delivery
4616,2025-03-11,419,9,app
4617,2026-05-27,203,10,web
4618,2026-02-26,7,1,delivery
4619,2025-07-06,292,7,app
4620,2025-07-08,498,3,app
4621,2025-12-13,181,8,phone
4622,2025-08-24,249,7,web
4623,2025-10-19,74,7,app
4624,2025-02-17,280,2,delivery
4625,2025-07-25,186,3,app
4626,2026-01-14,17,2,app
4627,2025-12-03,102,10,dine-in
4628,2025-01-25,26,8,phone
4629,2026-02-06,194,10,app
4630,2025-11-13,108,9,web
4631,2025-01-17,272,6,app
4632,2026-05-04,406,3,web
4633,2026-05-15,126,5,web
4634,2025-10-04,240,3,delivery
4635,2026-03-03,204,2,dine-in
4636,2025-03-31,280,1,web
4637,2026-06-19,490,8,phone
4638,2025-01-20,387,4,phone
4639,2026-03-04,410,2,delivery
4640,2025-08-29,445,2,phone
4641,2025-07-15,138,8,web
4642,2025-07-28,253,8,phone
4643,2025-04-04,398,3,delivery
4644,2025-08-09,50,9,app
4645,2025-09-04,297,2,app
4646,2025-09-06,417,7,delivery
4647,2025-07-01,41,3,web
4648,2025-05-06,282,10,web
4649,2025-01-19,460,4,dine-in
4650,2025-01-15,4,1,dine-in
4651,2025-12-17,432,4,delivery
4652,2026-06-07,466,8,dine-in
4653,2025-11-08,223,10,dine-in
4654,2025-03-01,460,9,web
4655,2025-05-25,273,3,dine-in
4656,2026-06-17,5,9,delivery
4657,2025-07-29,86,2,web
4658,2025-08-08,92,5,dine-in
4659,2025-07-11,365,8,web
4660,2025-06-17,46,4,dine-in
4661,2025-12-21,372,5,delivery
4662,2025-01-28,52,2,web
4663,2026-02-26,378,3,phone
4664,2025-04-09,171,4,phone
4665,2025-06-24,88,1,phone
4666,2025-01-24,145,1,app
4667,2025-03-18,32,6,dine-in
4668,2025-10-26,212,8,web
4669,2026-06-01,129,7,web
4670,2026-04-06,202,5,app
4671,2025-08-26,165,6,dine-in
4672,2026-03-29,86,8,phone
4673,2025-08-30,67,1,app
4674,2025-03-06,424,4,app
4675,2026-01-28,274,1,dine-in
4676,2025-07-03,156,1,web
4677,2025-10-07,439,8,dine-in
4678,2026-02-07,140,9,app
4679,2025-04-02,84,5,dine-in
4680,2025-03-24,482,4,phone
4681,2025-05-08,52,5,app
4682,2025-12-13,67,5,phone
4683,2026-04-06,217,5,app
4684,2026-04-23,389,1,delivery
4685,2025-09-15,361,6,delivery
4686,2025-05-20,166,4,delivery
4687,2025-07-06,273,5,phone
4688,2025-06-25,318,10,delivery
4689,2026-04-29,457,1,delivery
4690,2026-03-10,101,10,phone
4691,2025-05-19,347,8,delivery
4692,2025-12-22,68,4,phone
4693,2026-03-03,339,8,web
4694,2025-12-08,499,4,delivery
4695,2025-04-17,211,7,delivery
4696,2025-05-17,48,6,web
4697,2026-03-02,109,7,delivery
4698,2025-09-30,187,6,dine-in
4699,2025-03-28,40,2,web
4700,2026-05-05,329,5,delivery
4701,2026-06-29,368,5,delivery
4702,2025-03-18,83,10,dine-in
4703,2025-10-07,386,8,phone
4704,2025-10-23,92,10,phone
4705,2026-06-25,452,8,app
4706,2025-01-03,32,8,app
4707,2025-03-19,409,9,delivery
4708,2025-02-19,174,8,phone
4709,2025-03-20,14,9,dine-in
4710,2026-05-05,274,7,delivery
4711,2026-03-02,7,7,web
4712,2025-09-06,384,8,app
4713,2025-03-07,266,8,phone
4714,2025-01-10,218,2,app
4715,2025-11-23,2,3,delivery
4716,2025-01-02,466,5,dine-in
4717,2026-03-02,405,9,delivery
4718,2026-02-05,455,2,app
4719,2026-01-25,317,10,web
4720,2025-10-20,44,5,app
4721,2026-05-03,115,8,delivery
4722,2025-03-11,368,6,phone
4723,2025-10-07,234,6,web
4724,2025-01-30,175,6,web
4725,2026-02-04,228,7,dine-in
4726,2025-10-07,374,9,dine-in
4727,2025-08-31,175,7,dine-in
4728,2026-02-24,317,7,web
4729,2026-03-06,109,6,app
4730,2025-03-31,30,2,phone
4731,2025-11-15,430,5,dine-in
4732,2025-10-12,177,10,app
4733,2025-08-28,165,7,app
4734,2025-09-08,241,8,phone
4735,2026-01-07,397,6,web
4736,2025-12-28,373,3,app
4737,2025-12-05,481,9,app
4738,2025-11-29,396,3,delivery
4739,2026-03-15,168,3,delivery
4740,2025-05-26,31,4,phone
4741,2025-09-26,389,2,app
4742,2025-05-27,213,10,app
4743,2025-07-26,346,10,web
4744,2025-11-16,67,7,delivery
4745,2026-06-08,182,3,dine-in
4746,2026-06-24,307,8,phone
4747,2025-07-13,338,4,phone
4748,2025-03-09,247,2,web
4749,2025-08-25,32,9,app
4750,2026-03-06,335,7,dine-in
4751,2025-07-23,45,4,web
4752,2025-03-10,17,10,delivery
4753,2026-04-11,123,7,app
4754,2025-08-02,129,9,dine-in
4755,2025-04-24,56,1,delivery
4756,2025-05-19,99,4,delivery
4757,2025-03-13,160,9,app
4758,2025-09-14,9,7,delivery
4759,2025-05-07,383,5,app
4760,2025-09-19,339,3,web
4761,2025-12-02,423,8,delivery
4762,2026-01-05,260,10,delivery
4763,2026-06-28,393,9,phone
4764,2025-11-04,426,10,app
4765,2025-12-08,320,10,dine-in
4766,2025-09-15,393,6,delivery
4767,2025-09-22,38,6,delivery
4768,2026-05-23,276,6,app
4769,2026-04-27,391,8,phone
4770,2026-04-08,481,1,phone
4771,2025-12-18,463,1,delivery
4772,2025-11-14,342,2,web
4773,2026-03-10,22,4,dine-in
4774,2025-05-11,411,2,web
4775,2025-10-23,332,3,phone
4776,2026-02-14,251,9,app
4777,2025-02-23,217,7,phone
4778,2026-04-25,57,6,app
4779,2025-02-14,290,4,web
4780,2025-01-15,175,10,app
4781,2025-08-13,107,10,app
4782,2026-06-08,77,6,web
4783,2026-04-07,433,5,phone
4784,2026-02-23,379,4,dine-in
4785,2025-09-24,363,4,web
4786,2025-03-22,217,5,delivery
4787,2025-10-16,208,10,dine-in
4788,2025-07-28,499,2,phone
4789,2026-03-12,125,8,dine-in
4790,2025-06-03,89,4,dine-in
4791,2026-05-18,233,6,web
4792,2025-01-02,410,5,dine-in
4793,2025-06-13,241,4,dine-in
4794,2025-06-28,364,8,app
4795,2025-12-16,430,7,dine-in
4796,2025-06-04,7,4,phone
4797,2025-12-04,259,7,delivery
4798,2025-07-24,471,2,dine-in
4799,2026-05-30,391,2,web
4800,2026-02-07,118,7,phone
4801,2025-06-12,213,6,phone
4802,2025-02-20,368,3,phone
4803,2025-07-22,342,2,delivery
4804,2025-05-10,433,8,app
4805,2025-09-13,28,6,web
4806,2025-12-04,78,5,phone
4807,2025-06-13,410,10,phone
4808,2025-01-05,465,2,app
4809,2026-04-24,227,8,web
4810,2026-02-23,439,6,web
4811,2026-02-01,56,10,app
4812,2025-11-09,288,5,phone
4813,2025-11-24,235,8,web
4814,2025-12-18,321,6,dine-in
4815,2025-04-03,358,6,phone
4816,2025-05-26,485,4,phone
4817,2025-04-30,297,5,dine-in
4818,2026-01-28,55,9,app
4819,2026-05-20,274,1,web
4820,2025-08-17,475,4,phone
4821,2025-01-12,389,10,phone
4822,2026-03-31,115,5,app
4823,2026-05-10,1,8,dine-in
4824,2025-11-30,252,5,delivery
4825,2025-07-26,308,4,dine-in
4826,2026-03-12,458,9,phone
4827,2026-03-16,274,2,dine-in
4828,2025-06-30,217,7,delivery
4829,2025-02-03,289,6,phone
4830,2025-04-03,400,5,web
4831,2026-04-24,394,1,dine-in
4832,2025-02-26,495,1,web
4833,2026-02-06,226,4,app
4834,2025-02-03,284,10,app
4835,2026-06-28,163,10,web
4836,2025-10-28,65,9,app
4837,2025-03-30,495,10,dine-in
4838,2025-01-15,296,5,delivery
4839,2025-02-07,374,4,delivery
4840,2026-03-05,240,7,web
4841,2025-06-19,431,9,phone
4842,2025-01-18,332,4,phone
4843,2025-07-19,11,9,dine-in
4844,2025-07-29,325,10,web
4845,2026-01-27,125,9,delivery
4846,2025-12-23,478,5,phone
4847,2025-05-01,114,4,dine-in
4848,2026-06-06,213,1,app
4849,2025-05-19,391,1,delivery
4850,2026-06-28,497,8,app
4851,2025-01-14,108,7,dine-in
4852,2025-06-23,137,10,web
4853,2025-03-07,97,7,app
4854,2025-11-20,118,8,app
4855,2025-11-01,348,9,phone
4856,2026-03-06,336,10,phone
4857,2026-06-18,188,2,dine-in
4858,2026-03-20,244,4,delivery
4859,2026-03-07,254,1,app
4860,2026-06-29,5,10,phone
4861,2025-08-17,133,7,app
4862,2025-11-24,261,7,dine-in
4863,2025-12-19,193,4,delivery
4864,2025-09-08,154,10,app
4865,2025-12-14,40,6,app
4866,2025-01-08,422,4,delivery
4867,2026-01-22,57,9,web
4868,2026-01-22,297,8,app
4869,2025-01-26,108,9,app
4870,2025-07-09,212,9,dine-in
4871,2025-06-08,92,10,app
4872,2025-06-29,478,4,delivery
4873,2025-07-09,179,4,phone
4874,2025-12-16,189,5,dine-in
4875,2025-09-02,44,5,dine-in
4876,2025-12-22,206,4,dine-in
4877,2026-03-18,244,4,app
4878,2026-01-25,185,8,dine-in
4879,2025-07-19,76,6,dine-in
4880,2025-08-04,153,8,web
4881,2026-06-21,422,9,delivery
4882,2026-03-26,91,9,phone
4883,2025-08-03,40,7,delivery
4884,2025-02-12,53,8,delivery
4885,2025-11-16,312,1,phone
4886,2025-04-03,222,4,app
4887,2025-04-08,32,2,web
4888,2026-01-07,429,6,app
4889,2025-12-06,233,10,web
4890,2025-04-17,325,1,phone
4891,2026-03-01,383,1,dine-in
4892,2025-10-31,215,10,dine-in
4893,2025-12-10,103,9,phone
4894,2026-01-24,457,3,app
4895,2025-10-22,164,8,delivery
4896,2025-02-27,448,3,app
4897,2025-07-19,178,5,app
4898,2025-03-11,329,1,web
4899,2025-06-22,125,1,app
4900,2026-03-21,228,2,app
4901,2026-05-27,392,2,app
4902,2025-06-19,150,10,delivery
4903,2025-03-15,183,3,dine-in
4904,2025-01-04,62,3,web
4905,2025-08-22,365,3,app
4906,2025-10-30,123,1,delivery
4907,2026-05-14,129,10,web
4908,2026-06-02,492,5,app
4909,2025-08-26,247,7,app
4910,2025-12-31,378,9,dine-in
4911,2025-09-18,421,2,app
4912,2025-11-23,416,1,app
4913,2026-06-08,438,8,dine-in
4914,2025-05-09,467,4,web
4915,2025-09-21,241,10,delivery
4916,2026-04-28,64,8,app
4917,2025-09-20,183,7,phone
4918,2025-08-02,246,5,app
4919,2025-03-01,393,5,web
4920,2025-01-02,99,7,phone
4921,2025-05-16,405,9,phone
4922,2025-04-30,206,1,delivery
4923,2026-03-17,215,9,app
4924,2025-04-12,219,4,web
4925,2025-03-10,128,6,delivery
4926,2025-08-14,6,4,phone
4927,2026-02-11,22,9,phone
4928,2025-08-31,149,1,dine-in
4929,2026-05-16,428,5,web
4930,2026-04-06,439,8,dine-in
4931,2026-04-15,274,2,phone
4932,2026-04-07,120,10,web
4933,2025-07-25,396,5,dine-in
4934,2025-04-09,473,1,phone
4935,2026-05-24,495,6,web
4936,2025-06-15,413,2,phone
4937,2025-04-14,199,6,phone
4938,2025-09-28,276,6,web
4939,2025-03-10,284,3,phone
4940,2026-06-06,188,3,app
4941,2025-01-27,327,9,app
4942,2025-12-23,347,9,app
4943,2025-10-12,110,8,web
4944,2026-02-18,498,8,dine-in
4945,2025-04-08,139,5,dine-in
4946,2025-10-06,19,8,app
4947,2025-02-11,228,10,web
4948,2025-06-15,91,9,phone
4949,2025-10-01,133,10,web
4950,2026-05-07,354,4,web
4951,2025-09-07,489,8,dine-in
4952,2025-11-27,97,10,delivery
4953,2026-05-23,236,2,phone
4954,2025-04-20,244,5,delivery
4955,2025-06-11,180,7,dine-in
4956,2025-07-25,461,2,web
4957,2026-03-25,57,3,web
4958,2025-10-30,92,8,delivery
4959,2025-08-04,263,9,dine-in
4960,2026-03-25,18,3,app
4961,2025-03-10,164,9,app
4962,2026-01-29,414,8,phone
4963,2026-03-23,318,1,web
4964,2025-12-26,17,3,web
4965,2025-01-31,360,10,web
4966,2025-02-26,418,7,web
4967,2025-07-03,143,3,dine-in
4968,2026-03-21,468,2,web
4969,2025-03-11,123,9,dine-in
4970,2026-03-31,439,9,phone
4971,2025-05-03,16,8,dine-in
4972,2026-01-18,19,9,web
4973,2026-03-21,336,3,app
4974,2025-02-05,197,3,app
4975,2026-04-03,356,6,dine-in
4976,2025-12-09,112,2,delivery
4977,2025-01-21,343,2,phone
4978,2026-02-11,142,7,dine-in
4979,2025-09-12,78,3,delivery
4980,2025-04-08,2,2,app
4981,2026-03-30,38,10,phone
4982,2026-04-04,394,5,phone
4983,2026-02-16,264,2,web
4984,2025-01-19,166,9,phone
4985,2026-06-05,22,9,dine-in
4986,2025-12-15,18,9,dine-in
4987,2025-08-15,175,9,web
4988,2025-04-19,399,4,dine-in
4989,2026-03-01,292,5,web
4990,2025-03-18,83,5,web
4991,2025-12-22,290,9,delivery
4992,2025-09-27,300,6,phone
4993,2026-02-03,3,10,delivery
4994,2025-03-22,371,5,web
4995,2026-03-06,201,6,web
4996,2025-10-20,295,10,app
4997,2026-05-29,292,7,app
4998,2025-12-27,21,9,web
4999,2025-11-27,98,3,delivery
5000,2026-05-16,198,5,dine-in
